{
    "train_mae": 0.0029214774061620055,
    "train_rmse": 0.004243012596130812,
    "test_mae": 0.0030123440305894057,
    "test_rmse": 0.004457983241366309,
    "per_parameter_mae_train": {
        "s": 0.005786440905864525,
        "t0": 0.000575885006898383,
        "x0": 0.0024021063057231076
    },
    "per_parameter_mae_test": {
        "s": 0.006597564451938615,
        "t0": 0.00043175185374404125,
        "x0": 0.002007715786085562
    },
    "per_parameter_rmse_train": {
        "s": 0.006765518248873228,
        "t0": 0.0006373608109422532,
        "x0": 0.002798392698248865
    },
    "per_parameter_rmse_test": {
        "s": 0.007326917326807532,
        "t0": 0.0005121145359251407,
        "x0": 0.0023821975000260518
    },
    "train_data_loss": 1.0112740993499756,
    "train_physics_loss": 0.004484758712351322,
    "train_total_loss": 1.0112740993499756,
    "train_actual_physics_residual": 2.6961671784064833e-10,
    "test_data_loss": 0.8560811877250671,
    "test_physics_loss": 0.005259922705590725,
    "test_total_loss": 0.8560811877250671,
    "test_actual_physics_residual": 3.0572303022502467e-10,
    "training_time_seconds": 20.268176362000304,
    "evaluation_time_seconds": 0.29933074200016563,
    "parameter_names": [
        "s",
        "t0",
        "x0"
    ],
    "timestamp": "2026-05-24T14:19:50.155818"
}