{
  "observation_mode": "event_traces",
  "time_axis_size": 128,
  "records": [
    {
      "fraction": 0.25,
      "kept_steps": 32,
      "active_test_mae": 0.006603680805487105,
      "test_mae": 0.0022012274318677395
    },
    {
      "fraction": 0.5,
      "kept_steps": 64,
      "active_test_mae": 0.0065866843117807685,
      "test_mae": 0.0021955619339656274
    },
    {
      "fraction": 0.75,
      "kept_steps": 96,
      "active_test_mae": 0.006586597197299943,
      "test_mae": 0.0021955328958053522
    },
    {
      "fraction": 1.0,
      "kept_steps": 128,
      "active_test_mae": 0.006586597197299943,
      "test_mae": 0.0021955328958053522
    }
  ]
}