{
    "train_mae": 0.0026363956237777054,
    "train_rmse": 0.003869051429932088,
    "test_mae": 0.002716663820022032,
    "test_rmse": 0.0039056534876855888,
    "per_parameter_mae_train": {
        "s": 0.0052415621787922535,
        "t0": 0.0004978476694866011,
        "x0": 0.002169777023054261
    },
    "per_parameter_mae_test": {
        "s": 0.005497851069458377,
        "t0": 0.0007392520783813356,
        "x0": 0.001912888312226383
    },
    "per_parameter_rmse_train": {
        "s": 0.0061398545806996795,
        "t0": 0.0005735738061975524,
        "x0": 0.002623332940951992
    },
    "per_parameter_rmse_test": {
        "s": 0.006337772982329695,
        "t0": 0.0007598378966987508,
        "x0": 0.002240015065307372
    },
    "train_data_loss": 0.9342477917671204,
    "train_physics_loss": 0.0036936269607394934,
    "train_total_loss": 0.9342477917671204,
    "train_actual_physics_residual": 2.6906588068698056e-10,
    "test_data_loss": 1.107696533203125,
    "test_physics_loss": 0.0039356001652777195,
    "test_total_loss": 1.107696533203125,
    "test_actual_physics_residual": 2.949215871517197e-10,
    "training_time_seconds": 2.3491507090002415,
    "evaluation_time_seconds": 0.04686394799864502,
    "parameter_names": [
        "s",
        "t0",
        "x0"
    ],
    "timestamp": "2026-05-26T09:16:22.548909"
}