{
    "train_mae": 0.002069692814740166,
    "train_rmse": 0.003038099537813793,
    "test_mae": 0.0023910520117667497,
    "test_rmse": 0.003315616796667619,
    "per_parameter_mae_train": {
        "s": 0.003618112948294416,
        "t0": 0.0005027287956430797,
        "x0": 0.002088236700283002
    },
    "per_parameter_mae_test": {
        "s": 0.004284801018204729,
        "t0": 0.0007389580670085494,
        "x0": 0.0021493969500869705
    },
    "per_parameter_rmse_train": {
        "s": 0.00457689681633042,
        "t0": 0.0005741883365144128,
        "x0": 0.002532285468083805
    },
    "per_parameter_rmse_test": {
        "s": 0.005099320317903439,
        "t0": 0.0007585313928827276,
        "x0": 0.002530119888159825
    },
    "train_data_loss": 0.7741501331329346,
    "train_physics_loss": 0.0020524829160422087,
    "train_total_loss": 0.7741501331329346,
    "train_actual_physics_residual": 2.6906588068698056e-10,
    "test_data_loss": 1.0492866039276123,
    "test_physics_loss": 0.0025477793533354998,
    "test_total_loss": 1.0492866039276123,
    "test_actual_physics_residual": 2.949215871517197e-10,
    "training_time_seconds": 3.9744828979999056,
    "evaluation_time_seconds": 0.05603188500003853,
    "parameter_names": [
        "s",
        "t0",
        "x0"
    ],
    "timestamp": "2026-05-26T13:19:00.271487"
}