{
    "train_mae": 0.0010786565899300379,
    "train_rmse": 0.0024675159646702556,
    "test_mae": 0.0010869792094959,
    "test_rmse": 0.0025408567982326802,
    "per_parameter_mae_train": {
        "a": 0.0004499295063377641,
        "d": 0.0052545165479596125,
        "epsilon": 9.499490256914545e-11,
        "k": 0.0,
        "mu1": 0.0007674814693589815,
        "mu2": 1.1920928966180355e-08
    },
    "per_parameter_mae_test": {
        "a": 0.0005184785811361462,
        "d": 0.005117607278234372,
        "epsilon": 9.499490256914545e-11,
        "k": 0.0,
        "mu1": 0.0008857773816810127,
        "mu2": 1.1920928966180355e-08
    },
    "per_parameter_rmse_train": {
        "a": 0.0005552593477958714,
        "d": 0.005943490619711746,
        "epsilon": 9.499490256914543e-11,
        "k": 0.0,
        "mu1": 0.0009478483662259265,
        "mu2": 1.1920928966180357e-08
    },
    "per_parameter_rmse_test": {
        "a": 0.0006007175904550754,
        "d": 0.00610907131854967,
        "epsilon": 9.499490256914543e-11,
        "k": 0.0,
        "mu1": 0.0010266964575768704,
        "mu2": 1.1920928966180355e-08
    },
    "train_data_loss": 0.662240743637085,
    "train_physics_loss": 0.0009684818796813488,
    "train_total_loss": 0.662240743637085,
    "train_actual_physics_residual": 0.0009683195385150611,
    "test_data_loss": 0.7377001047134399,
    "test_physics_loss": 0.00096750573720783,
    "test_total_loss": 0.7377001047134399,
    "test_actual_physics_residual": 0.0009672476444393396,
    "training_time_seconds": 133.814501836001,
    "evaluation_time_seconds": 0.4847735619987361,
    "parameter_names": [
        "a",
        "d",
        "epsilon",
        "k",
        "mu1",
        "mu2"
    ],
    "timestamp": "2026-05-10T21:40:46.678442"
}