{
    "train_mae": 0.002806489317635943,
    "train_rmse": 0.003971331826185871,
    "test_mae": 0.0025252685398387555,
    "test_rmse": 0.004028310689547415,
    "per_parameter_mae_train": {
        "s": 0.005377751833896598,
        "t0": 0.00042857223534023716,
        "x0": 0.002613143883670994
    },
    "per_parameter_mae_test": {
        "s": 0.005331418850131601,
        "t0": 0.0005478831277122921,
        "x0": 0.001696503641672374
    },
    "per_parameter_rmse_train": {
        "s": 0.006156862695308203,
        "t0": 0.0005190080738025568,
        "x0": 0.003022929339478579
    },
    "per_parameter_rmse_test": {
        "s": 0.006675168624934397,
        "t0": 0.000569315145486247,
        "x0": 0.0019493242748135342
    },
    "train_data_loss": 0.9991093277931213,
    "train_physics_loss": 0.0037141137290745974,
    "train_total_loss": 0.9991093277931213,
    "train_actual_physics_residual": 2.364869966520189e-10,
    "test_data_loss": 0.9295827746391296,
    "test_physics_loss": 0.0043657743372023106,
    "test_total_loss": 0.9295827746391296,
    "test_actual_physics_residual": 3.2109151448800333e-10,
    "training_time_seconds": 0.5415298449997863,
    "evaluation_time_seconds": 0.09737532400049531,
    "parameter_names": [
        "s",
        "t0",
        "x0"
    ],
    "timestamp": "2026-05-26T19:18:05.165833"
}