{
    "train_mae": 0.019831753386144253,
    "train_rmse": 0.025585139979490443,
    "test_mae": 0.040292865435189576,
    "test_rmse": 0.056001267549668846,
    "per_parameter_mae_train": {
        "beta": 0.011982863705405128,
        "rho": 0.0211163886445829,
        "sigma": 0.02639600780844473
    },
    "per_parameter_mae_test": {
        "beta": 0.025015179957546277,
        "rho": 0.04811050714161832,
        "sigma": 0.04775290920640413
    },
    "per_parameter_rmse_train": {
        "beta": 0.014148643198654809,
        "rho": 0.026491481107909297,
        "sigma": 0.03258551039429649
    },
    "per_parameter_rmse_test": {
        "beta": 0.03592805166361739,
        "rho": 0.061531420307809226,
        "sigma": 0.0658140206952055
    },
    "train_data_loss": 0.0027198772877454758,
    "train_physics_loss": 0.9984968900680542,
    "train_total_loss": 1.0012167692184448,
    "train_actual_physics_residual": 531.7997436523438,
    "test_data_loss": 0.014008886180818081,
    "test_physics_loss": 0.8646488785743713,
    "test_total_loss": 0.8786577582359314,
    "test_actual_physics_residual": 461.60357666015625,
    "training_time_seconds": 21.975894860999688,
    "evaluation_time_seconds": 0.24049240100021052,
    "parameter_names": [
        "beta",
        "rho",
        "sigma"
    ],
    "timestamp": "2026-05-11T20:49:03.179332"
}