{
    "train_mae": 0.002762965050986307,
    "train_rmse": 0.004028860390162488,
    "test_mae": 0.002721297407991126,
    "test_rmse": 0.003935750512588629,
    "per_parameter_mae_train": {
        "s": 0.005437626938319992,
        "t0": 0.0005084226775274323,
        "x0": 0.0023428455371114956
    },
    "per_parameter_mae_test": {
        "s": 0.0054362015268699234,
        "t0": 0.0007483228736972983,
        "x0": 0.0019793678234061563
    },
    "per_parameter_rmse_train": {
        "s": 0.006358207778673818,
        "t0": 0.000605097520218595,
        "x0": 0.002811085015522968
    },
    "per_parameter_rmse_test": {
        "s": 0.006374395848927082,
        "t0": 0.0007754515237922278,
        "x0": 0.002288263268825173
    },
    "train_data_loss": 1.0378412008285522,
    "train_physics_loss": 0.00396101176738739,
    "train_total_loss": 1.0378412008285522,
    "train_actual_physics_residual": 2.6906588068698056e-10,
    "test_data_loss": 1.1440989971160889,
    "test_physics_loss": 0.003981214947998524,
    "test_total_loss": 1.1440989971160889,
    "test_actual_physics_residual": 2.949215871517197e-10,
    "training_time_seconds": 0.986107617000016,
    "evaluation_time_seconds": 0.08336702099995819,
    "parameter_names": [
        "s",
        "t0",
        "x0"
    ],
    "timestamp": "2026-05-26T19:07:21.717745"
}