{
    "train_mae": 0.0027034785297657283,
    "train_rmse": 0.0039526094685923534,
    "test_mae": 0.0027956975466573255,
    "test_rmse": 0.004525450820683602,
    "per_parameter_mae_train": {
        "s": 0.005055727343400376,
        "t0": 0.0004356931183324414,
        "x0": 0.002619015127564368
    },
    "per_parameter_mae_test": {
        "s": 0.0062762883944782145,
        "t0": 0.0005505738516764383,
        "x0": 0.0015602303938173237
    },
    "per_parameter_rmse_train": {
        "s": 0.006133179052628663,
        "t0": 0.0005228572318035536,
        "x0": 0.0029966814740918805
    },
    "per_parameter_rmse_test": {
        "s": 0.007597911309112549,
        "t0": 0.0005709997510550687,
        "x0": 0.0018397876003583525
    },
    "train_data_loss": 0.9956435561180115,
    "train_physics_loss": 0.003685598261654377,
    "train_total_loss": 0.9956435561180115,
    "train_actual_physics_residual": 2.364869966520189e-10,
    "test_data_loss": 1.0334850549697876,
    "test_physics_loss": 0.0056562041863799095,
    "test_total_loss": 1.0334850549697876,
    "test_actual_physics_residual": 3.2109151448800333e-10,
    "training_time_seconds": 0.9679734349999762,
    "evaluation_time_seconds": 0.028731557000128305,
    "parameter_names": [
        "s",
        "t0",
        "x0"
    ],
    "timestamp": "2026-05-26T13:15:59.324231"
}