{
    "train_mae": 0.0021963821916184314,
    "train_rmse": 0.00269244216545156,
    "test_mae": 0.002160407891859716,
    "test_rmse": 0.002614450521090555,
    "per_parameter_mae_train": {
        "D": 0.003110416368146298,
        "k_f": 0.0012823480150905644
    },
    "per_parameter_mae_test": {
        "D": 0.0030969953819073516,
        "k_f": 0.0012238204018120802
    },
    "per_parameter_rmse_train": {
        "D": 0.0032219794463971964,
        "k_f": 0.002029122489057029
    },
    "per_parameter_rmse_test": {
        "D": 0.0032186843474090445,
        "k_f": 0.0018195532765504197
    },
    "train_data_loss": 7.2492398430767935e-06,
    "train_physics_loss": 1.6777974451542832e-05,
    "train_total_loss": 2.4027214749366976e-05,
    "train_actual_physics_residual": 3.228059358661994e-05,
    "test_data_loss": 6.835338808741653e-06,
    "test_physics_loss": 1.750423871271778e-05,
    "test_total_loss": 2.433957706671208e-05,
    "test_actual_physics_residual": 3.264315819251351e-05,
    "training_time_seconds": 1292.6519643669017,
    "evaluation_time_seconds": 0.8146673759911209,
    "parameter_names": [
        "D",
        "k_f"
    ],
    "timestamp": "2026-03-16T17:52:38.346062"
}