{
    "train_mae": 0.0020055482435259995,
    "train_rmse": 0.0032369581228783645,
    "test_mae": 0.001860309315133463,
    "test_rmse": 0.0032617934633103304,
    "per_parameter_mae_train": {
        "s": 0.004638957146965388,
        "t0": 0.0005071525583513223,
        "x0": 0.0008705350252612889
    },
    "per_parameter_mae_test": {
        "s": 0.0035846313969049794,
        "t0": 0.0007438324660836907,
        "x0": 0.0012524640824117185
    },
    "per_parameter_rmse_train": {
        "s": 0.005480184180682841,
        "t0": 0.0005747529440944084,
        "x0": 0.0010348594430419204
    },
    "per_parameter_rmse_test": {
        "s": 0.005381544349431262,
        "t0": 0.0007616265908088466,
        "x0": 0.0015416858120769444
    },
    "train_data_loss": 0.6123481392860413,
    "train_physics_loss": 0.0029425693210214376,
    "train_total_loss": 0.6123481392860413,
    "train_actual_physics_residual": 2.6906588068698056e-10,
    "test_data_loss": 0.8989311456680298,
    "test_physics_loss": 0.0028375994879752398,
    "test_total_loss": 0.8989311456680298,
    "test_actual_physics_residual": 2.949215871517197e-10,
    "training_time_seconds": 1.6472190840031544,
    "evaluation_time_seconds": 0.06266442600099253,
    "parameter_names": [
        "s",
        "t0",
        "x0"
    ],
    "timestamp": "2026-05-26T10:17:28.195041"
}