{
  "train_observed_forward_residual": {
    "mean": 0.0016896444721822355,
    "median": 0.0018368959019800135,
    "max": 0.0032647403737232,
    "mse": 3.7083413598566577e-06
  },
  "test_observed_forward_residual": {
    "mean": 0.0017002993417499456,
    "median": 0.0019190672725276896,
    "max": 0.0026876417400724826,
    "mse": 3.901719031851489e-06
  },
  "train_clean_forward_residual": {
    "mean": 0.0016760943127254306,
    "median": 0.0018194392595886019,
    "max": 0.003262099344039895,
    "mse": 3.693753280350881e-06
  },
  "test_clean_forward_residual": {
    "mean": 0.0016725895162570867,
    "median": 0.0018948366768939862,
    "max": 0.002680694961261193,
    "mse": 3.8637098900363225e-06
  },
  "train_observation_noise_floor": {
    "mean": 0.0001415212896894404,
    "median": 0.000141067597113979,
    "max": 0.00015459872119666696,
    "mse": 2.0063566377948375e-08
  },
  "test_observation_noise_floor": {
    "mean": 0.00014601357929882954,
    "median": 0.00014542143921412385,
    "max": 0.00016499438430060733,
    "mse": 2.139673423863915e-08
  }
}
