{
    "train_mae": 0.0009002159137420365,
    "train_rmse": 0.0013100072391568065,
    "test_mae": 0.0007984906893538299,
    "test_rmse": 0.0012840602021704857,
    "per_parameter_mae_train": {
        "s": 0.0017771505892157271,
        "t0": 0.0005279940544364843,
        "x0": 0.00039550309757389743
    },
    "per_parameter_mae_test": {
        "s": 0.0015571513939633536,
        "t0": 0.0004512476592440517,
        "x0": 0.00038707301485408436
    },
    "per_parameter_rmse_train": {
        "s": 0.002135143252029579,
        "t0": 0.0006005257713240685,
        "x0": 0.00047842344342423435
    },
    "per_parameter_rmse_test": {
        "s": 0.0020955030159715304,
        "t0": 0.0005535863787107385,
        "x0": 0.0004988396934431712
    },
    "train_data_loss": 0.3471432626247406,
    "train_physics_loss": 0.0004466759564820677,
    "train_total_loss": 0.3471432626247406,
    "train_actual_physics_residual": 2.6961671784064833e-10,
    "test_data_loss": 0.3010997772216797,
    "test_physics_loss": 0.0004302443121559918,
    "test_total_loss": 0.3010997772216797,
    "test_actual_physics_residual": 3.0572303022502467e-10,
    "training_time_seconds": 13.129690248999395,
    "evaluation_time_seconds": 0.035367415999644436,
    "parameter_names": [
        "s",
        "t0",
        "x0"
    ],
    "timestamp": "2026-05-24T02:43:05.595224"
}