{
  "train": {
    "event_abs_mean": 0.014843749813735485,
    "event_active_fraction_gt_1e_6": 0.014843749813735485,
    "spike_mean": 0.11172287166118622,
    "spike_active_fraction_gt_0p5": 0.010484375059604645,
    "spike_count_per_sample_mean": 26.84000015258789,
    "first_spike_flat_index_mean": 18.479999542236328,
    "mem_abs_mean": 0.9808883666992188
  },
  "test": {
    "event_abs_mean": 0.0153459832072258,
    "event_active_fraction_gt_1e_6": 0.0153459832072258,
    "spike_mean": 0.11186876893043518,
    "spike_active_fraction_gt_0p5": 0.011439732275903225,
    "spike_count_per_sample_mean": 29.285715103149414,
    "first_spike_flat_index_mean": 18.428571701049805,
    "mem_abs_mean": 0.980439305305481
  }
}