{
    "train_mae": 0.002607516660142436,
    "train_rmse": 0.003689100089204403,
    "test_mae": 0.0027034599436739767,
    "test_rmse": 0.004115454549253373,
    "per_parameter_mae_train": {
        "s": 0.004900259356339829,
        "t0": 0.0003578204572726501,
        "x0": 0.0025644701668148294
    },
    "per_parameter_mae_test": {
        "s": 0.005262720239553336,
        "t0": 0.000596832377865425,
        "x0": 0.00225082721360317
    },
    "per_parameter_rmse_train": {
        "s": 0.005634746956210578,
        "t0": 0.0004251186003151859,
        "x0": 0.0029828307561183343
    },
    "per_parameter_rmse_test": {
        "s": 0.006669654716292075,
        "t0": 0.0006147244965771376,
        "x0": 0.002438999425924845
    },
    "train_data_loss": 0.8275370001792908,
    "train_physics_loss": 0.0031108930706977844,
    "train_total_loss": 0.8275370001792908,
    "train_actual_physics_residual": 2.364869966520189e-10,
    "test_data_loss": 1.0731711387634277,
    "test_physics_loss": 0.004358562175184488,
    "test_total_loss": 1.0731711387634277,
    "test_actual_physics_residual": 3.2109151448800333e-10,
    "training_time_seconds": 0.9255897450002522,
    "evaluation_time_seconds": 0.1192357070003709,
    "parameter_names": [
        "s",
        "t0",
        "x0"
    ],
    "timestamp": "2026-05-26T20:47:53.977399"
}