{
    "train_mae": 0.040768502766670676,
    "train_rmse": 0.10806219035590685,
    "test_mae": 0.04028199309216722,
    "test_rmse": 0.11179156974510256,
    "per_parameter_mae_train": {
        "a": 0.0016124397606033845,
        "d": 0.23390384476190582,
        "epsilon": 1.341104505225843e-09,
        "k": 0.0,
        "mu1": 0.009094730736410348,
        "mu2": 0.0
    },
    "per_parameter_mae_test": {
        "a": 0.0018394101083643163,
        "d": 0.2293385821370633,
        "epsilon": 1.341104505225843e-09,
        "k": 0.0,
        "mu1": 0.01051396496647122,
        "mu2": 0.0
    },
    "per_parameter_rmse_train": {
        "a": 0.001975703892543025,
        "d": 0.26445018808606274,
        "epsilon": 1.341104505225843e-09,
        "k": 0.0,
        "mu1": 0.011261284228387038,
        "mu2": 0.0
    },
    "per_parameter_rmse_test": {
        "a": 0.0021354299375706603,
        "d": 0.2735538749817051,
        "epsilon": 1.3411045052258428e-09,
        "k": 0.0,
        "mu1": 0.012159268806971288,
        "mu2": 0.0
    },
    "train_data_loss": 0.6555354595184326,
    "train_physics_loss": 0.0019432433182373643,
    "train_total_loss": 0.6555354595184326,
    "train_actual_physics_residual": 0.0019254310755059123,
    "test_data_loss": 0.7333013415336609,
    "test_physics_loss": 0.0019628540612757206,
    "test_total_loss": 0.7333013415336609,
    "test_actual_physics_residual": 0.0019396020798012614,
    "training_time_seconds": 68.37911811500089,
    "evaluation_time_seconds": 0.3029452390001097,
    "parameter_names": [
        "a",
        "d",
        "epsilon",
        "k",
        "mu1",
        "mu2"
    ],
    "timestamp": "2026-05-11T00:57:48.662089"
}