{
    "train_mae": 0.0009890628384288357,
    "train_rmse": 0.0016560244533386148,
    "test_mae": 0.0008140752955899333,
    "test_rmse": 0.0014033172002425732,
    "per_parameter_mae_train": {
        "s": 0.0,
        "t0": 0.0005687999141672747,
        "x0": 0.0023983886011192325
    },
    "per_parameter_mae_test": {
        "s": 0.0,
        "t0": 0.0004391548486174475,
        "x0": 0.0020030710381523523
    },
    "per_parameter_rmse_train": {
        "s": 0.0,
        "t0": 0.0006308816111856004,
        "x0": 0.002798077797852346
    },
    "per_parameter_rmse_test": {
        "s": 0.0,
        "t0": 0.0005154502079491676,
        "x0": 0.0023753333611548346
    },
    "train_data_loss": 1.0033044815063477,
    "train_physics_loss": 1.0023867152986199e-10,
    "train_total_loss": 1.0033044815063477,
    "train_actual_physics_residual": 1.0023444574347451e-10,
    "test_data_loss": 0.6963068246841431,
    "test_physics_loss": 9.956984542425218e-11,
    "test_total_loss": 0.6963068246841431,
    "test_actual_physics_residual": 9.955990198928788e-11,
    "training_time_seconds": 26.038323456003127,
    "evaluation_time_seconds": 0.32641004100150894,
    "parameter_names": [
        "s",
        "t0",
        "x0"
    ],
    "timestamp": "2026-05-24T20:45:20.358368"
}