{
  "train": {
    "event_abs_mean": 0.015625,
    "event_active_fraction_gt_1e_6": 0.015625,
    "spike_mean": 0.07289157807826996,
    "spike_active_fraction_gt_0p5": 0.00390625,
    "spike_count_per_sample_mean": 10.0,
    "first_spike_flat_index_mean": 30.15999984741211,
    "mem_abs_mean": 1.0442180633544922
  },
  "test": {
    "event_abs_mean": 0.015625,
    "event_active_fraction_gt_1e_6": 0.015625,
    "spike_mean": 0.0728728398680687,
    "spike_active_fraction_gt_0p5": 0.0037388394121080637,
    "spike_count_per_sample_mean": 9.571429252624512,
    "first_spike_flat_index_mean": 34.71428680419922,
    "mem_abs_mean": 1.0445157289505005
  }
}