{
    "train_mae": 0.002598014824584266,
    "train_rmse": 0.003771193822479365,
    "test_mae": 0.0028806396369175577,
    "test_rmse": 0.004117032977032843,
    "per_parameter_mae_train": {
        "s": 0.005065896767810243,
        "t0": 0.0004918660979961167,
        "x0": 0.0022362816079464394
    },
    "per_parameter_mae_test": {
        "s": 0.005525140826820156,
        "t0": 0.0007548982976348757,
        "x0": 0.0023618797862976406
    },
    "per_parameter_rmse_train": {
        "s": 0.005953311959847183,
        "t0": 0.0005821495023893247,
        "x0": 0.0026239068591944986
    },
    "per_parameter_rmse_test": {
        "s": 0.00652707925061385,
        "t0": 0.0007733446648877348,
        "x0": 0.0027656926957678376
    },
    "train_data_loss": 0.9249663352966309,
    "train_physics_loss": 0.0034725936129689217,
    "train_total_loss": 0.9249663352966309,
    "train_actual_physics_residual": 2.6906588068698056e-10,
    "test_data_loss": 1.2650713920593262,
    "test_physics_loss": 0.004174221772700548,
    "test_total_loss": 1.2650713920593262,
    "test_actual_physics_residual": 2.949215871517197e-10,
    "training_time_seconds": 0.5356028530004551,
    "evaluation_time_seconds": 0.043867145999684,
    "parameter_names": [
        "s",
        "t0",
        "x0"
    ],
    "timestamp": "2026-05-26T09:36:54.159524"
}