{
  "train": {
    "event_abs_mean": 0.015625,
    "event_active_fraction_gt_1e_6": 0.015625,
    "spike_mean": 0.020077543333172798,
    "spike_active_fraction_gt_0p5": 0.001248468179255724,
    "spike_count_per_sample_mean": 3.1960785388946533,
    "first_spike_flat_index_mean": 651.0392456054688,
    "mem_abs_mean": 1.2195647954940796
  },
  "test": {
    "event_abs_mean": 0.015625,
    "event_active_fraction_gt_1e_6": 0.015625,
    "spike_mean": 0.020089834928512573,
    "spike_active_fraction_gt_0p5": 0.0012620192719623446,
    "spike_count_per_sample_mean": 3.230769395828247,
    "first_spike_flat_index_mean": 651.0,
    "mem_abs_mean": 1.2194223403930664
  }
}