{
  "train": {
    "event_abs_mean": 0.015625,
    "event_active_fraction_gt_1e_6": 0.015625,
    "spike_mean": 0.10088396817445755,
    "spike_active_fraction_gt_0p5": 0.010370711795985699,
    "spike_count_per_sample_mean": 26.549020767211914,
    "first_spike_flat_index_mean": 144.41177368164062,
    "mem_abs_mean": 1.5145848989486694
  },
  "test": {
    "event_abs_mean": 0.015625,
    "event_active_fraction_gt_1e_6": 0.015625,
    "spike_mean": 0.10086023062467575,
    "spike_active_fraction_gt_0p5": 0.010486778803169727,
    "spike_count_per_sample_mean": 26.846155166625977,
    "first_spike_flat_index_mean": 148.07693481445312,
    "mem_abs_mean": 1.514837622642517
  }
}