{
    "train_mae": 0.002754670728266487,
    "train_rmse": 0.003930004732634946,
    "test_mae": 0.0025584860664562598,
    "test_rmse": 0.00411909998115633,
    "per_parameter_mae_train": {
        "s": 0.005292226321201286,
        "t0": 0.00043542468332683995,
        "x0": 0.002536361180271336
    },
    "per_parameter_mae_test": {
        "s": 0.00550621372841006,
        "t0": 0.000552032036736122,
        "x0": 0.0016172124342225971
    },
    "per_parameter_rmse_train": {
        "s": 0.006122604430680233,
        "t0": 0.0005231964247808216,
        "x0": 0.0029282745913098
    },
    "per_parameter_rmse_test": {
        "s": 0.006862691515636124,
        "t0": 0.0005728646023103897,
        "x0": 0.0018644691665248697
    },
    "train_data_loss": 0.9800980687141418,
    "train_physics_loss": 0.0036728971172124147,
    "train_total_loss": 0.9800980687141418,
    "train_actual_physics_residual": 2.364869966520189e-10,
    "test_data_loss": 0.9451959133148193,
    "test_physics_loss": 0.004614511039108038,
    "test_total_loss": 0.9451959133148193,
    "test_actual_physics_residual": 3.2109151448800333e-10,
    "training_time_seconds": 1.2858550949968048,
    "evaluation_time_seconds": 0.017128389001300093,
    "parameter_names": [
        "s",
        "t0",
        "x0"
    ],
    "timestamp": "2026-05-26T09:21:50.721743"
}