{
    "train_mae": 0.0021019307348389693,
    "train_rmse": 0.0030981591040622207,
    "test_mae": 0.0029506630877155792,
    "test_rmse": 0.004581253278237562,
    "per_parameter_mae_train": {
        "s": 0.004187662357286903,
        "t0": 0.0003005011828037668,
        "x0": 0.001817628664426238
    },
    "per_parameter_mae_test": {
        "s": 0.005741715892751409,
        "t0": 0.00048218174155734844,
        "x0": 0.0026280916288379808
    },
    "per_parameter_rmse_train": {
        "s": 0.004899137184767979,
        "t0": 0.0003696307547282293,
        "x0": 0.002158146763367495
    },
    "per_parameter_rmse_test": {
        "s": 0.007335641294219913,
        "t0": 0.0005110947361446587,
        "x0": 0.0029817434113800006
    },
    "train_data_loss": 0.49664491415023804,
    "train_physics_loss": 0.0023516803048551083,
    "train_total_loss": 0.49664491415023804,
    "train_actual_physics_residual": 2.0537377354301611e-10,
    "test_data_loss": 1.018270492553711,
    "test_physics_loss": 0.005272426176816225,
    "test_total_loss": 1.018270492553711,
    "test_actual_physics_residual": 2.212605099138898e-10,
    "training_time_seconds": 0.7065479949997098,
    "evaluation_time_seconds": 0.03872361699905014,
    "parameter_names": [
        "s",
        "t0",
        "x0"
    ],
    "timestamp": "2026-05-26T10:04:35.562840"
}