{
    "train_mae": 0.002695178213039775,
    "train_rmse": 0.00394181367045623,
    "test_mae": 0.002789084269403675,
    "test_rmse": 0.004485057153683837,
    "per_parameter_mae_train": {
        "s": 0.005053233485062973,
        "t0": 0.00043039852000699875,
        "x0": 0.0026019026340493535
    },
    "per_parameter_mae_test": {
        "s": 0.006168114479160135,
        "t0": 0.0005441535799392035,
        "x0": 0.0016549847491116876
    },
    "per_parameter_rmse_train": {
        "s": 0.006109562017571915,
        "t0": 0.0005218734382080612,
        "x0": 0.0030024298669115213
    },
    "per_parameter_rmse_test": {
        "s": 0.007506735636608157,
        "t0": 0.000566881485933058,
        "x0": 0.00191697117307881
    },
    "train_data_loss": 0.9930899143218994,
    "train_physics_loss": 0.003657268127426505,
    "train_total_loss": 0.9930899143218994,
    "train_actual_physics_residual": 2.364869966520189e-10,
    "test_data_loss": 1.026168942451477,
    "test_physics_loss": 0.005521269049495459,
    "test_total_loss": 1.026168942451477,
    "test_actual_physics_residual": 3.2109151448800333e-10,
    "training_time_seconds": 2.9841808810006114,
    "evaluation_time_seconds": 0.15777064400026575,
    "parameter_names": [
        "s",
        "t0",
        "x0"
    ],
    "timestamp": "2026-05-26T16:49:25.437925"
}