{
    "train_mae": 0.002748382599711424,
    "train_rmse": 0.0039498117600655705,
    "test_mae": 0.00264646465088205,
    "test_rmse": 0.004293259764542103,
    "per_parameter_mae_train": {
        "s": 0.005186110980014762,
        "t0": 0.0004327964165154691,
        "x0": 0.002626240402604041
    },
    "per_parameter_mae_test": {
        "s": 0.0057936273255169935,
        "t0": 0.0005490071010137709,
        "x0": 0.0015967595261153847
    },
    "per_parameter_rmse_train": {
        "s": 0.006123857743509679,
        "t0": 0.000521469243051548,
        "x0": 0.0030049084820780525
    },
    "per_parameter_rmse_test": {
        "s": 0.007174838308618905,
        "t0": 0.0005699894132637078,
        "x0": 0.0018689691092819752
    },
    "train_data_loss": 0.9946669936180115,
    "train_physics_loss": 0.0036744021344929934,
    "train_total_loss": 0.9946669936180115,
    "train_actual_physics_residual": 2.364869966520189e-10,
    "test_data_loss": 0.9806388020515442,
    "test_physics_loss": 0.00504383584484458,
    "test_total_loss": 0.9806388020515442,
    "test_actual_physics_residual": 3.2109151448800333e-10,
    "training_time_seconds": 0.36878815999989456,
    "evaluation_time_seconds": 0.021986132000165526,
    "parameter_names": [
        "s",
        "t0",
        "x0"
    ],
    "timestamp": "2026-05-26T05:22:06.043619"
}