{
    "train_mae": 0.002820644334980404,
    "train_rmse": 0.004084366987715496,
    "test_mae": 0.0030399614977456016,
    "test_rmse": 0.0045101168868616785,
    "per_parameter_mae_train": {
        "s": 0.005610446809496473,
        "t0": 0.0005471250795372061,
        "x0": 0.0023043611159075327
    },
    "per_parameter_mae_test": {
        "s": 0.00662125959072317,
        "t0": 0.00045392689744468514,
        "x0": 0.00204469800506895
    },
    "per_parameter_rmse_train": {
        "s": 0.006511573533145143,
        "t0": 0.00060860304659939,
        "x0": 0.0026972529590555826
    },
    "per_parameter_rmse_test": {
        "s": 0.007410318589400429,
        "t0": 0.0005252386174330487,
        "x0": 0.0024155259878146807
    },
    "train_data_loss": 0.9326969981193542,
    "train_physics_loss": 0.004154404625296593,
    "train_total_loss": 0.9326969981193542,
    "train_actual_physics_residual": 2.6961671784064833e-10,
    "test_data_loss": 0.8833739757537842,
    "test_physics_loss": 0.005380349233746529,
    "test_total_loss": 0.8833739757537842,
    "test_actual_physics_residual": 3.0572303022502467e-10,
    "training_time_seconds": 8.495372822999343,
    "evaluation_time_seconds": 0.11436468600004446,
    "parameter_names": [
        "s",
        "t0",
        "x0"
    ],
    "timestamp": "2026-05-24T20:23:36.193814"
}