{
    "train_mae": 0.000461319004696382,
    "train_rmse": 0.0007273018683492049,
    "test_mae": 0.0004429176782371674,
    "test_rmse": 0.000677892604315209,
    "per_parameter_mae_train": {
        "s": 0.0,
        "t0": 0.0005344324098949751,
        "x0": 0.0008495246041941709
    },
    "per_parameter_mae_test": {
        "s": 0.0,
        "t0": 0.00041166320907985666,
        "x0": 0.0009170898256316456
    },
    "per_parameter_rmse_train": {
        "s": 0.0,
        "t0": 0.0006056797459501359,
        "x0": 0.0011045614824257233
    },
    "per_parameter_rmse_test": {
        "s": 0.0,
        "t0": 0.0005047947850309246,
        "x0": 0.0010600930968369486
    },
    "train_data_loss": 0.5417720675468445,
    "train_physics_loss": 1.0023444574347451e-10,
    "train_total_loss": 0.5417720675468445,
    "train_actual_physics_residual": 1.0023444574347451e-10,
    "test_data_loss": 0.3939720392227173,
    "test_physics_loss": 9.956321878057395e-11,
    "test_total_loss": 0.3939720392227173,
    "test_actual_physics_residual": 9.955990198928788e-11,
    "training_time_seconds": 22.03389777800112,
    "evaluation_time_seconds": 0.29756625200025155,
    "parameter_names": [
        "s",
        "t0",
        "x0"
    ],
    "timestamp": "2026-05-24T20:46:47.195882"
}