{
    "train_mae": 0.00018020050613190555,
    "train_rmse": 0.0004890547178465151,
    "test_mae": 0.00023278663127974323,
    "test_rmse": 0.000648168653217965,
    "per_parameter_mae_train": {
        "a": 2.3209786481957926e-05,
        "d": 0.0009429719623732557,
        "epsilon": 1.341104512164737e-09,
        "k": 0.0,
        "mu1": 0.00011501994683170751,
        "mu2": 0.0
    },
    "per_parameter_mae_test": {
        "a": 3.084138095962089e-05,
        "d": 0.001209134881982573,
        "epsilon": 1.341104512164737e-09,
        "k": 0.0,
        "mu1": 0.00015674218363175327,
        "mu2": 0.0
    },
    "per_parameter_rmse_train": {
        "a": 2.9337712586456205e-05,
        "d": 0.0011882932646354297,
        "epsilon": 1.3411045121647371e-09,
        "k": 0.0,
        "mu1": 0.00014881370275642003,
        "mu2": 0.0
    },
    "per_parameter_rmse_test": {
        "a": 4.1371099158919886e-05,
        "d": 0.0015748189479374394,
        "epsilon": 1.3411045121647371e-09,
        "k": 0.0,
        "mu1": 0.0001974065132059845,
        "mu2": 0.0
    },
    "train_data_loss": 0.0017358249751850963,
    "train_physics_loss": 0.001584365381859243,
    "train_total_loss": 0.0017358249751850963,
    "train_actual_physics_residual": 0.001583490171469748,
    "test_data_loss": 0.0031995661556720734,
    "test_physics_loss": 0.0015800008550286293,
    "test_total_loss": 0.0031995661556720734,
    "test_actual_physics_residual": 0.001579238916747272,
    "training_time_seconds": 111.59308211799726,
    "evaluation_time_seconds": 0.25191946899940376,
    "parameter_names": [
        "a",
        "d",
        "epsilon",
        "k",
        "mu1",
        "mu2"
    ],
    "timestamp": "2026-05-11T02:18:03.213147"
}