{
    "train_mae": 0.0027538366326427975,
    "train_rmse": 0.003847158729037964,
    "test_mae": 0.0023732880489271808,
    "test_rmse": 0.003808229294656168,
    "per_parameter_mae_train": {
        "s": 0.005254627711276969,
        "t0": 0.00042144611811500363,
        "x0": 0.0025854360685364196
    },
    "per_parameter_mae_test": {
        "s": 0.004780126975654759,
        "t0": 0.000553758442697295,
        "x0": 0.001785978728429489
    },
    "per_parameter_rmse_train": {
        "s": 0.005924470613402777,
        "t0": 0.0004964034084034073,
        "x0": 0.003009339207582191
    },
    "per_parameter_rmse_test": {
        "s": 0.006249454809868738,
        "t0": 0.0005684556020745929,
        "x0": 0.0020319950516452423
    },
    "train_data_loss": 0.943210244178772,
    "train_physics_loss": 0.003439023159444332,
    "train_total_loss": 0.943210244178772,
    "train_actual_physics_residual": 2.364869966520189e-10,
    "test_data_loss": 0.8916568756103516,
    "test_physics_loss": 0.0038266743067651987,
    "test_total_loss": 0.8916568756103516,
    "test_actual_physics_residual": 3.2109151448800333e-10,
    "training_time_seconds": 7.4007859289995395,
    "evaluation_time_seconds": 0.14240690599945083,
    "parameter_names": [
        "s",
        "t0",
        "x0"
    ],
    "timestamp": "2026-05-26T17:21:15.690109"
}