{
    "train_mae": 0.0007569219705052423,
    "train_rmse": 0.0021253674950259655,
    "test_mae": 0.0005910239478149129,
    "test_rmse": 0.0018088851355306608,
    "per_parameter_mae_train": {
        "a": 5.732575755947344e-05,
        "d": 0.004130889964652859,
        "epsilon": 1.341104512164737e-09,
        "k": 0.0,
        "mu1": 0.000353314759714609,
        "mu2": 0.0
    },
    "per_parameter_mae_test": {
        "a": 5.462302483308741e-05,
        "d": 0.0031949238370863565,
        "epsilon": 1.341104512164737e-09,
        "k": 0.0,
        "mu1": 0.0002965954838655213,
        "mu2": 0.0
    },
    "per_parameter_rmse_train": {
        "a": 6.939012692586076e-05,
        "d": 0.005188162070174415,
        "epsilon": 1.3411045121647371e-09,
        "k": 0.0,
        "mu1": 0.0004257713909654013,
        "mu2": 0.0
    },
    "per_parameter_rmse_test": {
        "a": 6.84947352675316e-05,
        "d": 0.004414376468976647,
        "epsilon": 1.3411045121647371e-09,
        "k": 0.0,
        "mu1": 0.0003754749827175693,
        "mu2": 0.0
    },
    "train_data_loss": 0.0035876885522156954,
    "train_physics_loss": 0.0016614056657999754,
    "train_total_loss": 0.0035876885522156954,
    "train_actual_physics_residual": 0.001658676192164421,
    "test_data_loss": 0.002922912361100316,
    "test_physics_loss": 0.0016475343145430088,
    "test_total_loss": 0.002922912361100316,
    "test_actual_physics_residual": 0.0016455514123663306,
    "training_time_seconds": 138.74738129400066,
    "evaluation_time_seconds": 0.3215155539983243,
    "parameter_names": [
        "a",
        "d",
        "epsilon",
        "k",
        "mu1",
        "mu2"
    ],
    "timestamp": "2026-05-11T02:13:05.274503"
}