{
    "train_mae": 0.0010284555552050403,
    "train_rmse": 0.001635879924056194,
    "test_mae": 0.0018014526538350512,
    "test_rmse": 0.0030164792823038915,
    "per_parameter_mae_train": {
        "s": 0.0020646489416323724,
        "t0": 0.00038204621609734985,
        "x0": 0.0006386715078853985
    },
    "per_parameter_mae_test": {
        "s": 0.003831906498144816,
        "t0": 0.0005189423441066484,
        "x0": 0.0010535091192536898
    },
    "per_parameter_rmse_train": {
        "s": 0.0026779192014968717,
        "t0": 0.0004360087574952652,
        "x0": 0.000816672817860425
    },
    "per_parameter_rmse_test": {
        "s": 0.0050080895792839536,
        "t0": 0.0006571150249675246,
        "x0": 0.001335919305772324
    },
    "train_data_loss": 0.24119403958320618,
    "train_physics_loss": 0.0007026399835012853,
    "train_total_loss": 0.24119403958320618,
    "train_actual_physics_residual": 2.6961671784064833e-10,
    "test_data_loss": 0.6237587928771973,
    "test_physics_loss": 0.0024574310518801212,
    "test_total_loss": 0.6237587928771973,
    "test_actual_physics_residual": 3.0572303022502467e-10,
    "training_time_seconds": 40.706568953002716,
    "evaluation_time_seconds": 0.18694314700042014,
    "parameter_names": [
        "s",
        "t0",
        "x0"
    ],
    "timestamp": "2026-05-24T04:35:38.706692"
}