{
    "train_mae": 0.002655815550628201,
    "train_rmse": 0.0039048532380817056,
    "test_mae": 0.002835590082857988,
    "test_rmse": 0.004185838132622012,
    "per_parameter_mae_train": {
        "s": 0.005350594019489032,
        "t0": 0.0004776043247365143,
        "x0": 0.0021392483076590574
    },
    "per_parameter_mae_test": {
        "s": 0.005276030091440424,
        "t0": 0.0007374954607252148,
        "x0": 0.0024932446964083255
    },
    "per_parameter_rmse_train": {
        "s": 0.006265241857218212,
        "t0": 0.0005686786253830551,
        "x0": 0.002483341604464613
    },
    "per_parameter_rmse_test": {
        "s": 0.006605502140849675,
        "t0": 0.0007656480738530745,
        "x0": 0.0028887449025092253
    },
    "train_data_loss": 0.9100316762924194,
    "train_physics_loss": 0.0038460255600512028,
    "train_total_loss": 0.9100316762924194,
    "train_actual_physics_residual": 2.6906588068698056e-10,
    "test_data_loss": 1.293455958366394,
    "test_physics_loss": 0.004275129642337561,
    "test_total_loss": 1.293455958366394,
    "test_actual_physics_residual": 2.949215871517197e-10,
    "training_time_seconds": 12.697939126000165,
    "evaluation_time_seconds": 0.17449079899961362,
    "parameter_names": [
        "s",
        "t0",
        "x0"
    ],
    "timestamp": "2026-05-26T16:52:24.753296"
}