{
    "train_mae": 0.0004648397101655191,
    "train_rmse": 0.0016537340972099552,
    "test_mae": 0.0004762864880433902,
    "test_rmse": 0.0017077109934064978,
    "per_parameter_mae_train": {
        "a": 0.0,
        "b": 0.0,
        "p": 0.0013945191304965572
    },
    "per_parameter_mae_test": {
        "a": 0.0,
        "b": 0.0,
        "p": 0.0014288594641301705
    },
    "per_parameter_rmse_train": {
        "a": 0.0,
        "b": 0.0,
        "p": 0.002864351478576691
    },
    "per_parameter_rmse_test": {
        "a": 0.0,
        "b": 0.0,
        "p": 0.0029578422052239746
    },
    "train_data_loss": 4.960898877470754e-06,
    "train_physics_loss": 5.468055860546883e-06,
    "train_total_loss": 1.0428954738017637e-05,
    "train_actual_physics_residual": 717.4524536132812,
    "test_data_loss": 5.290040462568868e-06,
    "test_physics_loss": 5.739469543186715e-06,
    "test_total_loss": 1.1029509551008232e-05,
    "test_actual_physics_residual": 589.5128173828125,
    "training_time_seconds": 14.066812858000048,
    "evaluation_time_seconds": 0.16870972399192397,
    "parameter_names": [
        "a",
        "b",
        "p"
    ],
    "timestamp": "2026-05-11T19:16:48.602620"
}