{
  "train_polynomial_residual": {
    "mean": 0.00012615370892011765,
    "median": 9.203042632836727e-05,
    "max": 0.0003677307297843439,
    "mse": 2.8197167111915113e-08
  },
  "test_polynomial_residual": {
    "mean": 4.1797592060914164e-05,
    "median": 2.5579845198550562e-05,
    "max": 0.00010422212831850532,
    "mse": 2.737088980021708e-09
  },
  "train_forward_linear_error": {
    "mean": 0.005443948716150168,
    "median": 0.004798356236799153,
    "max": 0.013205410110053026,
    "mse": 4.6906656850778956e-05
  },
  "test_forward_linear_error": {
    "mean": 0.0027646314030065804,
    "median": 0.002010414040720575,
    "max": 0.007390799990038939,
    "mse": 1.2392644217604061e-05
  },
  "train_forward_quadratic_error": {
    "mean": 0.00022400194821282977,
    "median": 0.00019014390628958316,
    "max": 0.0006423957873294776,
    "mse": 8.40038502760611e-08
  },
  "test_forward_quadratic_error": {
    "mean": 0.00011323464238570029,
    "median": 9.096008775691764e-05,
    "max": 0.0002754684578731141,
    "mse": 2.109892519231445e-08
  },
  "train_observed_forward_residual": {
    "mean": 0.00016823492680177784,
    "median": 0.00013261146048481405,
    "max": 0.0006388234878235807,
    "mse": 5.619900726807767e-08
  },
  "test_observed_forward_residual": {
    "mean": 0.00010421737359309287,
    "median": 7.817476587426895e-05,
    "max": 0.00027614957458646576,
    "mse": 1.8579687754172584e-08
  },
  "train_clean_forward_residual": {
    "mean": 0.00016602030061408805,
    "median": 0.00013036749360854477,
    "max": 0.0006398530145033041,
    "mse": 5.6159696102141384e-08
  },
  "test_clean_forward_residual": {
    "mean": 0.00010157563862630966,
    "median": 7.830906076674585e-05,
    "max": 0.00027483224330334245,
    "mse": 1.8479535282130953e-08
  },
  "train_observation_noise_floor": {
    "mean": 1.4108564902479159e-05,
    "median": 1.4169152917293253e-05,
    "max": 1.5721282214395744e-05,
    "mse": 1.9954105670175514e-10
  },
  "test_observation_noise_floor": {
    "mean": 1.4262986068045213e-05,
    "median": 1.4494687025683646e-05,
    "max": 1.5470605833418225e-05,
    "mse": 2.042845010692848e-10
  }
}
