{
    "train_mae": 0.0022836607126706264,
    "train_rmse": 0.0034728258181917146,
    "test_mae": 0.0030147466968763813,
    "test_rmse": 0.004559877800443612,
    "per_parameter_mae_train": {
        "s": 0.004919485367840271,
        "t0": 0.0004434573434686287,
        "x0": 0.0014880394267029811
    },
    "per_parameter_mae_test": {
        "s": 0.006687981274491627,
        "t0": 0.0004330622962467233,
        "x0": 0.0019231965198907937
    },
    "per_parameter_rmse_train": {
        "s": 0.0057185558323698295,
        "t0": 0.0004975636981744772,
        "x0": 0.001797806176656651
    },
    "per_parameter_rmse_test": {
        "s": 0.007523333832861362,
        "t0": 0.000526529555946251,
        "x0": 0.0023451378063930545
    },
    "train_data_loss": 0.5859376192092896,
    "train_physics_loss": 0.003204124979674816,
    "train_total_loss": 0.5859376192092896,
    "train_actual_physics_residual": 2.6961671784064833e-10,
    "test_data_loss": 0.8826151490211487,
    "test_physics_loss": 0.00554571021348238,
    "test_total_loss": 0.8826151490211487,
    "test_actual_physics_residual": 3.0572303022502467e-10,
    "training_time_seconds": 5.627382173000115,
    "evaluation_time_seconds": 0.06901833699976123,
    "parameter_names": [
        "s",
        "t0",
        "x0"
    ],
    "timestamp": "2026-05-26T04:32:30.766998"
}