{
    "train_mae": 0.002041499905133377,
    "train_rmse": 0.0031367927468273177,
    "test_mae": 0.0020207246370675257,
    "test_rmse": 0.0033461511136233467,
    "per_parameter_mae_train": {
        "s": 0.003893443735493496,
        "t0": 0.0005433236886476831,
        "x0": 0.0016877322912589522
    },
    "per_parameter_mae_test": {
        "s": 0.004315060916399233,
        "t0": 0.0004516972963201814,
        "x0": 0.0012954156984831629
    },
    "per_parameter_rmse_train": {
        "s": 0.004942038666161958,
        "t0": 0.0006155064618501765,
        "x0": 0.0021715920029384468
    },
    "per_parameter_rmse_test": {
        "s": 0.005528457200690608,
        "t0": 0.0005406742610439704,
        "x0": 0.001653485454784836
    },
    "train_data_loss": 0.699114978313446,
    "train_physics_loss": 0.002393032656982541,
    "train_total_loss": 0.699114978313446,
    "train_actual_physics_residual": 2.6961671784064833e-10,
    "test_data_loss": 0.5867921113967896,
    "test_physics_loss": 0.0029946397989988327,
    "test_total_loss": 0.5867921113967896,
    "test_actual_physics_residual": 3.0572303022502467e-10,
    "training_time_seconds": 16.507737255999928,
    "evaluation_time_seconds": 0.14278288000059547,
    "parameter_names": [
        "s",
        "t0",
        "x0"
    ],
    "timestamp": "2026-05-24T15:21:06.185524"
}