{
    "train_mae": 1.3195849302706601e-05,
    "train_rmse": 3.139047021258929e-05,
    "test_mae": 6.543023906764523e-06,
    "test_rmse": 1.1798628191007879e-05,
    "per_parameter_mae_train": {
        "alpha": 4.5474701654235615e-06,
        "beta": 0.0,
        "gamma": 3.504007774269624e-05
    },
    "per_parameter_mae_test": {
        "alpha": 1.8015208219170274e-06,
        "beta": 0.0,
        "gamma": 1.7827550898376542e-05
    },
    "per_parameter_rmse_train": {
        "alpha": 7.413899490503102e-06,
        "beta": 0.0,
        "gamma": 5.3862036304312564e-05
    },
    "per_parameter_rmse_test": {
        "alpha": 2.477000722360685e-06,
        "beta": 0.0,
        "gamma": 2.0285150948177883e-05
    },
    "train_data_loss": 9.853616201674557e-10,
    "train_physics_loss": 1.0387756695110948e-10,
    "train_total_loss": 1.089239187118565e-09,
    "train_actual_physics_residual": 1.0387756695110948e-10,
    "test_data_loss": 1.3920762718964585e-10,
    "test_physics_loss": 1.010256110160152e-10,
    "test_total_loss": 2.4023323820566106e-10,
    "test_actual_physics_residual": 1.010256110160152e-10,
    "training_time_seconds": 4.754211257999486,
    "evaluation_time_seconds": 6.99500014889054e-06,
    "parameter_names": [
        "alpha",
        "beta",
        "gamma"
    ],
    "timestamp": "2026-07-01T15:32:50.516138"
}