{
    "train_mae": 0.0024880971192109244,
    "train_rmse": 0.0035264785456414482,
    "test_mae": 0.0026183160025973194,
    "test_rmse": 0.004233904345942378,
    "per_parameter_mae_train": {
        "s": 0.004622540561111821,
        "t0": 0.00040392086243491943,
        "x0": 0.002437829934086033
    },
    "per_parameter_mae_test": {
        "s": 0.005748293735690683,
        "t0": 0.000562317031065847,
        "x0": 0.0015443372410354286
    },
    "per_parameter_rmse_train": {
        "s": 0.005410270788257535,
        "t0": 0.00047189985401247447,
        "x0": 0.002795430794013415
    },
    "per_parameter_rmse_test": {
        "s": 0.0070821514861645635,
        "t0": 0.0005826256203552007,
        "x0": 0.001811495444457992
    },
    "train_data_loss": 0.8171603083610535,
    "train_physics_loss": 0.0028679685201495886,
    "train_total_loss": 0.8171603083610535,
    "train_actual_physics_residual": 2.364869966520189e-10,
    "test_data_loss": 0.9789672493934631,
    "test_physics_loss": 0.004914361983537674,
    "test_total_loss": 0.9789672493934631,
    "test_actual_physics_residual": 3.2109151448800333e-10,
    "training_time_seconds": 1.7164332639986242,
    "evaluation_time_seconds": 0.06505210199975409,
    "parameter_names": [
        "s",
        "t0",
        "x0"
    ],
    "timestamp": "2026-05-26T06:02:07.058038"
}