{
  "observation_mode": "event_traces",
  "time_axis_size": 128,
  "records": [
    {
      "fraction": 0.25,
      "kept_steps": 32,
      "active_test_mae": 0.0030119681914554425,
      "test_mae": 0.003011968191455442
    },
    {
      "fraction": 0.5,
      "kept_steps": 64,
      "active_test_mae": 0.0030201858952930575,
      "test_mae": 0.003020185895293057
    },
    {
      "fraction": 0.75,
      "kept_steps": 96,
      "active_test_mae": 0.003015679631315615,
      "test_mae": 0.003015679631315615
    },
    {
      "fraction": 1.0,
      "kept_steps": 128,
      "active_test_mae": 0.003015679631315615,
      "test_mae": 0.003015679631315615
    }
  ]
}