{
  "train_observed_forward_residual": {
    "mean": 0.0016753382900936483,
    "median": 0.0018309255197140682,
    "max": 0.0032616615180637853,
    "mse": 3.6887614936464696e-06
  },
  "test_observed_forward_residual": {
    "mean": 0.0016788032734174378,
    "median": 0.0019134941028596435,
    "max": 0.002684169504056152,
    "mse": 3.8804986001030055e-06
  },
  "train_clean_forward_residual": {
    "mean": 0.0016751086812057043,
    "median": 0.0018305135920440262,
    "max": 0.0032616346838394194,
    "mse": 3.6888150822216236e-06
  },
  "test_clean_forward_residual": {
    "mean": 0.00167846482805602,
    "median": 0.0019142198875911844,
    "max": 0.0026832098649712767,
    "mse": 3.879109129386344e-06
  },
  "train_observation_noise_floor": {
    "mean": 1.4134642406194176e-05,
    "median": 1.4339923449343907e-05,
    "max": 1.5312378993319748e-05,
    "mse": 2.002598852916292e-10
  },
  "test_observation_noise_floor": {
    "mean": 1.3765334995120202e-05,
    "median": 1.3693375603748957e-05,
    "max": 1.4597991709935976e-05,
    "mse": 1.8979072195728898e-10
  }
}
