{
    "train_mae": 0.002794525879953201,
    "train_rmse": 0.003966753558083018,
    "test_mae": 0.0025498100427459184,
    "test_rmse": 0.004090447881842177,
    "per_parameter_mae_train": {
        "s": 0.0053595271177100745,
        "t0": 0.00043339208102088743,
        "x0": 0.0025906584411286415
    },
    "per_parameter_mae_test": {
        "s": 0.005399231905987488,
        "t0": 0.0005528771454495445,
        "x0": 0.0016973210768007221
    },
    "per_parameter_rmse_train": {
        "s": 0.006160039463139808,
        "t0": 0.0005171579721756119,
        "x0": 0.002998643495994194
    },
    "per_parameter_rmse_test": {
        "s": 0.006785452973574082,
        "t0": 0.000573051489693307,
        "x0": 0.001955640957787597
    },
    "train_data_loss": 0.991767168045044,
    "train_physics_loss": 0.0037179477512836456,
    "train_total_loss": 0.991767168045044,
    "train_actual_physics_residual": 2.364869966520189e-10,
    "test_data_loss": 0.9488559365272522,
    "test_physics_loss": 0.0045112245716154575,
    "test_total_loss": 0.9488559365272522,
    "test_actual_physics_residual": 3.2109151448800333e-10,
    "training_time_seconds": 0.6904402710006252,
    "evaluation_time_seconds": 0.13024350399973628,
    "parameter_names": [
        "s",
        "t0",
        "x0"
    ],
    "timestamp": "2026-05-26T05:55:19.892776"
}