{
  "observation_mode": "event_traces",
  "time_axis_size": 128,
  "records": [
    {
      "fraction": 0.25,
      "kept_steps": 32,
      "active_test_mae": 0.001221181288133837,
      "test_mae": 0.0008141208587558915
    },
    {
      "fraction": 0.5,
      "kept_steps": 64,
      "active_test_mae": 0.0012204670353593051,
      "test_mae": 0.0008136446902395367
    },
    {
      "fraction": 0.75,
      "kept_steps": 96,
      "active_test_mae": 0.0012204670353593051,
      "test_mae": 0.0008136446902395367
    },
    {
      "fraction": 1.0,
      "kept_steps": 128,
      "active_test_mae": 0.0012204670353593051,
      "test_mae": 0.0008136446902395367
    }
  ]
}