{
  "train_polynomial_residual": {
    "mean": 0.00018638754790176044,
    "median": 0.00016336296619834902,
    "max": 0.0005115374619847637,
    "mse": 5.589298993462322e-08
  },
  "test_polynomial_residual": {
    "mean": 0.00011073705818220372,
    "median": 8.052409604700876e-05,
    "max": 0.00030436841728524337,
    "mse": 1.995456869835982e-08
  },
  "train_forward_linear_error": {
    "mean": 0.00022000523309215238,
    "median": 0.00020181919015358353,
    "max": 0.0005146438565101355,
    "mse": 7.596283907871504e-08
  },
  "test_forward_linear_error": {
    "mean": 0.00011350786849318679,
    "median": 8.330131072710267e-05,
    "max": 0.00030565776619319535,
    "mse": 2.0627762223094917e-08
  },
  "train_forward_quadratic_error": {
    "mean": 1.4349042204325263e-05,
    "median": 1.4270273624676696e-05,
    "max": 1.6204237568598744e-05,
    "mse": 2.0645042586781304e-10
  },
  "test_forward_quadratic_error": {
    "mean": 1.4334765376286367e-05,
    "median": 1.4495289182760851e-05,
    "max": 1.5590139881777597e-05,
    "mse": 2.0643345463995158e-10
  },
  "train_observed_forward_residual": {
    "mean": 0.00018621135968889562,
    "median": 0.00016210185921515676,
    "max": 0.0005119708710950491,
    "mse": 5.574647725346324e-08
  },
  "test_observed_forward_residual": {
    "mean": 0.00011061224215495881,
    "median": 7.993319113134661e-05,
    "max": 0.00030211365163564845,
    "mse": 1.98192924473596e-08
  },
  "train_clean_forward_residual": {
    "mean": 0.00018504455613845214,
    "median": 0.00016220384187354267,
    "max": 0.0005129556158699699,
    "mse": 5.561071796896432e-08
  },
  "test_clean_forward_residual": {
    "mean": 0.0001088990215310051,
    "median": 7.773019695390783e-05,
    "max": 0.00030291815260176673,
    "mse": 1.977250867622369e-08
  },
  "train_observation_noise_floor": {
    "mean": 1.4108564902479847e-05,
    "median": 1.4169152917293253e-05,
    "max": 1.5721282214395744e-05,
    "mse": 1.995410567017737e-10
  },
  "test_observation_noise_floor": {
    "mean": 1.4262986068046467e-05,
    "median": 1.4494687025685124e-05,
    "max": 1.5470605833418225e-05,
    "mse": 2.042845010693216e-10
  }
}
