{
    "train_mae": 0.0027049124075983213,
    "train_rmse": 0.003912053111955755,
    "test_mae": 0.002635054159248842,
    "test_rmse": 0.004310743659279638,
    "per_parameter_mae_train": {
        "s": 0.005156609065036735,
        "t0": 0.00043354228472572144,
        "x0": 0.0025245858730325076
    },
    "per_parameter_mae_test": {
        "s": 0.005855002765205754,
        "t0": 0.0005494488140063028,
        "x0": 0.0015007108985344694
    },
    "per_parameter_rmse_train": {
        "s": 0.00610608194756816,
        "t0": 0.0005200174721118957,
        "x0": 0.002890990095204185
    },
    "per_parameter_rmse_test": {
        "s": 0.007234327529252198,
        "t0": 0.0005697585198143825,
        "x0": 0.0017571036158011654
    },
    "train_data_loss": 0.9663216471672058,
    "train_physics_loss": 0.0036531018558889627,
    "train_total_loss": 0.9663216471672058,
    "train_actual_physics_residual": 2.364869966520189e-10,
    "test_data_loss": 0.9730802178382874,
    "test_physics_loss": 0.0051278225146234035,
    "test_total_loss": 0.9730802178382874,
    "test_actual_physics_residual": 3.2109151448800333e-10,
    "training_time_seconds": 2.5854882589992485,
    "evaluation_time_seconds": 0.12303506600073888,
    "parameter_names": [
        "s",
        "t0",
        "x0"
    ],
    "timestamp": "2026-05-26T17:13:00.310755"
}