{
    "train_mae": 0.0010869045959730277,
    "train_rmse": 0.0023989397103134167,
    "test_mae": 0.001175615339179274,
    "test_rmse": 0.0025811130915208277,
    "per_parameter_mae_train": {
        "a": 0.0007495320033306129,
        "d": 0.004448788967291019,
        "epsilon": 9.499490256914545e-11,
        "k": 0.0,
        "mu1": 0.001323094589292665,
        "mu2": 1.1920928966180355e-08
    },
    "per_parameter_mae_test": {
        "a": 0.0008217465341329758,
        "d": 0.004717240445419085,
        "epsilon": 9.499490256914545e-11,
        "k": 0.0,
        "mu1": 0.0015146930395997142,
        "mu2": 1.1920928966180355e-08
    },
    "per_parameter_rmse_train": {
        "a": 0.0009436875265453363,
        "d": 0.005559362314025656,
        "epsilon": 9.499490256914543e-11,
        "k": 0.0,
        "mu1": 0.0016530017894133228,
        "mu2": 1.1920928966180357e-08
    },
    "per_parameter_rmse_test": {
        "a": 0.0010195978312314397,
        "d": 0.005961798137166961,
        "epsilon": 9.499490256914543e-11,
        "k": 0.0,
        "mu1": 0.0018412636914358017,
        "mu2": 1.1920928966180355e-08
    },
    "train_data_loss": 0.3180820643901825,
    "train_physics_loss": 0.0,
    "train_total_loss": 0.3180820643901825,
    "train_actual_physics_residual": 0.0,
    "test_data_loss": 0.38125258684158325,
    "test_physics_loss": 0.0,
    "test_total_loss": 0.38125258684158325,
    "test_actual_physics_residual": 0.0,
    "training_time_seconds": 121.30556367000099,
    "evaluation_time_seconds": 0.12652398900172557,
    "parameter_names": [
        "a",
        "d",
        "epsilon",
        "k",
        "mu1",
        "mu2"
    ],
    "timestamp": "2026-06-19T18:53:16.427516"
}