{
    "train_mae": 0.0005285092744796151,
    "train_rmse": 0.0011391757011376313,
    "test_mae": 0.0005567855489793508,
    "test_rmse": 0.0012645917115291167,
    "per_parameter_mae_train": {
        "a": 0.00039702420586402266,
        "d": 0.002192138813540713,
        "epsilon": 9.499490256914545e-11,
        "k": 0.0,
        "mu1": 0.0005818806115490864,
        "mu2": 1.1920928966180355e-08
    },
    "per_parameter_mae_test": {
        "a": 0.0005081685052120436,
        "d": 0.0021473502938910206,
        "epsilon": 9.499490256914545e-11,
        "k": 0.0,
        "mu1": 0.0006851824788491722,
        "mu2": 1.1920928966180355e-08
    },
    "per_parameter_rmse_train": {
        "a": 0.0004798859418930563,
        "d": 0.0026530771025434986,
        "epsilon": 9.499490256914543e-11,
        "k": 0.0,
        "mu1": 0.0007191794205656693,
        "mu2": 1.1920928966180355e-08
    },
    "per_parameter_rmse_test": {
        "a": 0.0006030788456127673,
        "d": 0.002909701196345548,
        "epsilon": 9.499490256914545e-11,
        "k": 0.0,
        "mu1": 0.000874693109053904,
        "mu2": 1.1920928966180354e-08
    },
    "train_data_loss": 0.2806077301502228,
    "train_physics_loss": 0.0,
    "train_total_loss": 0.2806077301502228,
    "train_actual_physics_residual": 0.0,
    "test_data_loss": 0.40951862931251526,
    "test_physics_loss": 0.0,
    "test_total_loss": 0.40951862931251526,
    "test_actual_physics_residual": 0.0,
    "training_time_seconds": 84.5938359569991,
    "evaluation_time_seconds": 0.5178385869985505,
    "parameter_names": [
        "a",
        "d",
        "epsilon",
        "k",
        "mu1",
        "mu2"
    ],
    "timestamp": "2026-06-17T09:42:18.976207"
}