{
  "train": {
    "event_abs_mean": 0.015625,
    "event_active_fraction_gt_1e_6": 0.015625,
    "spike_mean": 0.0593688078224659,
    "spike_active_fraction_gt_0p5": 0.004546875134110451,
    "spike_count_per_sample_mean": 11.639999389648438,
    "first_spike_flat_index_mean": 186.239990234375,
    "mem_abs_mean": 0.8136929273605347
  },
  "test": {
    "event_abs_mean": 0.015625,
    "event_active_fraction_gt_1e_6": 0.015625,
    "spike_mean": 0.05934669077396393,
    "spike_active_fraction_gt_0p5": 0.004352678544819355,
    "spike_count_per_sample_mean": 11.142857551574707,
    "first_spike_flat_index_mean": 145.0,
    "mem_abs_mean": 0.8139307498931885
  }
}