{
    "train_mae": 0.00037559626762711243,
    "train_rmse": 0.0006113413721714714,
    "test_mae": 0.000740553471221174,
    "test_rmse": 0.001148131312390241,
    "per_parameter_mae_train": {
        "s": 0.0007651696498173863,
        "t0": 0.0001528671544143713,
        "x0": 0.00020875199864957964
    },
    "per_parameter_mae_test": {
        "s": 0.0015130869717531875,
        "t0": 0.000385569048302572,
        "x0": 0.00032300439360776243
    },
    "per_parameter_rmse_train": {
        "s": 0.0010054103380188423,
        "t0": 0.0002040663391975706,
        "x0": 0.00026214843390116253
    },
    "per_parameter_rmse_test": {
        "s": 0.0018936665285631336,
        "t0": 0.00047414076062558927,
        "x0": 0.000379254728626883
    },
    "train_data_loss": 0.045436128973960876,
    "train_physics_loss": 9.904302714858204e-05,
    "train_total_loss": 0.045436128973960876,
    "train_actual_physics_residual": 2.6961671784064833e-10,
    "test_data_loss": 0.22190214693546295,
    "test_physics_loss": 0.00035135462530888617,
    "test_total_loss": 0.22190214693546295,
    "test_actual_physics_residual": 3.0572303022502467e-10,
    "training_time_seconds": 32.57378419900124,
    "evaluation_time_seconds": 0.1761363759978849,
    "parameter_names": [
        "s",
        "t0",
        "x0"
    ],
    "timestamp": "2026-05-24T03:21:37.594842"
}