{
    "train_mae": 0.002805261523531517,
    "train_rmse": 0.003978261520890143,
    "test_mae": 0.002528859719686473,
    "test_rmse": 0.004094094443956084,
    "per_parameter_mae_train": {
        "s": 0.005343829638462028,
        "t0": 0.0004305081925533855,
        "x0": 0.0026414467395791384
    },
    "per_parameter_mae_test": {
        "s": 0.005458104265127066,
        "t0": 0.0005467740555720072,
        "x0": 0.0015817008383603448
    },
    "per_parameter_rmse_train": {
        "s": 0.006168373023579549,
        "t0": 0.0005208051972956288,
        "x0": 0.0030264881255725106
    },
    "per_parameter_rmse_test": {
        "s": 0.00681836818527386,
        "t0": 0.0005675095773057489,
        "x0": 0.0018634956715291113
    },
    "train_data_loss": 1.003435730934143,
    "train_physics_loss": 0.0037280144169926643,
    "train_total_loss": 1.003435730934143,
    "train_actual_physics_residual": 2.364869966520189e-10,
    "test_data_loss": 0.9322302937507629,
    "test_physics_loss": 0.004555096849799156,
    "test_total_loss": 0.9322302937507629,
    "test_actual_physics_residual": 3.2109151448800333e-10,
    "training_time_seconds": 2.8730104829992342,
    "evaluation_time_seconds": 0.14476673399985884,
    "parameter_names": [
        "s",
        "t0",
        "x0"
    ],
    "timestamp": "2026-05-26T21:49:19.537782"
}