{
    "train_mae": 0.0007178894343249828,
    "train_rmse": 0.0010598066573292986,
    "test_mae": 0.0020028213197154482,
    "test_rmse": 0.0032023317318538753,
    "per_parameter_mae_train": {
        "s": 0.0013371543608309462,
        "t0": 0.00021988155457303613,
        "x0": 0.0005966323875709658
    },
    "per_parameter_mae_test": {
        "s": 0.002950558283244864,
        "t0": 8.885312720647437e-05,
        "x0": 0.002969052548695006
    },
    "per_parameter_rmse_train": {
        "s": 0.0016200236560847308,
        "t0": 0.0002672995967484407,
        "x0": 0.0008207586320365368
    },
    "per_parameter_rmse_test": {
        "s": 0.004647731304609795,
        "t0": 9.680836709568928e-05,
        "x0": 0.003025559026481739
    },
    "train_data_loss": 0.11471430212259293,
    "train_physics_loss": 0.0002571512886788696,
    "train_total_loss": 0.11471430212259293,
    "train_actual_physics_residual": 2.0537377354301611e-10,
    "test_data_loss": 0.5006692409515381,
    "test_physics_loss": 0.0021164906211197376,
    "test_total_loss": 0.5006692409515381,
    "test_actual_physics_residual": 2.212605099138898e-10,
    "training_time_seconds": 0.6305681699996057,
    "evaluation_time_seconds": 0.04751092299920856,
    "parameter_names": [
        "s",
        "t0",
        "x0"
    ],
    "timestamp": "2026-05-26T10:13:31.246552"
}