{
  "train_observed_forward_residual": {
    "mean": 0.0001434843614333207,
    "median": 0.00014191829222483563,
    "max": 0.00017894572976456636,
    "mse": 2.0700548407339808e-08
  },
  "test_observed_forward_residual": {
    "mean": 0.000141757430543126,
    "median": 0.0001439723916847765,
    "max": 0.0001543018577177085,
    "mse": 2.0178786538514636e-08
  },
  "train_clean_forward_residual": {
    "mean": 2.2072797381993277e-05,
    "median": 1.2962491710878639e-05,
    "max": 9.799454371756828e-05,
    "mse": 1.0196053009563266e-09
  },
  "test_clean_forward_residual": {
    "mean": 1.4743878763304135e-05,
    "median": 1.677927207971638e-05,
    "max": 1.8837765589433205e-05,
    "mse": 2.2792769580805832e-10
  },
  "train_observation_noise_floor": {
    "mean": 0.00014108564902474833,
    "median": 0.00014169152917321902,
    "max": 0.00015721282214449435,
    "mse": 1.9954105670164674e-08
  },
  "test_observation_noise_floor": {
    "mean": 0.0001426298606804612,
    "median": 0.00014494687025660838,
    "max": 0.00015470605833434176,
    "mse": 2.0428450106933457e-08
  }
}
