{
  "train": {
    "event_abs_mean": 0.015625,
    "event_active_fraction_gt_1e_6": 0.015625,
    "spike_mean": 0.032120537012815475,
    "spike_active_fraction_gt_0p5": 0.004143688827753067,
    "spike_count_per_sample_mean": 10.607843399047852,
    "first_spike_flat_index_mean": 1309.049072265625,
    "mem_abs_mean": 1.0231002569198608
  },
  "test": {
    "event_abs_mean": 0.015625,
    "event_active_fraction_gt_1e_6": 0.015625,
    "spike_mean": 0.032133929431438446,
    "spike_active_fraction_gt_0p5": 0.004131610505282879,
    "spike_count_per_sample_mean": 10.576923370361328,
    "first_spike_flat_index_mean": 1309.0384521484375,
    "mem_abs_mean": 1.0229123830795288
  }
}