{
  "observation_mode": "event_traces",
  "time_axis_size": 128,
  "records": [
    {
      "fraction": 0.25,
      "kept_steps": 32,
      "active_test_mae": 0.0030198230706810158,
      "test_mae": 0.0030198230706810158
    },
    {
      "fraction": 0.5,
      "kept_steps": 64,
      "active_test_mae": 0.0030202973287920894,
      "test_mae": 0.003020297328792089
    },
    {
      "fraction": 0.75,
      "kept_steps": 96,
      "active_test_mae": 0.0030147854274745907,
      "test_mae": 0.0030147854274745903
    },
    {
      "fraction": 1.0,
      "kept_steps": 128,
      "active_test_mae": 0.0030147854274745907,
      "test_mae": 0.0030147854274745903
    }
  ]
}