{
    "train_mae": 0.002890146524245612,
    "train_rmse": 0.004193827736607114,
    "test_mae": 0.0030147854274745903,
    "test_rmse": 0.004453949310459888,
    "per_parameter_mae_train": {
        "s": 0.005769460903761673,
        "t0": 0.0005595489607617939,
        "x0": 0.0023414297082133685
    },
    "per_parameter_mae_test": {
        "s": 0.00657850013555584,
        "t0": 0.00044543654774303085,
        "x0": 0.002020419599124901
    },
    "per_parameter_rmse_train": {
        "s": 0.006702634844597771,
        "t0": 0.0006212904629731825,
        "x0": 0.0027300654852233527
    },
    "per_parameter_rmse_test": {
        "s": 0.007319642434506467,
        "t0": 0.0005211439406327543,
        "x0": 0.002379965757012559
    },
    "train_data_loss": 0.9719331860542297,
    "train_physics_loss": 0.004401776473969221,
    "train_total_loss": 0.9719331860542297,
    "train_actual_physics_residual": 2.6961671784064833e-10,
    "test_data_loss": 0.8627131581306458,
    "test_physics_loss": 0.005249482579529285,
    "test_total_loss": 0.8627131581306458,
    "test_actual_physics_residual": 3.0572303022502467e-10,
    "training_time_seconds": 12.671446454998659,
    "evaluation_time_seconds": 0.14848064999750932,
    "parameter_names": [
        "s",
        "t0",
        "x0"
    ],
    "timestamp": "2026-05-26T02:18:54.190359"
}