{
    "train_mae": 0.001133161218203813,
    "train_rmse": 0.002456505965159457,
    "test_mae": 0.001050951637017799,
    "test_rmse": 0.0021903114962965597,
    "per_parameter_mae_train": {
        "a": 0.0008079410717553446,
        "d": 0.0046330908352794605,
        "epsilon": 9.499490256914545e-11,
        "k": 0.0,
        "mu1": 0.001357923386264204,
        "mu2": 1.1920928966180355e-08
    },
    "per_parameter_mae_test": {
        "a": 0.0007869140666447894,
        "d": 0.004112483228239228,
        "epsilon": 9.499490256914545e-11,
        "k": 0.0,
        "mu1": 0.0014063005112989093,
        "mu2": 1.1920928966180355e-08
    },
    "per_parameter_rmse_train": {
        "a": 0.0009972849703764601,
        "d": 0.0056964483119237505,
        "epsilon": 9.499490256914543e-11,
        "k": 0.0,
        "mu1": 0.0016620555521654912,
        "mu2": 1.1920928966180355e-08
    },
    "per_parameter_rmse_test": {
        "a": 0.0009247126758654808,
        "d": 0.004996256892909816,
        "epsilon": 9.499490256914545e-11,
        "k": 0.0,
        "mu1": 0.0017225301831480298,
        "mu2": 1.1920928966180354e-08
    },
    "train_data_loss": 0.33591464161872864,
    "train_physics_loss": 0.0,
    "train_total_loss": 0.33591464161872864,
    "train_actual_physics_residual": 0.0,
    "test_data_loss": 0.3146160840988159,
    "test_physics_loss": 0.0,
    "test_total_loss": 0.3146160840988159,
    "test_actual_physics_residual": 0.0,
    "training_time_seconds": 48.17809603101341,
    "evaluation_time_seconds": 0.1926207880023867,
    "parameter_names": [
        "a",
        "d",
        "epsilon",
        "k",
        "mu1",
        "mu2"
    ],
    "timestamp": "2026-06-15T20:25:34.096062"
}