{
    "train_mae": 0.0027243663920471996,
    "train_rmse": 0.003953805817353165,
    "test_mae": 0.00277087127291294,
    "test_rmse": 0.004417198068828848,
    "per_parameter_mae_train": {
        "s": 0.005107488719375981,
        "t0": 0.0004459722373471814,
        "x0": 0.0026196382194184366
    },
    "per_parameter_mae_test": {
        "s": 0.005983850977311641,
        "t0": 0.0005561138905345796,
        "x0": 0.0017726489508925985
    },
    "per_parameter_rmse_train": {
        "s": 0.0061148700962841565,
        "t0": 0.0005251944192777602,
        "x0": 0.0030381369046730707
    },
    "per_parameter_rmse_test": {
        "s": 0.007353250737234181,
        "t0": 0.0005764913353884286,
        "x0": 0.0020328004509501015
    },
    "train_data_loss": 1.005797266960144,
    "train_physics_loss": 0.003663625568151474,
    "train_total_loss": 1.005797266960144,
    "train_actual_physics_residual": 2.364869966520189e-10,
    "test_data_loss": 1.0361032485961914,
    "test_physics_loss": 0.0052977981977164745,
    "test_total_loss": 1.0361032485961914,
    "test_actual_physics_residual": 3.2109151448800333e-10,
    "training_time_seconds": 0.2689671409998482,
    "evaluation_time_seconds": 0.043481875999987096,
    "parameter_names": [
        "s",
        "t0",
        "x0"
    ],
    "timestamp": "2026-05-26T13:18:15.786792"
}