{
    "train_mae": 0.0028370705629935213,
    "train_rmse": 0.004123535416871654,
    "test_mae": 0.0029897653165703478,
    "test_rmse": 0.004427435441186964,
    "per_parameter_mae_train": {
        "s": 0.005657440240375544,
        "t0": 0.0005446898892149852,
        "x0": 0.002309081559390035
    },
    "per_parameter_mae_test": {
        "s": 0.0064845632153898245,
        "t0": 0.00047116079188647613,
        "x0": 0.002013571942434744
    },
    "per_parameter_rmse_train": {
        "s": 0.0065841468755125955,
        "t0": 0.0006088468496970835,
        "x0": 0.0026998052592504384
    },
    "per_parameter_rmse_test": {
        "s": 0.0072722920974059736,
        "t0": 0.0005419207067608164,
        "x0": 0.0023720546695271795
    },
    "train_data_loss": 0.9404982328414917,
    "train_physics_loss": 0.004247524309903383,
    "train_total_loss": 0.9404982328414917,
    "train_actual_physics_residual": 2.6961671784064833e-10,
    "test_data_loss": 0.8746691942214966,
    "test_physics_loss": 0.005181786138564348,
    "test_total_loss": 0.8746691942214966,
    "test_actual_physics_residual": 3.0572303022502467e-10,
    "training_time_seconds": 6.731746090001252,
    "evaluation_time_seconds": 0.07271566299823462,
    "parameter_names": [
        "s",
        "t0",
        "x0"
    ],
    "timestamp": "2026-05-26T01:52:23.639369"
}