{
    "train_mae": 0.0022019778786553025,
    "train_rmse": 0.0035504256565997124,
    "test_mae": 0.002293896353817801,
    "test_rmse": 0.003702595990689929,
    "per_parameter_mae_train": {
        "s": 0.005193320643170523,
        "t0": 0.0005121584729673719,
        "x0": 0.0009004545198280111
    },
    "per_parameter_mae_test": {
        "s": 0.005212317311148206,
        "t0": 0.0007473497132470231,
        "x0": 0.0009220220370581738
    },
    "per_parameter_rmse_train": {
        "s": 0.006026585384554897,
        "t0": 0.0005831826297662317,
        "x0": 0.0010755155285409595
    },
    "per_parameter_rmse_test": {
        "s": 0.006267831210055981,
        "t0": 0.0007701063532383759,
        "x0": 0.001117532700984394
    },
    "train_data_loss": 0.6779365539550781,
    "train_physics_loss": 0.003558601252734661,
    "train_total_loss": 0.6779365539550781,
    "train_actual_physics_residual": 2.6906588068698056e-10,
    "test_data_loss": 0.9471554756164551,
    "test_physics_loss": 0.0038492155726999044,
    "test_total_loss": 0.9471554756164551,
    "test_actual_physics_residual": 2.949215871517197e-10,
    "training_time_seconds": 2.0282766969976365,
    "evaluation_time_seconds": 0.01824155400026939,
    "parameter_names": [
        "s",
        "t0",
        "x0"
    ],
    "timestamp": "2026-05-26T09:22:15.006385"
}