{
  "train": {
    "event_abs_mean": 0.01487821713089943,
    "event_active_fraction_gt_1e_6": 0.01487821713089943,
    "spike_mean": 0.04016951099038124,
    "spike_active_fraction_gt_0p5": 0.0018995099235326052,
    "spike_count_per_sample_mean": 4.86274528503418,
    "first_spike_flat_index_mean": 389.60784912109375,
    "mem_abs_mean": 1.354194164276123
  },
  "test": {
    "event_abs_mean": 0.014836238697171211,
    "event_active_fraction_gt_1e_6": 0.014836238697171211,
    "spike_mean": 0.0401381179690361,
    "spike_active_fraction_gt_0p5": 0.001862980774603784,
    "spike_count_per_sample_mean": 4.769230842590332,
    "first_spike_flat_index_mean": 390.65386962890625,
    "mem_abs_mean": 1.3539259433746338
  }
}