{
  "observation_mode": "event_traces",
  "time_axis_size": 128,
  "records": [
    {
      "fraction": 0.25,
      "kept_steps": 32,
      "active_test_mae": 0.003132489673048025,
      "test_mae": 0.0031324896730480245
    },
    {
      "fraction": 0.5,
      "kept_steps": 64,
      "active_test_mae": 0.002439967820510488,
      "test_mae": 0.002439967820510488
    },
    {
      "fraction": 0.75,
      "kept_steps": 96,
      "active_test_mae": 0.002439967820510488,
      "test_mae": 0.002439967820510488
    },
    {
      "fraction": 1.0,
      "kept_steps": 128,
      "active_test_mae": 0.002439967820510488,
      "test_mae": 0.002439967820510488
    }
  ]
}