{
  "train": {
    "event_abs_mean": 0.015625,
    "event_active_fraction_gt_1e_6": 0.015625,
    "spike_mean": 0.10049307346343994,
    "spike_active_fraction_gt_0p5": 0.005269607994705439,
    "spike_count_per_sample_mean": 13.490196228027344,
    "first_spike_flat_index_mean": 363.3627624511719,
    "mem_abs_mean": 1.2346357107162476
  },
  "test": {
    "event_abs_mean": 0.015625,
    "event_active_fraction_gt_1e_6": 0.015625,
    "spike_mean": 0.10046761482954025,
    "spike_active_fraction_gt_0p5": 0.005018028896301985,
    "spike_count_per_sample_mean": 12.84615421295166,
    "first_spike_flat_index_mean": 410.19232177734375,
    "mem_abs_mean": 1.2349926233291626
  }
}