{
    "train_mae": 0.001305893002191297,
    "train_rmse": 0.00205873362228524,
    "test_mae": 0.0014425266949424417,
    "test_rmse": 0.002671334130243982,
    "per_parameter_mae_train": {
        "s": 0.002788898359618018,
        "t0": 0.0005366122018848296,
        "x0": 0.0005921684450710439
    },
    "per_parameter_mae_test": {
        "s": 0.0032444130357652643,
        "t0": 0.00046271603511252856,
        "x0": 0.0006204510139495322
    },
    "per_parameter_rmse_train": {
        "s": 0.0034357238556124298,
        "t0": 0.0006125398309947699,
        "x0": 0.000731948718151535
    },
    "per_parameter_rmse_test": {
        "s": 0.004524828361715202,
        "t0": 0.0005593714479045009,
        "x0": 0.0007881053143495836
    },
    "train_data_loss": 0.4255855977535248,
    "train_physics_loss": 0.001156575046479702,
    "train_total_loss": 0.4255855977535248,
    "train_actual_physics_residual": 2.6961671784064833e-10,
    "test_data_loss": 0.4402284026145935,
    "test_physics_loss": 0.002006043214350939,
    "test_total_loss": 0.4402284026145935,
    "test_actual_physics_residual": 3.0572303022502467e-10,
    "training_time_seconds": 22.565510502001416,
    "evaluation_time_seconds": 0.35970357499900274,
    "parameter_names": [
        "s",
        "t0",
        "x0"
    ],
    "timestamp": "2026-05-24T20:49:30.761515"
}