{
    "train_mae": 0.001287908733251315,
    "train_rmse": 0.0019499128713832336,
    "test_mae": 0.0015988687741675227,
    "test_rmse": 0.002314032033498227,
    "per_parameter_mae_train": {
        "s": 0.0028506129794315846,
        "t0": 0.00034692095028339187,
        "x0": 0.0006661922700389686
    },
    "per_parameter_mae_test": {
        "s": 0.0034281020011498464,
        "t0": 0.0005919386314702305,
        "x0": 0.0007765656898824913
    },
    "per_parameter_rmse_train": {
        "s": 0.003245026705753082,
        "t0": 0.0004313418994471065,
        "x0": 0.0008307986896286516
    },
    "per_parameter_rmse_test": {
        "s": 0.0036588027263655667,
        "t0": 0.0006087220139954707,
        "x0": 0.0015188327344987718
    },
    "train_data_loss": 0.29579687118530273,
    "train_physics_loss": 0.0010317504638805985,
    "train_total_loss": 0.29579687118530273,
    "train_actual_physics_residual": 2.0537377354301611e-10,
    "test_data_loss": 0.5537061095237732,
    "test_physics_loss": 0.001311626983806491,
    "test_total_loss": 0.5537061095237732,
    "test_actual_physics_residual": 2.212605099138898e-10,
    "training_time_seconds": 2.1044126650012913,
    "evaluation_time_seconds": 0.04727643200021703,
    "parameter_names": [
        "s",
        "t0",
        "x0"
    ],
    "timestamp": "2026-05-26T10:38:01.967401"
}