{
    "train_mae": 0.0021879046294792314,
    "train_rmse": 0.0032574496548278607,
    "test_mae": 0.002984447799669173,
    "test_rmse": 0.004459960976960876,
    "per_parameter_mae_train": {
        "s": 0.004287076515656836,
        "t0": 0.0003903122016937424,
        "x0": 0.0018863251710871153
    },
    "per_parameter_mae_test": {
        "s": 0.006413528233735584,
        "t0": 0.0004510683996963086,
        "x0": 0.0020887467655756266
    },
    "per_parameter_rmse_train": {
        "s": 0.005163850410070504,
        "t0": 0.00044010957645069176,
        "x0": 0.002230221348733243
    },
    "per_parameter_rmse_test": {
        "s": 0.0073019535413448855,
        "t0": 0.0005644136433680883,
        "x0": 0.002456963057773209
    },
    "train_data_loss": 0.5704567432403564,
    "train_physics_loss": 0.0026126704178750515,
    "train_total_loss": 0.5704567432403564,
    "train_actual_physics_residual": 2.6961671784064833e-10,
    "test_data_loss": 0.9162706136703491,
    "test_physics_loss": 0.005224139895290136,
    "test_total_loss": 0.9162706136703491,
    "test_actual_physics_residual": 3.0572303022502467e-10,
    "training_time_seconds": 3.7361489759996402,
    "evaluation_time_seconds": 0.09238876000017626,
    "parameter_names": [
        "s",
        "t0",
        "x0"
    ],
    "timestamp": "2026-05-26T04:15:46.346057"
}