{
  "observation_mode": "event_traces",
  "time_axis_size": 128,
  "records": [
    {
      "fraction": 0.25,
      "kept_steps": 32,
      "active_test_mae": 0.002582979328223251,
      "test_mae": 0.002582979328223251
    },
    {
      "fraction": 0.5,
      "kept_steps": 64,
      "active_test_mae": 0.002069466066150052,
      "test_mae": 0.002069466066150052
    },
    {
      "fraction": 0.75,
      "kept_steps": 96,
      "active_test_mae": 0.0018032178880203707,
      "test_mae": 0.0018032178880203707
    },
    {
      "fraction": 1.0,
      "kept_steps": 128,
      "active_test_mae": 0.0018032178880203707,
      "test_mae": 0.0018032178880203707
    }
  ]
}