{
  "train": {
    "event_abs_mean": 0.015625,
    "event_active_fraction_gt_1e_6": 0.015625,
    "spike_mean": 0.11104011535644531,
    "spike_active_fraction_gt_0p5": 0.005078125279396772,
    "spike_count_per_sample_mean": 13.0,
    "first_spike_flat_index_mean": 277.0,
    "mem_abs_mean": 1.3747413158416748
  },
  "test": {
    "event_abs_mean": 0.015625,
    "event_active_fraction_gt_1e_6": 0.015625,
    "spike_mean": 0.11104010790586472,
    "spike_active_fraction_gt_0p5": 0.005078124813735485,
    "spike_count_per_sample_mean": 13.000000953674316,
    "first_spike_flat_index_mean": 277.0,
    "mem_abs_mean": 1.3747413158416748
  }
}