{
  "observation_mode": "event_traces",
  "time_axis_size": 128,
  "records": [
    {
      "fraction": 0.25,
      "kept_steps": 32,
      "active_test_mae": 0.002693605513325318,
      "test_mae": 0.002693605513325318
    },
    {
      "fraction": 0.5,
      "kept_steps": 64,
      "active_test_mae": 0.0026606966083493624,
      "test_mae": 0.0026606966083493624
    },
    {
      "fraction": 0.75,
      "kept_steps": 96,
      "active_test_mae": 0.002595860469732282,
      "test_mae": 0.002595860469732282
    },
    {
      "fraction": 1.0,
      "kept_steps": 128,
      "active_test_mae": 0.002595860469732282,
      "test_mae": 0.002595860469732282
    }
  ]
}