{
  "train_observed_forward_residual": {
    "mean": 2.455018898152194e-05,
    "median": 1.4358304624079304e-05,
    "max": 7.935038505373565e-05,
    "mse": 1.0825805806450949e-09
  },
  "test_observed_forward_residual": {
    "mean": 1.3702758389054302e-05,
    "median": 1.3623428998518246e-05,
    "max": 1.4565428526912086e-05,
    "mse": 1.8808234053359828e-10
  },
  "train_clean_forward_residual": {
    "mean": 1.3972694711844144e-05,
    "median": 1.4049256132870209e-06,
    "max": 7.933447497547464e-05,
    "mse": 8.908745175491539e-10
  },
  "test_clean_forward_residual": {
    "mean": 1.2657989148738287e-06,
    "median": 1.1388568236053848e-06,
    "max": 2.068965143943274e-06,
    "mse": 1.7294901076015311e-12
  },
  "train_observation_noise_floor": {
    "mean": 1.4134642406194176e-05,
    "median": 1.4339923449343907e-05,
    "max": 1.5312378993319748e-05,
    "mse": 2.002598852916292e-10
  },
  "test_observation_noise_floor": {
    "mean": 1.3765334995120202e-05,
    "median": 1.3693375603748957e-05,
    "max": 1.4597991709935976e-05,
    "mse": 1.8979072195728898e-10
  }
}
