{
  "observation_mode": "event_traces",
  "time_axis_size": 128,
  "records": [
    {
      "fraction": 0.25,
      "kept_steps": 32,
      "active_test_mae": 0.006573893534009638,
      "test_mae": 0.0021912983413752505
    },
    {
      "fraction": 0.5,
      "kept_steps": 64,
      "active_test_mae": 0.006587601306315775,
      "test_mae": 0.0021958675988106293
    },
    {
      "fraction": 0.75,
      "kept_steps": 96,
      "active_test_mae": 0.006587601306315775,
      "test_mae": 0.0021958675988106293
    },
    {
      "fraction": 1.0,
      "kept_steps": 128,
      "active_test_mae": 0.006587601306315775,
      "test_mae": 0.0021958675988106293
    }
  ]
}