{
    "train_mae": 0.002596129331501993,
    "train_rmse": 0.0037770467148826475,
    "test_mae": 0.002544894215403809,
    "test_rmse": 0.0036083512237626092,
    "per_parameter_mae_train": {
        "s": 0.005000357962698774,
        "t0": 0.0004909211028300632,
        "x0": 0.0022971089289771413
    },
    "per_parameter_mae_test": {
        "s": 0.004608669827596975,
        "t0": 0.0007030434029234547,
        "x0": 0.0023229694156909984
    },
    "per_parameter_rmse_train": {
        "s": 0.005918792470711487,
        "t0": 0.0005592980513740376,
        "x0": 0.002730078210893528
    },
    "per_parameter_rmse_test": {
        "s": 0.005604140451747278,
        "t0": 0.0007323945900473349,
        "x0": 0.0026679212176611506
    },
    "train_data_loss": 0.9221183657646179,
    "train_physics_loss": 0.0034324380103498697,
    "train_total_loss": 0.9221183657646179,
    "train_actual_physics_residual": 2.6906588068698056e-10,
    "test_data_loss": 1.0893230438232422,
    "test_physics_loss": 0.003077201545238495,
    "test_total_loss": 1.0893230438232422,
    "test_actual_physics_residual": 2.949215871517197e-10,
    "training_time_seconds": 4.061896047000118,
    "evaluation_time_seconds": 0.039122571000007156,
    "parameter_names": [
        "s",
        "t0",
        "x0"
    ],
    "timestamp": "2026-05-26T14:04:05.520286"
}