{
    "train_mae": 0.0028404626514356747,
    "train_rmse": 0.004111403058746518,
    "test_mae": 0.002984072213871283,
    "test_rmse": 0.00448122666533185,
    "per_parameter_mae_train": {
        "s": 0.005769568547887887,
        "t0": 0.0005558140285355006,
        "x0": 0.002196005377883636
    },
    "per_parameter_mae_test": {
        "s": 0.0065291658295725166,
        "t0": 0.000459418390304932,
        "x0": 0.0019636324217364018
    },
    "per_parameter_rmse_train": {
        "s": 0.006606518435558859,
        "t0": 0.0006223468630195034,
        "x0": 0.002584086662076439
    },
    "per_parameter_rmse_test": {
        "s": 0.007335072624952812,
        "t0": 0.0005297958445277872,
        "x0": 0.0024819756703143964
    },
    "train_data_loss": 0.9306361675262451,
    "train_physics_loss": 0.004276437684893608,
    "train_total_loss": 0.9306361675262451,
    "train_actual_physics_residual": 2.6961671784064833e-10,
    "test_data_loss": 0.8931532502174377,
    "test_physics_loss": 0.00527164014056325,
    "test_total_loss": 0.8931532502174377,
    "test_actual_physics_residual": 3.0572303022502467e-10,
    "training_time_seconds": 13.043278323999402,
    "evaluation_time_seconds": 0.13050966000082553,
    "parameter_names": [
        "s",
        "t0",
        "x0"
    ],
    "timestamp": "2026-05-26T02:05:15.258547"
}