{
  "observation_mode": "event_traces",
  "time_axis_size": 128,
  "records": [
    {
      "fraction": 0.25,
      "kept_steps": 32,
      "active_test_mae": 0.003363775796196957,
      "test_mae": 0.003363775796196957
    },
    {
      "fraction": 0.5,
      "kept_steps": 64,
      "active_test_mae": 0.0029919268865882093,
      "test_mae": 0.0029919268865882093
    },
    {
      "fraction": 0.75,
      "kept_steps": 96,
      "active_test_mae": 0.0028079807439941895,
      "test_mae": 0.0028079807439941895
    },
    {
      "fraction": 1.0,
      "kept_steps": 128,
      "active_test_mae": 0.0028079807439941895,
      "test_mae": 0.0028079807439941895
    }
  ]
}