{
    "train_mae": 0.002167710523177869,
    "train_rmse": 0.0034299538618400628,
    "test_mae": 0.0023509308524203077,
    "test_rmse": 0.0034280547401682715,
    "per_parameter_mae_train": {
        "s": 0.004925400162461257,
        "t0": 0.0005092372688811372,
        "x0": 0.0010684941381912116
    },
    "per_parameter_mae_test": {
        "s": 0.004879072327181672,
        "t0": 0.0007425521124641885,
        "x0": 0.0014311681176150627
    },
    "per_parameter_rmse_train": {
        "s": 0.005774131269664671,
        "t0": 0.0005872572155815294,
        "x0": 0.001268182765409923
    },
    "per_parameter_rmse_test": {
        "s": 0.005637850824486531,
        "t0": 0.0007608477647824656,
        "x0": 0.0017001254849076696
    },
    "train_data_loss": 0.6777394413948059,
    "train_physics_loss": 0.0032667070627212524,
    "train_total_loss": 0.6777394413948059,
    "train_actual_physics_residual": 2.6906588068698056e-10,
    "test_data_loss": 0.9442930817604065,
    "test_physics_loss": 0.003114330815151334,
    "test_total_loss": 0.9442930817604065,
    "test_actual_physics_residual": 2.949215871517197e-10,
    "training_time_seconds": 0.5181150530006562,
    "evaluation_time_seconds": 0.07716976400115527,
    "parameter_names": [
        "s",
        "t0",
        "x0"
    ],
    "timestamp": "2026-05-26T10:03:56.757544"
}