{
    "train_mae": 0.002897015222219459,
    "train_rmse": 0.00418966617366832,
    "test_mae": 0.0030088257271591637,
    "test_rmse": 0.00446231551328605,
    "per_parameter_mae_train": {
        "s": 0.005743285694485893,
        "t0": 0.0005659644857886711,
        "x0": 0.0023817954863838125
    },
    "per_parameter_mae_test": {
        "s": 0.0065744516046837885,
        "t0": 0.0004362952584721897,
        "x0": 0.0020157303183215144
    },
    "per_parameter_rmse_train": {
        "s": 0.00667771889660851,
        "t0": 0.0006270426052924286,
        "x0": 0.002770342189941043
    },
    "per_parameter_rmse_test": {
        "s": 0.007332190854813315,
        "t0": 0.0005153493521139784,
        "x0": 0.0023895965212160164
    },
    "train_data_loss": 0.9849767684936523,
    "train_physics_loss": 0.004369111731648445,
    "train_total_loss": 0.9849767684936523,
    "train_actual_physics_residual": 2.6961671784064833e-10,
    "test_data_loss": 0.8609523177146912,
    "test_physics_loss": 0.005267497152090073,
    "test_total_loss": 0.8609523177146912,
    "test_actual_physics_residual": 3.0572303022502467e-10,
    "training_time_seconds": 18.25000691899993,
    "evaluation_time_seconds": 0.16678307000006498,
    "parameter_names": [
        "s",
        "t0",
        "x0"
    ],
    "timestamp": "2026-05-26T03:32:03.742003"
}