{
  "train": {
    "event_abs_mean": 0.014892578125,
    "event_active_fraction_gt_1e_6": 0.014892578125,
    "spike_mean": 0.06308318674564362,
    "spike_active_fraction_gt_0p5": 0.00462239608168602,
    "spike_count_per_sample_mean": 11.833333969116211,
    "first_spike_flat_index_mean": 1021.5833740234375,
    "mem_abs_mean": 1.3091081380844116
  },
  "test": {
    "event_abs_mean": 0.015380859375,
    "event_active_fraction_gt_1e_6": 0.015380859375,
    "spike_mean": 0.06300266832113266,
    "spike_active_fraction_gt_0p5": 0.0047851563431322575,
    "spike_count_per_sample_mean": 12.25,
    "first_spike_flat_index_mean": 807.0,
    "mem_abs_mean": 1.3071272373199463
  }
}