{
  "observation_mode": "event_traces",
  "time_axis_size": 128,
  "records": [
    {
      "fraction": 0.25,
      "kept_steps": 32,
      "active_test_mae": 0.006932349986723959,
      "test_mae": 0.0023107838256133575
    },
    {
      "fraction": 0.5,
      "kept_steps": 64,
      "active_test_mae": 0.006758717709331435,
      "test_mae": 0.0022529063998158495
    },
    {
      "fraction": 0.75,
      "kept_steps": 96,
      "active_test_mae": 0.006664322291897917,
      "test_mae": 0.0022214412606713432
    },
    {
      "fraction": 1.0,
      "kept_steps": 128,
      "active_test_mae": 0.006664322291897917,
      "test_mae": 0.0022214412606713432
    }
  ]
}