{
  "observation_mode": "event_traces",
  "time_axis_size": 128,
  "records": [
    {
      "fraction": 0.25,
      "kept_steps": 32,
      "active_test_mae": 0.0028039714947566243,
      "test_mae": 0.0028039714947566243
    },
    {
      "fraction": 0.5,
      "kept_steps": 64,
      "active_test_mae": 0.00267531396970904,
      "test_mae": 0.00267531396970904
    },
    {
      "fraction": 0.75,
      "kept_steps": 96,
      "active_test_mae": 0.002603291543809364,
      "test_mae": 0.002603291543809364
    },
    {
      "fraction": 1.0,
      "kept_steps": 128,
      "active_test_mae": 0.00267634777076594,
      "test_mae": 0.00267634777076594
    }
  ]
}