{
    "train_mae": 0.0007393390597378375,
    "train_rmse": 0.0011919372609391563,
    "test_mae": 0.00267634777076594,
    "test_rmse": 0.004548301859729879,
    "per_parameter_mae_train": {
        "s": 0.0015232245933607979,
        "t0": 0.0001464395936296054,
        "x0": 0.000548352992223109
    },
    "per_parameter_mae_test": {
        "s": 0.006122352402415236,
        "t0": 0.0003938413199959133,
        "x0": 0.0015128495898866713
    },
    "per_parameter_rmse_train": {
        "s": 0.0019396065026376925,
        "t0": 0.00018892397545147724,
        "x0": 0.0006814526017784383
    },
    "per_parameter_rmse_test": {
        "s": 0.007623720916283672,
        "t0": 0.0005329494779769869,
        "x0": 0.0019120652881661033
    },
    "train_data_loss": 0.07742674648761749,
    "train_physics_loss": 0.0003686097334139049,
    "train_total_loss": 0.07742674648761749,
    "train_actual_physics_residual": 2.6961671784064833e-10,
    "test_data_loss": 0.8209890127182007,
    "test_physics_loss": 0.005694691091775894,
    "test_total_loss": 0.8209890127182007,
    "test_actual_physics_residual": 3.0572303022502467e-10,
    "training_time_seconds": 6.28254913299952,
    "evaluation_time_seconds": 0.06331757299994933,
    "parameter_names": [
        "s",
        "t0",
        "x0"
    ],
    "timestamp": "2026-05-26T04:28:31.528953"
}