{
    "train_mae": 0.002824756414698204,
    "train_rmse": 0.00399073347110039,
    "test_mae": 0.0024882444761153274,
    "test_rmse": 0.004045863355658698,
    "per_parameter_mae_train": {
        "s": 0.005391360766391715,
        "t0": 0.00043028705932126877,
        "x0": 0.002652621418381629
    },
    "per_parameter_mae_test": {
        "s": 0.005392113408411455,
        "t0": 0.0005425070016272833,
        "x0": 0.0015301130183072442
    },
    "per_parameter_rmse_train": {
        "s": 0.006193106310219253,
        "t0": 0.000523908339880355,
        "x0": 0.003024700843688378
    },
    "per_parameter_rmse_test": {
        "s": 0.006741524692499484,
        "t0": 0.0005674541872246343,
        "x0": 0.0018267105528261833
    },
    "train_data_loss": 1.0097070932388306,
    "train_physics_loss": 0.0037579701747745275,
    "train_total_loss": 1.0097070932388306,
    "train_actual_physics_residual": 2.364869966520189e-10,
    "test_data_loss": 0.9179538488388062,
    "test_physics_loss": 0.004453003406524658,
    "test_total_loss": 0.9179538488388062,
    "test_actual_physics_residual": 3.2109151448800333e-10,
    "training_time_seconds": 1.0472352319998208,
    "evaluation_time_seconds": 0.05341077899993252,
    "parameter_names": [
        "s",
        "t0",
        "x0"
    ],
    "timestamp": "2026-05-26T13:47:01.064983"
}