{
    "train_mae": 0.0027962595357507634,
    "train_rmse": 0.00406705845266713,
    "test_mae": 0.002964654979541841,
    "test_rmse": 0.004420014579088842,
    "per_parameter_mae_train": {
        "s": 0.005597566302123005,
        "t0": 0.0005456809883372626,
        "x0": 0.0022455313167920217
    },
    "per_parameter_mae_test": {
        "s": 0.006467323718131712,
        "t0": 0.0004753327020604395,
        "x0": 0.001951308518433373
    },
    "per_parameter_rmse_train": {
        "s": 0.006517004345343177,
        "t0": 0.0006118777771803941,
        "x0": 0.002603296625589251
    },
    "per_parameter_rmse_test": {
        "s": 0.007238313165622746,
        "t0": 0.0005493950246335511,
        "x0": 0.0024319897741055647
    },
    "train_data_loss": 0.9153793454170227,
    "train_physics_loss": 0.00416133739054203,
    "train_total_loss": 0.9153793454170227,
    "train_actual_physics_residual": 2.6961671784064833e-10,
    "test_data_loss": 0.890191912651062,
    "test_physics_loss": 0.0051334756426513195,
    "test_total_loss": 0.890191912651062,
    "test_actual_physics_residual": 3.0572303022502467e-10,
    "training_time_seconds": 3.382893406999756,
    "evaluation_time_seconds": 0.05232869999963441,
    "parameter_names": [
        "s",
        "t0",
        "x0"
    ],
    "timestamp": "2026-05-26T04:15:17.349766"
}