{
    "train_mae": 0.014043058363817175,
    "train_rmse": 0.026007413582835988,
    "test_mae": 0.009742208104732824,
    "test_rmse": 0.019244864587739618,
    "per_parameter_mae_train": {
        "D": 0.0004979372852136907,
        "r": 0.02758817944242066
    },
    "per_parameter_mae_test": {
        "D": 0.0004007692669384119,
        "r": 0.019083646942527236
    },
    "per_parameter_rmse_train": {
        "D": 0.0005555916355333784,
        "r": 0.036775840445486624
    },
    "per_parameter_rmse_test": {
        "D": 0.0004543435883591582,
        "r": 0.027212555887027326
    },
    "train_data_loss": 0.021195126697421074,
    "train_physics_loss": 2.235186184407212e-05,
    "train_total_loss": 0.021217478439211845,
    "train_actual_physics_residual": 6.7098210365657e-07,
    "test_data_loss": 0.01406874693930149,
    "test_physics_loss": 1.2730987691611517e-05,
    "test_total_loss": 0.014081478118896484,
    "test_actual_physics_residual": 4.412823386701348e-07,
    "training_time_seconds": 31.220069112000147,
    "evaluation_time_seconds": 0.18709413600004154,
    "parameter_names": [
        "D",
        "r"
    ],
    "timestamp": "2026-05-11T20:42:27.560923"
}