{
  "train": {
    "event_abs_mean": 0.015625,
    "event_active_fraction_gt_1e_6": 0.015625,
    "spike_mean": 0.06659731268882751,
    "spike_active_fraction_gt_0p5": 0.004538143519312143,
    "spike_count_per_sample_mean": 11.617647171020508,
    "first_spike_flat_index_mean": 604.490234375,
    "mem_abs_mean": 1.6469101905822754
  },
  "test": {
    "event_abs_mean": 0.015625,
    "event_active_fraction_gt_1e_6": 0.015625,
    "spike_mean": 0.06659325957298279,
    "spike_active_fraction_gt_0p5": 0.004311899188905954,
    "spike_count_per_sample_mean": 11.038461685180664,
    "first_spike_flat_index_mean": 660.0769653320312,
    "mem_abs_mean": 1.6469392776489258
  }
}