{
  "train_polynomial_residual": {
    "mean": 1.468002875332848e-05,
    "median": 1.4553837089650374e-05,
    "max": 1.636519691337159e-05,
    "mse": 2.163485658411432e-10
  },
  "test_polynomial_residual": {
    "mean": 1.4330319556667359e-05,
    "median": 1.3917266816289839e-05,
    "max": 1.538637972760374e-05,
    "mse": 2.0584166896084433e-10
  },
  "train_forward_linear_error": {
    "mean": 0.00021975851854844091,
    "median": 0.00020019749624919839,
    "max": 0.0005136672691139572,
    "mse": 7.573422998561572e-08
  },
  "test_forward_linear_error": {
    "mean": 0.00011358443694803052,
    "median": 8.341295915436278e-05,
    "max": 0.0003053644261007466,
    "mse": 2.0642994691773452e-08
  },
  "train_forward_quadratic_error": {
    "mean": 1.4291805375933738e-05,
    "median": 1.441028248257596e-05,
    "max": 1.551912082295797e-05,
    "mse": 2.0479734121495156e-10
  },
  "test_forward_quadratic_error": {
    "mean": 1.383468748164077e-05,
    "median": 1.3858839045202032e-05,
    "max": 1.4679479748398358e-05,
    "mse": 1.9174038195528314e-10
  },
  "train_observed_forward_residual": {
    "mean": 1.4618363565636384e-05,
    "median": 1.4609183666323581e-05,
    "max": 1.598363933694529e-05,
    "mse": 2.1438111127494906e-10
  },
  "test_observed_forward_residual": {
    "mean": 1.4173888445516773e-05,
    "median": 1.3918803479284521e-05,
    "max": 1.5145215492282177e-05,
    "mse": 2.0128779351114377e-10
  },
  "train_clean_forward_residual": {
    "mean": 3.739147545114372e-06,
    "median": 3.9519115654390965e-06,
    "max": 6.906964676754664e-06,
    "mse": 1.7241141286567407e-11
  },
  "test_clean_forward_residual": {
    "mean": 3.248975870288026e-06,
    "median": 3.984096649900616e-06,
    "max": 4.57376046283396e-06,
    "mse": 1.2432292735964574e-11
  },
  "train_observation_noise_floor": {
    "mean": 1.4134642406195077e-05,
    "median": 1.4339923449345069e-05,
    "max": 1.5312378993319748e-05,
    "mse": 2.0025988529165444e-10
  },
  "test_observation_noise_floor": {
    "mean": 1.376533499511875e-05,
    "median": 1.3693375603748957e-05,
    "max": 1.4597991709935976e-05,
    "mse": 1.8979072195724866e-10
  }
}
