{
  "train": {
    "event_abs_mean": 0.015380859375,
    "event_active_fraction_gt_1e_6": 0.015380859375,
    "spike_mean": 0.04666008800268173,
    "spike_active_fraction_gt_0p5": 0.004036458674818277,
    "spike_count_per_sample_mean": 10.333333969116211,
    "first_spike_flat_index_mean": 14.416666984558105,
    "mem_abs_mean": 0.9273496270179749
  },
  "test": {
    "event_abs_mean": 0.015380859375,
    "event_active_fraction_gt_1e_6": 0.015380859375,
    "spike_mean": 0.0466918870806694,
    "spike_active_fraction_gt_0p5": 0.0038085938431322575,
    "spike_count_per_sample_mean": 9.75,
    "first_spike_flat_index_mean": 109.0,
    "mem_abs_mean": 0.9287391901016235
  }
}