{
  "train": {
    "event_abs_mean": 0.015625,
    "event_active_fraction_gt_1e_6": 0.015625,
    "spike_mean": 0.1112409457564354,
    "spike_active_fraction_gt_0p5": 0.011297488585114479,
    "spike_count_per_sample_mean": 28.92156982421875,
    "first_spike_flat_index_mean": 23.3137264251709,
    "mem_abs_mean": 0.9796679019927979
  },
  "test": {
    "event_abs_mean": 0.015625,
    "event_active_fraction_gt_1e_6": 0.015625,
    "spike_mean": 0.11120163649320602,
    "spike_active_fraction_gt_0p5": 0.010997596196830273,
    "spike_count_per_sample_mean": 28.153846740722656,
    "first_spike_flat_index_mean": 23.38461685180664,
    "mem_abs_mean": 0.9800644516944885
  }
}