{
    "train_mae": 8.391724889251033e-06,
    "train_rmse": 2.9310899623960896e-05,
    "test_mae": 5.12341559907473e-07,
    "test_rmse": 8.44952523209806e-07,
    "per_parameter_mae_train": {
        "alpha": 2.9194515949981793e-06,
        "beta": 0.0,
        "gamma": 2.225572307275492e-05
    },
    "per_parameter_mae_test": {
        "alpha": 2.392365651931223e-07,
        "beta": 0.0,
        "gamma": 1.2977881145292969e-06
    },
    "per_parameter_rmse_train": {
        "alpha": 6.388085499125982e-06,
        "beta": 0.0,
        "gamma": 5.036446042551821e-05
    },
    "per_parameter_rmse_test": {
        "alpha": 2.919818634504314e-07,
        "beta": 0.0,
        "gamma": 1.4340784116818254e-06
    },
    "train_data_loss": 8.591288367659111e-10,
    "train_physics_loss": 5.429667366728168e-12,
    "train_total_loss": 8.645585041326392e-10,
    "train_actual_physics_residual": 5.429667366728168e-12,
    "test_data_loss": 7.139447664786178e-13,
    "test_physics_loss": 9.407427963228212e-13,
    "test_total_loss": 1.654687562801439e-12,
    "test_actual_physics_residual": 9.407427963228212e-13,
    "training_time_seconds": 4.768532789999881,
    "evaluation_time_seconds": 5.791999683424365e-06,
    "parameter_names": [
        "alpha",
        "beta",
        "gamma"
    ],
    "timestamp": "2026-07-01T15:31:44.975446"
}