{
    "train_mae": 0.0024784973965884852,
    "train_rmse": 0.0037338104099816794,
    "test_mae": 0.002475240389647975,
    "test_rmse": 0.004241063167962159,
    "per_parameter_mae_train": {
        "s": 0.004177076620669258,
        "t0": 0.00044082169286990824,
        "x0": 0.0028175938762262883
    },
    "per_parameter_mae_test": {
        "s": 0.004441406243186119,
        "t0": 0.00014055134038067074,
        "x0": 0.002843763585377135
    },
    "per_parameter_rmse_train": {
        "s": 0.00550246486847324,
        "t0": 0.0004933641185275784,
        "x0": 0.0033620667380095154
    },
    "per_parameter_rmse_test": {
        "s": 0.006466094078684133,
        "t0": 0.00015663252328227117,
        "x0": 0.0034820890284701063
    },
    "train_data_loss": 0.875224232673645,
    "train_physics_loss": 0.003972482867538929,
    "train_total_loss": 0.875224232673645,
    "train_actual_physics_residual": 2.0537377354301611e-10,
    "test_data_loss": 0.7902209758758545,
    "test_physics_loss": 0.004096546210348606,
    "test_total_loss": 0.7902209758758545,
    "test_actual_physics_residual": 2.212605099138898e-10,
    "training_time_seconds": 4.832710342000155,
    "evaluation_time_seconds": 0.121150033000049,
    "parameter_names": [
        "s",
        "t0",
        "x0"
    ],
    "timestamp": "2026-05-26T18:53:56.076741"
}