{
    "train_mae": 0.001416753557780945,
    "train_rmse": 0.004297985221474367,
    "test_mae": 0.0025154572511470277,
    "test_rmse": 0.008657131067878136,
    "per_parameter_mae_train": {
        "a": 0.0001007743914288813,
        "d": 0.007777827541549884,
        "epsilon": 1.341104505225843e-09,
        "k": 0.0,
        "mu1": 0.0006219180726023981,
        "mu2": 0.0
    },
    "per_parameter_mae_test": {
        "a": 0.0002162364624955891,
        "d": 0.013536533472300704,
        "epsilon": 1.341104505225843e-09,
        "k": 0.0,
        "mu1": 0.00133997223098137,
        "mu2": 0.0
    },
    "per_parameter_rmse_train": {
        "a": 0.00012747864706816745,
        "d": 0.010498694279484978,
        "epsilon": 1.341104505225843e-09,
        "k": 0.0,
        "mu1": 0.0007728061882009445,
        "mu2": 0.0
    },
    "per_parameter_rmse_test": {
        "a": 0.0003666378373590084,
        "d": 0.021099636903584212,
        "epsilon": 1.3411045052258428e-09,
        "k": 0.0,
        "mu1": 0.002084804353326,
        "mu2": 0.0
    },
    "train_data_loss": 0.0020029975567013025,
    "train_physics_loss": 0.0019280340056866407,
    "train_total_loss": 0.0020029975567013025,
    "train_actual_physics_residual": 0.0019254310755059123,
    "test_data_loss": 0.013391123153269291,
    "test_physics_loss": 0.0019506164826452732,
    "test_total_loss": 0.013391123153269291,
    "test_actual_physics_residual": 0.0019396020798012614,
    "training_time_seconds": 262.3891338859976,
    "evaluation_time_seconds": 1.0015197769971564,
    "parameter_names": [
        "a",
        "d",
        "epsilon",
        "k",
        "mu1",
        "mu2"
    ],
    "timestamp": "2026-05-11T03:30:10.521843"
}