{
    "train_mae": 0.0013165226284556583,
    "train_rmse": 0.00324084424567523,
    "test_mae": 0.0019389360318483066,
    "test_rmse": 0.004728182792412875,
    "per_parameter_mae_train": {
        "a": 0.0009110056850122814,
        "beta": 0.0,
        "d": 0.0065038787151783795,
        "epsilon": 2.2351741811588166e-10,
        "gamma": 0.00048425114702587086,
        "k": 0.0
    },
    "per_parameter_mae_test": {
        "a": 0.0013021231317206284,
        "beta": 0.0,
        "d": 0.00957523960945989,
        "epsilon": 2.2351741811588166e-10,
        "gamma": 0.0007562532263919022,
        "k": 0.0
    },
    "per_parameter_rmse_train": {
        "a": 0.0011546648197509122,
        "beta": 0.0,
        "d": 0.007827458323062543,
        "epsilon": 2.2351741811588166e-10,
        "gamma": 0.0006450379082704684,
        "k": 0.0
    },
    "per_parameter_rmse_test": {
        "a": 0.0016213018902452444,
        "beta": 0.0,
        "d": 0.011430093014550368,
        "epsilon": 2.2351741811588164e-10,
        "gamma": 0.00092662234498706,
        "k": 0.0
    },
    "train_data_loss": 0.24231821298599243,
    "train_physics_loss": 0.0,
    "train_total_loss": 0.24231821298599243,
    "train_actual_physics_residual": 0.0,
    "test_data_loss": 0.5053987503051758,
    "test_physics_loss": 0.0,
    "test_total_loss": 0.5053987503051758,
    "test_actual_physics_residual": 0.0,
    "training_time_seconds": 260.5195516660001,
    "evaluation_time_seconds": 1.2445446100000481,
    "parameter_names": [
        "a",
        "beta",
        "d",
        "epsilon",
        "gamma",
        "k"
    ],
    "timestamp": "2026-06-10T11:37:12.805029"
}