{
    "train_mae": 0.0011056996393312229,
    "train_rmse": 0.0024649091728167045,
    "test_mae": 0.0010438923529584722,
    "test_rmse": 0.0022992184972682223,
    "per_parameter_mae_train": {
        "a": 0.0010031966426123484,
        "beta": 0.0,
        "d": 0.005115233649897706,
        "epsilon": 4.749745128457272e-11,
        "gamma": 0.0005157674959798305,
        "k": 0.0
    },
    "per_parameter_mae_test": {
        "a": 0.0011023168296433808,
        "beta": 0.0,
        "d": 0.004584089009080803,
        "epsilon": 4.749745128457272e-11,
        "gamma": 0.0005769482315291982,
        "k": 0.0
    },
    "per_parameter_rmse_train": {
        "a": 0.0011957166296938395,
        "beta": 0.0,
        "d": 0.005884948220450932,
        "epsilon": 4.7497451284572716e-11,
        "gamma": 0.0006263462025913417,
        "k": 0.0
    },
    "per_parameter_rmse_test": {
        "a": 0.0012994813391370738,
        "beta": 0.0,
        "d": 0.005438735163289177,
        "epsilon": 4.7497451284572716e-11,
        "gamma": 0.0006707773564443031,
        "k": 0.0
    },
    "train_data_loss": 0.6703305244445801,
    "train_physics_loss": 2.7687901820172556e-06,
    "train_total_loss": 0.6703305244445801,
    "train_actual_physics_residual": 2.7674559532897547e-06,
    "test_data_loss": 0.6785373687744141,
    "test_physics_loss": 2.39691303249856e-06,
    "test_total_loss": 0.6785373687744141,
    "test_actual_physics_residual": 2.3955262804520316e-06,
    "training_time_seconds": 193.0695010740019,
    "evaluation_time_seconds": 0.6221645240002545,
    "parameter_names": [
        "a",
        "beta",
        "d",
        "epsilon",
        "gamma",
        "k"
    ],
    "timestamp": "2026-05-11T01:08:18.010752"
}