{
    "train_mae": 0.0020338978251680973,
    "train_rmse": 0.0031699546660160258,
    "test_mae": 0.0025942094812204503,
    "test_rmse": 0.003699286608504166,
    "per_parameter_mae_train": {
        "s": 0.0032662414599117784,
        "t0": 0.0003952931806403386,
        "x0": 0.0024401588349521747
    },
    "per_parameter_mae_test": {
        "s": 0.005299091800649358,
        "t0": 0.00026619552248242223,
        "x0": 0.00221734112052957
    },
    "per_parameter_rmse_train": {
        "s": 0.0045955102312738695,
        "t0": 0.0005309410233082137,
        "x0": 0.0029572326756303648
    },
    "per_parameter_rmse_test": {
        "s": 0.00587705540286975,
        "t0": 0.0003800174050138875,
        "x0": 0.0025238801079014734
    },
    "train_data_loss": 0.7480320334434509,
    "train_physics_loss": 0.0020692262332886457,
    "train_total_loss": 0.7480320334434509,
    "train_actual_physics_residual": 2.0537377354301611e-10,
    "test_data_loss": 0.6529136896133423,
    "test_physics_loss": 0.003384203417226672,
    "test_total_loss": 0.6529136896133423,
    "test_actual_physics_residual": 2.212605099138898e-10,
    "training_time_seconds": 1.494519192000098,
    "evaluation_time_seconds": 0.0333417830001963,
    "parameter_names": [
        "s",
        "t0",
        "x0"
    ],
    "timestamp": "2026-05-26T13:50:53.644806"
}