{
    "train_mae": 0.002588416318579573,
    "train_rmse": 0.0038772217680311557,
    "test_mae": 0.00269573816557277,
    "test_rmse": 0.004005404601150364,
    "per_parameter_mae_train": {
        "s": 0.005290794999335983,
        "t0": 0.0004650005718905001,
        "x0": 0.0020094533845122354
    },
    "per_parameter_mae_test": {
        "s": 0.00514407074723211,
        "t0": 0.0007602541188408952,
        "x0": 0.002182889630645305
    },
    "per_parameter_rmse_train": {
        "s": 0.006234973994413029,
        "t0": 0.0005521225238574761,
        "x0": 0.002432859618458577
    },
    "per_parameter_rmse_test": {
        "s": 0.00639385544818028,
        "t0": 0.000806371700362177,
        "x0": 0.00256869134879609
    },
    "train_data_loss": 0.8781745433807373,
    "train_physics_loss": 0.0038089549634605646,
    "train_total_loss": 0.8781745433807373,
    "train_actual_physics_residual": 2.6906588068698056e-10,
    "test_data_loss": 1.2533996105194092,
    "test_physics_loss": 0.004005559720098972,
    "test_total_loss": 1.2533996105194092,
    "test_actual_physics_residual": 2.949215871517197e-10,
    "training_time_seconds": 18.027540654002223,
    "evaluation_time_seconds": 0.3595473950008454,
    "parameter_names": [
        "s",
        "t0",
        "x0"
    ],
    "timestamp": "2026-05-24T21:44:19.170823"
}