{
    "train_mae": 0.0004576946206741799,
    "train_rmse": 0.000978020734755628,
    "test_mae": 0.0005267119640262057,
    "test_rmse": 0.0012542878229536117,
    "per_parameter_mae_train": {
        "a": 0.00040594848720459784,
        "d": 0.001788090138039997,
        "epsilon": 9.499490256914545e-11,
        "k": 0.0,
        "mu1": 0.000552117082876616,
        "mu2": 1.1920928966180355e-08
    },
    "per_parameter_mae_test": {
        "a": 0.0005219233972870427,
        "d": 0.0021518840811864115,
        "epsilon": 9.499490256914545e-11,
        "k": 0.0,
        "mu1": 0.0004864522897599116,
        "mu2": 1.1920928966180355e-08
    },
    "per_parameter_rmse_train": {
        "a": 0.0005172098450097474,
        "d": 0.0022354319021171275,
        "epsilon": 9.499490256914543e-11,
        "k": 0.0,
        "mu1": 0.0006888291027181625,
        "mu2": 1.1920928966180355e-08
    },
    "per_parameter_rmse_test": {
        "a": 0.0006319232004229295,
        "d": 0.002919424903173063,
        "epsilon": 9.499490256914545e-11,
        "k": 0.0,
        "mu1": 0.0007190681193157844,
        "mu2": 1.1920928966180354e-08
    },
    "train_data_loss": 0.2716901898384094,
    "train_physics_loss": 0.0,
    "train_total_loss": 0.2716901898384094,
    "train_actual_physics_residual": 0.0,
    "test_data_loss": 0.373201847076416,
    "test_physics_loss": 0.0,
    "test_total_loss": 0.373201847076416,
    "test_actual_physics_residual": 0.0,
    "training_time_seconds": 105.4043611149973,
    "evaluation_time_seconds": 0.3870781099976739,
    "parameter_names": [
        "a",
        "d",
        "epsilon",
        "k",
        "mu1",
        "mu2"
    ],
    "timestamp": "2026-06-18T03:49:05.260755"
}