{
    "train_mae": 0.002768106121629522,
    "train_rmse": 0.0040469207519998,
    "test_mae": 0.0027389404832741694,
    "test_rmse": 0.004017646986829955,
    "per_parameter_mae_train": {
        "s": 0.005519668174590419,
        "t0": 0.0005240152360320027,
        "x0": 0.002260634954266144
    },
    "per_parameter_mae_test": {
        "s": 0.005401795891916498,
        "t0": 0.0007264559927669112,
        "x0": 0.0020885695651390998
    },
    "per_parameter_rmse_train": {
        "s": 0.006445944682714346,
        "t0": 0.0005869330829827269,
        "x0": 0.002690354887814412
    },
    "per_parameter_rmse_test": {
        "s": 0.006479496849711674,
        "t0": 0.0007614926111765511,
        "x0": 0.002420890643967929
    },
    "train_data_loss": 0.9970248341560364,
    "train_physics_loss": 0.004071080591529608,
    "train_total_loss": 0.9970248341560364,
    "train_actual_physics_residual": 2.6906588068698056e-10,
    "test_data_loss": 1.1628572940826416,
    "test_physics_loss": 0.004113581497222185,
    "test_total_loss": 1.1628572940826416,
    "test_actual_physics_residual": 2.949215871517197e-10,
    "training_time_seconds": 2.4026558530022157,
    "evaluation_time_seconds": 0.05986491299699992,
    "parameter_names": [
        "s",
        "t0",
        "x0"
    ],
    "timestamp": "2026-05-24T12:57:29.507176"
}