{
  "train_polynomial_residual": {
    "mean": 9.853773969227976e-07,
    "median": 7.25569975479485e-07,
    "max": 2.848466356547019e-06,
    "mse": 1.8069414475695317e-12
  },
  "test_polynomial_residual": {
    "mean": 2.8521760367975564e-07,
    "median": 1.9116149695296111e-07,
    "max": 7.91357498509076e-07,
    "mse": 1.5323298969396973e-13
  },
  "train_forward_linear_error": {
    "mean": 0.00021849626238286757,
    "median": 0.0001997544669103943,
    "max": 0.0005148470943498761,
    "mse": 7.568919641305287e-08
  },
  "test_forward_linear_error": {
    "mean": 0.00011081550122295721,
    "median": 8.305844012459559e-05,
    "max": 0.0003043333075780703,
    "mse": 2.0260324412576717e-08
  },
  "train_forward_quadratic_error": {
    "mean": 1.7795695335729017e-06,
    "median": 1.4418113393408465e-06,
    "max": 4.929808848700558e-06,
    "mse": 5.394095299289755e-12
  },
  "test_forward_quadratic_error": {
    "mean": 8.691172342668875e-07,
    "median": 7.397940818891844e-07,
    "max": 2.291446571050968e-06,
    "mse": 1.3366464625187529e-12
  },
  "train_observed_forward_residual": {
    "mean": 1.3333144061664205e-06,
    "median": 9.925263177223394e-07,
    "max": 4.846304486842656e-06,
    "mse": 3.588048588228791e-12
  },
  "test_observed_forward_residual": {
    "mean": 8.000260490318584e-07,
    "median": 6.425111346079112e-07,
    "max": 2.2836461294355456e-06,
    "mse": 1.18369613524291e-12
  },
  "train_clean_forward_residual": {
    "mean": 1.3333144061664205e-06,
    "median": 9.925263177223394e-07,
    "max": 4.846304486842656e-06,
    "mse": 3.588048588228791e-12
  },
  "test_clean_forward_residual": {
    "mean": 8.000260490318584e-07,
    "median": 6.425111346079112e-07,
    "max": 2.2836461294355456e-06,
    "mse": 1.18369613524291e-12
  },
  "train_observation_noise_floor": {
    "mean": 0.0,
    "median": 0.0,
    "max": 0.0,
    "mse": 0.0
  },
  "test_observation_noise_floor": {
    "mean": 0.0,
    "median": 0.0,
    "max": 0.0,
    "mse": 0.0
  }
}
