{
    "train_mae": 0.002105537366946907,
    "train_rmse": 0.002992228631188408,
    "test_mae": 0.0021543691143482333,
    "test_rmse": 0.0034339831906667916,
    "per_parameter_mae_train": {
        "s": 0.0039061529897780733,
        "t0": 0.0003961520771431154,
        "x0": 0.0020143070339195333
    },
    "per_parameter_mae_test": {
        "s": 0.004653083618259256,
        "t0": 0.0005997625847773294,
        "x0": 0.0012102611400081145
    },
    "per_parameter_rmse_train": {
        "s": 0.004615639263127007,
        "t0": 0.00046937782479034045,
        "x0": 0.002309947011120911
    },
    "per_parameter_rmse_test": {
        "s": 0.00572563405538272,
        "t0": 0.0006514367977629557,
        "x0": 0.0014729108675368657
    },
    "train_data_loss": 0.6529598236083984,
    "train_physics_loss": 0.0020873721223324537,
    "train_total_loss": 0.6529598236083984,
    "train_actual_physics_residual": 2.364869966520189e-10,
    "test_data_loss": 0.8879092335700989,
    "test_physics_loss": 0.00321205984801054,
    "test_total_loss": 0.8879092335700989,
    "test_actual_physics_residual": 3.2109151448800333e-10,
    "training_time_seconds": 5.1497612510002,
    "evaluation_time_seconds": 0.087218564000068,
    "parameter_names": [
        "s",
        "t0",
        "x0"
    ],
    "timestamp": "2026-05-26T16:31:01.582601"
}