{
    "train_mae": 0.0005849522250769182,
    "train_rmse": 0.0012441317645049354,
    "test_mae": 0.0005494281197600204,
    "test_rmse": 0.001210971389095462,
    "per_parameter_mae_train": {
        "a": 0.00043619529146571594,
        "d": 0.0023751915674508307,
        "epsilon": 9.499490256914545e-11,
        "k": 0.0,
        "mu1": 0.000698314475621094,
        "mu2": 1.1920928966180355e-08
    },
    "per_parameter_mae_test": {
        "a": 0.0005003856581549518,
        "d": 0.002140369871411224,
        "epsilon": 9.499490256914545e-11,
        "k": 0.0,
        "mu1": 0.000655801173070078,
        "mu2": 1.1920928966180355e-08
    },
    "per_parameter_rmse_train": {
        "a": 0.0005319133685276182,
        "d": 0.002877595849161208,
        "epsilon": 9.499490256914543e-11,
        "k": 0.0,
        "mu1": 0.000850701699675423,
        "mu2": 1.1920928966180355e-08
    },
    "per_parameter_rmse_test": {
        "a": 0.0005660633464201748,
        "d": 0.002786628754228911,
        "epsilon": 9.499490256914545e-11,
        "k": 0.0,
        "mu1": 0.0008443830321891014,
        "mu2": 1.1920928966180354e-08
    },
    "train_data_loss": 0.36073389649391174,
    "train_physics_loss": 0.0,
    "train_total_loss": 0.36073389649391174,
    "train_actual_physics_residual": 0.0,
    "test_data_loss": 0.3718090057373047,
    "test_physics_loss": 0.0,
    "test_total_loss": 0.3718090057373047,
    "test_actual_physics_residual": 0.0,
    "training_time_seconds": 89.58189245400717,
    "evaluation_time_seconds": 0.5177453959477134,
    "parameter_names": [
        "a",
        "d",
        "epsilon",
        "k",
        "mu1",
        "mu2"
    ],
    "timestamp": "2026-06-15T22:21:43.805858"
}