{
    "train_mae": 0.002921023537901585,
    "train_rmse": 0.004236088105551646,
    "test_mae": 0.0030207638939549076,
    "test_rmse": 0.004470671069069113,
    "per_parameter_mae_train": {
        "s": 0.005785071568412622,
        "t0": 0.0005813488390477016,
        "x0": 0.00239665020624443
    },
    "per_parameter_mae_test": {
        "s": 0.00662422148307124,
        "t0": 0.00042626478769519904,
        "x0": 0.002011805411098285
    },
    "per_parameter_rmse_train": {
        "s": 0.006750321618244413,
        "t0": 0.0006452332073564437,
        "x0": 0.002801813604145545
    },
    "per_parameter_rmse_test": {
        "s": 0.007351723445579682,
        "t0": 0.0005175131526493333,
        "x0": 0.0023759297001350174
    },
    "train_data_loss": 1.0190962553024292,
    "train_physics_loss": 0.004464633297175169,
    "train_total_loss": 1.0190962553024292,
    "train_actual_physics_residual": 2.6961671784064833e-10,
    "test_data_loss": 0.8621671795845032,
    "test_physics_loss": 0.005295599345117807,
    "test_total_loss": 0.8621671795845032,
    "test_actual_physics_residual": 3.0572303022502467e-10,
    "training_time_seconds": 4.94014742300169,
    "evaluation_time_seconds": 0.05730282300100953,
    "parameter_names": [
        "s",
        "t0",
        "x0"
    ],
    "timestamp": "2026-05-26T06:04:42.928126"
}