{
    "train_mae": 0.0010522080394981224,
    "train_rmse": 0.002318854877379719,
    "test_mae": 0.0014782672870889216,
    "test_rmse": 0.003584666429905541,
    "per_parameter_mae_train": {
        "a": 0.0007187144414986941,
        "d": 0.004382771475741983,
        "epsilon": 9.499490256914545e-11,
        "k": 0.0,
        "mu1": 0.001211750303824189,
        "mu2": 1.1920928966180355e-08
    },
    "per_parameter_mae_test": {
        "a": 0.0009971689111048878,
        "d": 0.006193705033843039,
        "epsilon": 9.499490256914545e-11,
        "k": 0.0,
        "mu1": 0.0016787177616617325,
        "mu2": 1.1920928966180355e-08
    },
    "per_parameter_rmse_train": {
        "a": 0.0009095177003147295,
        "d": 0.0053902031425575704,
        "epsilon": 9.499490256914543e-11,
        "k": 0.0,
        "mu1": 0.001543053883933045,
        "mu2": 1.1920928966180357e-08
    },
    "per_parameter_rmse_test": {
        "a": 0.0014066103281187817,
        "d": 0.00834386426118013,
        "epsilon": 9.499490256914543e-11,
        "k": 0.0,
        "mu1": 0.0023452882675353203,
        "mu2": 1.1920928966180355e-08
    },
    "train_data_loss": 0.04600074142217636,
    "train_physics_loss": 0.0,
    "train_total_loss": 0.04600074142217636,
    "train_actual_physics_residual": 0.0,
    "test_data_loss": 0.10833412408828735,
    "test_physics_loss": 0.0,
    "test_total_loss": 0.10833412408828735,
    "test_actual_physics_residual": 0.0,
    "training_time_seconds": 107.4682078980004,
    "evaluation_time_seconds": 0.12201030099822674,
    "parameter_names": [
        "a",
        "d",
        "epsilon",
        "k",
        "mu1",
        "mu2"
    ],
    "timestamp": "2026-06-19T18:44:26.364713"
}