{
    "train_mae": 0.0008702402607683687,
    "train_rmse": 0.001464958619408576,
    "test_mae": 0.0012534433904227212,
    "test_rmse": 0.002320335111565139,
    "per_parameter_mae_train": {
        "s": 0.001824513874138838,
        "t0": 0.0003658754037967826,
        "x0": 0.00042033150436948555
    },
    "per_parameter_mae_test": {
        "s": 0.0027556370836361397,
        "t0": 0.0004430149233984022,
        "x0": 0.0005616781642336216
    },
    "per_parameter_rmse_train": {
        "s": 0.002444922987854336,
        "t0": 0.0004494706448492068,
        "x0": 0.0005085656227260238
    },
    "per_parameter_rmse_test": {
        "s": 0.00392253164168338,
        "t0": 0.0005341944721589493,
        "x0": 0.0006929984673817985
    },
    "train_data_loss": 0.22510945796966553,
    "train_physics_loss": 0.0005856887437403202,
    "train_total_loss": 0.22510945796966553,
    "train_actual_physics_residual": 2.6961671784064833e-10,
    "test_data_loss": 0.3737393915653229,
    "test_physics_loss": 0.0015075402334332466,
    "test_total_loss": 0.3737393915653229,
    "test_actual_physics_residual": 3.0572303022502467e-10,
    "training_time_seconds": 5.913576678000027,
    "evaluation_time_seconds": 0.09087277999969956,
    "parameter_names": [
        "s",
        "t0",
        "x0"
    ],
    "timestamp": "2026-05-26T04:26:14.325791"
}