{
  "train": {
    "event_abs_mean": 0.015286458656191826,
    "event_active_fraction_gt_1e_6": 0.015286458656191826,
    "spike_mean": 0.039074014872312546,
    "spike_active_fraction_gt_0p5": 0.0011406250996515155,
    "spike_count_per_sample_mean": 2.919999837875366,
    "first_spike_flat_index_mean": 1316.0799560546875,
    "mem_abs_mean": 1.1652270555496216
  },
  "test": {
    "event_abs_mean": 0.0154389888048172,
    "event_active_fraction_gt_1e_6": 0.0154389888048172,
    "spike_mean": 0.03899943828582764,
    "spike_active_fraction_gt_0p5": 0.0012834821827709675,
    "spike_count_per_sample_mean": 3.2857143878936768,
    "first_spike_flat_index_mean": 712.0,
    "mem_abs_mean": 1.1637436151504517
  }
}