{
  "observation_mode": "event_traces",
  "time_axis_size": 128,
  "records": [
    {
      "fraction": 0.25,
      "kept_steps": 32,
      "active_test_mae": 0.003509254845927033,
      "test_mae": 0.003509254845927033
    },
    {
      "fraction": 0.5,
      "kept_steps": 64,
      "active_test_mae": 0.0029265679100651276,
      "test_mae": 0.0029265679100651276
    },
    {
      "fraction": 0.75,
      "kept_steps": 96,
      "active_test_mae": 0.0027437679151196014,
      "test_mae": 0.0027437679151196014
    },
    {
      "fraction": 1.0,
      "kept_steps": 128,
      "active_test_mae": 0.0027437679151196014,
      "test_mae": 0.0027437679151196014
    }
  ]
}