{
  "train_observed_forward_residual": {
    "mean": 0.001409265899210883,
    "median": 0.001408819796334486,
    "max": 0.0015412561628426332,
    "mse": 1.9897253020570585e-06
  },
  "test_observed_forward_residual": {
    "mean": 0.001442907224962163,
    "median": 0.0014309709344729918,
    "max": 0.001604728541225875,
    "mse": 2.088054554366197e-06
  },
  "train_clean_forward_residual": {
    "mean": 0.0001185766715325208,
    "median": 0.00011066829346622718,
    "max": 0.00023439701736269902,
    "mse": 1.6631197351800843e-08
  },
  "test_clean_forward_residual": {
    "mean": 0.0002038632236551266,
    "median": 0.00019652060522853973,
    "max": 0.00038361230054126654,
    "mse": 5.16202943958815e-08
  },
  "train_observation_noise_floor": {
    "mean": 0.0014152128968944995,
    "median": 0.0014106759711393448,
    "max": 0.0015459872119667469,
    "mse": 2.0063566377951176e-06
  },
  "test_observation_noise_floor": {
    "mean": 0.0014601357929884093,
    "median": 0.0014542143921410608,
    "max": 0.0016499438430055671,
    "mse": 2.139673423864192e-06
  }
}
