{
  "observation_mode": "event_traces",
  "time_axis_size": 128,
  "records": [
    {
      "fraction": 0.25,
      "kept_steps": 32,
      "active_test_mae": 0.002310418989066383,
      "test_mae": 0.002310418989066383
    },
    {
      "fraction": 0.5,
      "kept_steps": 64,
      "active_test_mae": 0.002330769068613495,
      "test_mae": 0.002330769068613495
    },
    {
      "fraction": 0.75,
      "kept_steps": 96,
      "active_test_mae": 0.002330769068613495,
      "test_mae": 0.002330769068613495
    },
    {
      "fraction": 1.0,
      "kept_steps": 128,
      "active_test_mae": 0.002330769068613495,
      "test_mae": 0.002330769068613495
    }
  ]
}