{
  "train_observed_forward_residual": {
    "mean": 0.0016753469659186993,
    "median": 0.0018309559555234286,
    "max": 0.003261657307025143,
    "mse": 3.688755265198371e-06
  },
  "test_observed_forward_residual": {
    "mean": 0.0016788512307760982,
    "median": 0.001913593586895459,
    "max": 0.002684151325094234,
    "mse": 3.880543590994541e-06
  },
  "train_clean_forward_residual": {
    "mean": 0.0016752162909618989,
    "median": 0.0018297191356698998,
    "max": 0.0032616739964145386,
    "mse": 3.68907231494924e-06
  },
  "test_clean_forward_residual": {
    "mean": 0.001677938395129607,
    "median": 0.0019116041819690621,
    "max": 0.0026837579641463675,
    "mse": 3.878578022537943e-06
  },
  "train_observation_noise_floor": {
    "mean": 1.4152128968948477e-05,
    "median": 1.410675971143176e-05,
    "max": 1.5459872119662006e-05,
    "mse": 2.0063566377960403e-10
  },
  "test_observation_noise_floor": {
    "mean": 1.4601357929880621e-05,
    "median": 1.4542143921397978e-05,
    "max": 1.649943843001017e-05,
    "mse": 2.1396734238629708e-10
  }
}
