{
    "train_mae": 0.002281881815037666,
    "train_rmse": 0.003928171036945028,
    "test_mae": 0.0025035691189544437,
    "test_rmse": 0.004273242027423791,
    "per_parameter_mae_train": {
        "s": 0.005779889958689133,
        "t0": 0.0005721753482101931,
        "x0": 0.0004935801382136726
    },
    "per_parameter_mae_test": {
        "s": 0.006610145616958898,
        "t0": 0.0004383310029719172,
        "x0": 0.0004622307369325165
    },
    "per_parameter_rmse_train": {
        "s": 0.006749614594770377,
        "t0": 0.00063386071198857,
        "x0": 0.000576633771419433
    },
    "per_parameter_rmse_test": {
        "s": 0.0073610048530256674,
        "t0": 0.0005177519861609641,
        "x0": 0.0005738751688145339
    },
    "train_data_loss": 0.6866628527641296,
    "train_physics_loss": 0.004463698249310255,
    "train_total_loss": 0.6866628527641296,
    "train_actual_physics_residual": 2.6961671784064833e-10,
    "test_data_loss": 0.6370323896408081,
    "test_physics_loss": 0.005308978259563446,
    "test_total_loss": 0.6370323896408081,
    "test_actual_physics_residual": 3.0572303022502467e-10,
    "training_time_seconds": 11.72809886200048,
    "evaluation_time_seconds": 0.03296254100132501,
    "parameter_names": [
        "s",
        "t0",
        "x0"
    ],
    "timestamp": "2026-05-24T04:51:22.628325"
}