{
  "train_polynomial_residual": {
    "mean": 0.00012610153964610912,
    "median": 8.995994869110049e-05,
    "max": 0.0003671658306472601,
    "mse": 2.8275654595090703e-08
  },
  "test_polynomial_residual": {
    "mean": 4.232105425158678e-05,
    "median": 2.691794895082201e-05,
    "max": 0.00010502510129809055,
    "mse": 2.775839006924236e-09
  },
  "train_forward_linear_error": {
    "mean": 0.005443406638934089,
    "median": 0.004796603742864604,
    "max": 0.013203958305177135,
    "mse": 4.690288315091289e-05
  },
  "test_forward_linear_error": {
    "mean": 0.0027647024856781986,
    "median": 0.002011022164430167,
    "max": 0.007389619735469493,
    "mse": 1.2391052946043561e-05
  },
  "train_forward_quadratic_error": {
    "mean": 0.00022388730858480997,
    "median": 0.00018945189423873773,
    "max": 0.0006410968697693514,
    "mse": 8.382552446325238e-08
  },
  "test_forward_quadratic_error": {
    "mean": 0.0001128198283734507,
    "median": 9.019453864082525e-05,
    "max": 0.0002766711356572693,
    "mse": 2.1117963306019182e-08
  },
  "train_observed_forward_residual": {
    "mean": 0.00016817070084761997,
    "median": 0.00013237248580110883,
    "max": 0.0006387950896603768,
    "mse": 5.617533261047194e-08
  },
  "test_observed_forward_residual": {
    "mean": 0.00010418427380147405,
    "median": 7.805673098355284e-05,
    "max": 0.0002761754082825081,
    "mse": 1.8553948208550244e-08
  },
  "train_clean_forward_residual": {
    "mean": 0.0001658764952088859,
    "median": 0.00013114218588465004,
    "max": 0.0006383098444406666,
    "mse": 5.5877611448442546e-08
  },
  "test_clean_forward_residual": {
    "mean": 0.0001006259086964487,
    "median": 7.722881432521289e-05,
    "max": 0.0002758843629598823,
    "mse": 1.8427052126688845e-08
  },
  "train_observation_noise_floor": {
    "mean": 1.4152128968948477e-05,
    "median": 1.410675971143176e-05,
    "max": 1.5459872119662006e-05,
    "mse": 2.0063566377960403e-10
  },
  "test_observation_noise_floor": {
    "mean": 1.4601357929880621e-05,
    "median": 1.4542143921397978e-05,
    "max": 1.649943843001017e-05,
    "mse": 2.1396734238629708e-10
  }
}
