{
  "train": {
    "event_abs_mean": 0.015625,
    "event_active_fraction_gt_1e_6": 0.015625,
    "spike_mean": 0.07031936198472977,
    "spike_active_fraction_gt_0p5": 0.003117340849712491,
    "spike_count_per_sample_mean": 7.9803924560546875,
    "first_spike_flat_index_mean": 33.0588264465332,
    "mem_abs_mean": 0.9906104803085327
  },
  "test": {
    "event_abs_mean": 0.015625,
    "event_active_fraction_gt_1e_6": 0.015625,
    "spike_mean": 0.0703192800283432,
    "spike_active_fraction_gt_0p5": 0.003155048005282879,
    "spike_count_per_sample_mean": 8.076923370361328,
    "first_spike_flat_index_mean": 33.92307662963867,
    "mem_abs_mean": 0.9906090497970581
  }
}