{
  "train_polynomial_residual": {
    "mean": 0.00020584768530767708,
    "median": 0.00016821992463220744,
    "max": 0.0003968738628690239,
    "mse": 4.850855434926172e-08
  },
  "test_polynomial_residual": {
    "mean": 0.00015129370910636257,
    "median": 0.00014662448985106906,
    "max": 0.0001859543534933307,
    "mse": 2.3249151650928763e-08
  },
  "train_forward_linear_error": {
    "mean": 0.005451638057309005,
    "median": 0.00481456119860245,
    "max": 0.013216144099955248,
    "mse": 4.6944485738445705e-05
  },
  "test_forward_linear_error": {
    "mean": 0.00277994240166034,
    "median": 0.002006879426990877,
    "max": 0.007401454074588821,
    "mse": 1.2450397828674838e-05
  },
  "train_forward_quadratic_error": {
    "mean": 0.00028608777108549567,
    "median": 0.00023470815250910732,
    "max": 0.0006654427369143349,
    "mse": 1.055008125467648e-07
  },
  "test_forward_quadratic_error": {
    "mean": 0.00019789388352812567,
    "median": 0.00017132105540010995,
    "max": 0.00029331183175263436,
    "mse": 4.232581073679993e-08
  },
  "train_observed_forward_residual": {
    "mean": 0.00023347762707587666,
    "median": 0.0001737141959702082,
    "max": 0.0006493885567362633,
    "mse": 7.38221980156161e-08
  },
  "test_observed_forward_residual": {
    "mean": 0.00018118169453083902,
    "median": 0.00014766627241960263,
    "max": 0.0003002705055126536,
    "mse": 3.569901692461796e-08
  },
  "train_clean_forward_residual": {
    "mean": 0.00015832043619175206,
    "median": 0.00010487522482475394,
    "max": 0.0006474462336836184,
    "mse": 5.583707281608805e-08
  },
  "test_clean_forward_residual": {
    "mean": 9.893113975580958e-05,
    "median": 6.492945749666389e-05,
    "max": 0.0002636189602785511,
    "mse": 1.6465183483486695e-08
  },
  "train_observation_noise_floor": {
    "mean": 0.0001410856490247488,
    "median": 0.00014169152917321902,
    "max": 0.00015721282214449435,
    "mse": 1.9954105670164806e-08
  },
  "test_observation_noise_floor": {
    "mean": 0.00014262986068046195,
    "median": 0.00014494687025660969,
    "max": 0.00015470605833434176,
    "mse": 2.0428450106933678e-08
  }
}
