{
    "train_mae": 0.004032414476988857,
    "train_rmse": 0.011325882223467483,
    "test_mae": 0.003962088240089125,
    "test_rmse": 0.011317021544294061,
    "per_parameter_mae_train": {
        "a": 0.0004888760700123914,
        "beta": 0.0,
        "d": 0.023418082572127037,
        "epsilon": 4.749745128457272e-11,
        "gamma": 0.0002875281722962687,
        "k": 0.0
    },
    "per_parameter_mae_test": {
        "a": 0.0005011847794585582,
        "beta": 0.0,
        "d": 0.023005973992356248,
        "epsilon": 4.749745128457272e-11,
        "gamma": 0.0002653706212224921,
        "k": 0.0
    },
    "per_parameter_rmse_train": {
        "a": 0.0006186826518519486,
        "beta": 0.0,
        "d": 0.027733381578458553,
        "epsilon": 4.7497451284572716e-11,
        "gamma": 0.0003611465617359308,
        "k": 0.0
    },
    "per_parameter_rmse_test": {
        "a": 0.0006332626295191725,
        "beta": 0.0,
        "d": 0.027711630729035652,
        "epsilon": 4.7497451284572716e-11,
        "gamma": 0.00033817241714375273,
        "k": 0.0
    },
    "train_data_loss": 0.2999906837940216,
    "train_physics_loss": 1.8858578414437943e-06,
    "train_total_loss": 0.2999906837940216,
    "train_actual_physics_residual": 1.8851492313842755e-06,
    "test_data_loss": 0.2994340658187866,
    "test_physics_loss": 1.6002219354049885e-06,
    "test_total_loss": 0.2994340658187866,
    "test_actual_physics_residual": 1.5993412034731591e-06,
    "training_time_seconds": 142.77257272099814,
    "evaluation_time_seconds": 0.36120447400026023,
    "parameter_names": [
        "a",
        "beta",
        "d",
        "epsilon",
        "gamma",
        "k"
    ],
    "timestamp": "2026-05-11T02:04:08.941749"
}