{
    "train_mae": 0.0014670655399868884,
    "train_rmse": 0.0025179239356959127,
    "test_mae": 0.0017136002220165265,
    "test_rmse": 0.0029387023036087814,
    "per_parameter_mae_train": {
        "s": 0.0031108638667508787,
        "t0": 0.0004987174859021621,
        "x0": 0.0007916152673076241
    },
    "per_parameter_mae_test": {
        "s": 0.0037554277007424077,
        "t0": 0.0004813066007892092,
        "x0": 0.0009040663645179632
    },
    "per_parameter_rmse_train": {
        "s": 0.004196713309564887,
        "t0": 0.0005808236335832694,
        "x0": 0.0010344390469444013
    },
    "per_parameter_rmse_test": {
        "s": 0.004915709389867772,
        "t0": 0.0005966599638485239,
        "x0": 0.001178011786703666
    },
    "train_data_loss": 0.4589925706386566,
    "train_physics_loss": 0.001725661219097674,
    "train_total_loss": 0.4589925706386566,
    "train_actual_physics_residual": 2.6961671784064833e-10,
    "test_data_loss": 0.5362464785575867,
    "test_physics_loss": 0.002367603126913309,
    "test_total_loss": 0.5362464785575867,
    "test_actual_physics_residual": 3.0572303022502467e-10,
    "training_time_seconds": 11.294620747001318,
    "evaluation_time_seconds": 0.10639546699894709,
    "parameter_names": [
        "s",
        "t0",
        "x0"
    ],
    "timestamp": "2026-05-24T02:47:55.991869"
}