{
    "train_mae": 0.0004889556924303546,
    "train_rmse": 0.001073586449256384,
    "test_mae": 0.0005480328660774848,
    "test_rmse": 0.0012277882659420748,
    "per_parameter_mae_train": {
        "a": 0.0003004757040191474,
        "d": 0.002020395691595064,
        "epsilon": 9.499490256914545e-11,
        "k": 0.0,
        "mu1": 0.0006128507430440477,
        "mu2": 1.1920928966180355e-08
    },
    "per_parameter_mae_test": {
        "a": 0.0005053809742410917,
        "d": 0.002119141566980959,
        "epsilon": 9.499490256914545e-11,
        "k": 0.0,
        "mu1": 0.0006636626393189904,
        "mu2": 1.1920928966180355e-08
    },
    "per_parameter_rmse_train": {
        "a": 0.0003960510592098812,
        "d": 0.0024897454510493127,
        "epsilon": 9.499490256914543e-11,
        "k": 0.0,
        "mu1": 0.0007482234502456117,
        "mu2": 1.1920928966180355e-08
    },
    "per_parameter_rmse_test": {
        "a": 0.0006158119057776876,
        "d": 0.0028144594713383933,
        "epsilon": 9.499490256914545e-11,
        "k": 0.0,
        "mu1": 0.0008627732823078305,
        "mu2": 1.1920928966180354e-08
    },
    "train_data_loss": 0.24793556332588196,
    "train_physics_loss": 0.0,
    "train_total_loss": 0.24793556332588196,
    "train_actual_physics_residual": 0.0,
    "test_data_loss": 0.4077697992324829,
    "test_physics_loss": 0.0,
    "test_total_loss": 0.4077697992324829,
    "test_actual_physics_residual": 0.0,
    "training_time_seconds": 111.33336923999741,
    "evaluation_time_seconds": 0.464608161997603,
    "parameter_names": [
        "a",
        "d",
        "epsilon",
        "k",
        "mu1",
        "mu2"
    ],
    "timestamp": "2026-06-17T12:31:06.949753"
}