{
    "train_mae": 4.2038864127993214e-05,
    "train_rmse": 0.00010794782657587604,
    "test_mae": 5.702254266041619e-05,
    "test_rmse": 0.0001486774953080599,
    "per_parameter_mae_train": {
        "a": 2.6664309743224034e-05,
        "beta": 0.0,
        "d": 0.00020576190118581046,
        "epsilon": 2.2351741811588166e-10,
        "gamma": 1.980675032150666e-05,
        "k": 0.0
    },
    "per_parameter_mae_test": {
        "a": 3.430821092096071e-05,
        "beta": 0.0,
        "d": 0.0002858353848015339,
        "epsilon": 2.2351741811588166e-10,
        "gamma": 2.199143672258443e-05,
        "k": 0.0
    },
    "per_parameter_rmse_train": {
        "a": 3.453390581961473e-05,
        "beta": 0.0,
        "d": 0.00026101846145022575,
        "epsilon": 2.2351741811588169e-10,
        "gamma": 2.4355116622210336e-05,
        "k": 0.0
    },
    "per_parameter_rmse_test": {
        "a": 4.0723145197184215e-05,
        "beta": 0.0,
        "d": 0.00036095810749525346,
        "epsilon": 2.2351741811588166e-10,
        "gamma": 2.609321262537784e-05,
        "k": 0.0
    },
    "train_data_loss": 0.0002550659701228142,
    "train_physics_loss": 0.0,
    "train_total_loss": 0.0002550659701228142,
    "train_actual_physics_residual": 0.0,
    "test_data_loss": 0.0004289174103178084,
    "test_physics_loss": 0.0,
    "test_total_loss": 0.0004289174103178084,
    "test_actual_physics_residual": 0.0,
    "training_time_seconds": 137.5805271069985,
    "evaluation_time_seconds": 0.15966587200091453,
    "parameter_names": [
        "a",
        "beta",
        "d",
        "epsilon",
        "gamma",
        "k"
    ],
    "timestamp": "2026-06-19T17:11:05.932792"
}