{
  "observation_mode": "event_traces",
  "time_axis_size": 128,
  "records": [
    {
      "fraction": 0.25,
      "kept_steps": 32,
      "active_test_mae": 0.0025705063364859634,
      "test_mae": 0.0025705063364859634
    },
    {
      "fraction": 0.5,
      "kept_steps": 64,
      "active_test_mae": 0.0025764917970182103,
      "test_mae": 0.0025764917970182103
    },
    {
      "fraction": 0.75,
      "kept_steps": 96,
      "active_test_mae": 0.0025808883491494996,
      "test_mae": 0.0025808883491494996
    },
    {
      "fraction": 1.0,
      "kept_steps": 128,
      "active_test_mae": 0.0025808883491494996,
      "test_mae": 0.0025808883491494996
    }
  ]
}