{
    "train_mae": 0.0027286558263707266,
    "train_rmse": 0.0039848640075450074,
    "test_mae": 0.0027705525325848047,
    "test_rmse": 0.0039665101722178,
    "per_parameter_mae_train": {
        "s": 0.005422098523278363,
        "t0": 0.0005121034057823129,
        "x0": 0.0022517655500515045
    },
    "per_parameter_mae_test": {
        "s": 0.005374203526358167,
        "t0": 0.0007404774123287375,
        "x0": 0.00219697665906751
    },
    "per_parameter_rmse_train": {
        "s": 0.006332364778547487,
        "t0": 0.0005919440968267996,
        "x0": 0.002681078509392464
    },
    "per_parameter_rmse_test": {
        "s": 0.006347749989106518,
        "t0": 0.0007601309797433418,
        "x0": 0.0025155277395319036
    },
    "train_data_loss": 0.9882970452308655,
    "train_physics_loss": 0.003928877413272858,
    "train_total_loss": 0.9882970452308655,
    "train_actual_physics_residual": 2.6906588068698056e-10,
    "test_data_loss": 1.1676158905029297,
    "test_physics_loss": 0.003948000725358725,
    "test_total_loss": 1.1676158905029297,
    "test_actual_physics_residual": 2.949215871517197e-10,
    "training_time_seconds": 0.20542228799968143,
    "evaluation_time_seconds": 0.05246516300030635,
    "parameter_names": [
        "s",
        "t0",
        "x0"
    ],
    "timestamp": "2026-05-26T08:17:58.960768"
}