{
    "train_mae": 0.0015828359190667605,
    "train_rmse": 0.0025783518364093684,
    "test_mae": 0.0017816741985155482,
    "test_rmse": 0.0029545583926015658,
    "per_parameter_mae_train": {
        "s": 0.0032152597537861496,
        "t0": 0.0005250273435648677,
        "x0": 0.0010082206598492644
    },
    "per_parameter_mae_test": {
        "s": 0.0038289018878597644,
        "t0": 0.00046714956216002636,
        "x0": 0.0010489711455268546
    },
    "per_parameter_rmse_train": {
        "s": 0.004228238488939083,
        "t0": 0.0005958966485082338,
        "x0": 0.0013078994769849422
    },
    "per_parameter_rmse_test": {
        "s": 0.004929496262066588,
        "t0": 0.0005828471679081451,
        "x0": 0.0012444282490405149
    },
    "train_data_loss": 0.5031639337539673,
    "train_physics_loss": 0.0017516850493848324,
    "train_total_loss": 0.5031639337539673,
    "train_actual_physics_residual": 2.6961671784064833e-10,
    "test_data_loss": 0.5303587913513184,
    "test_physics_loss": 0.002380903111770749,
    "test_total_loss": 0.5303587913513184,
    "test_actual_physics_residual": 3.0572303022502467e-10,
    "training_time_seconds": 17.710461798000324,
    "evaluation_time_seconds": 0.10222363999855588,
    "parameter_names": [
        "s",
        "t0",
        "x0"
    ],
    "timestamp": "2026-05-24T02:57:42.760362"
}