{
    "train_mae": 0.0029309628290666353,
    "train_rmse": 0.0042389348038776855,
    "test_mae": 0.003011993504325419,
    "test_rmse": 0.0045104822895733945,
    "per_parameter_mae_train": {
        "s": 0.005818560207601997,
        "t0": 0.0005727762156218626,
        "x0": 0.002401552063976046
    },
    "per_parameter_mae_test": {
        "s": 0.006598674015325972,
        "t0": 0.0004343879098393772,
        "x0": 0.002002918587810908
    },
    "per_parameter_rmse_train": {
        "s": 0.006754984611640907,
        "t0": 0.0006340416859458407,
        "x0": 0.0028060432732861006
    },
    "per_parameter_rmse_test": {
        "s": 0.007427021598958485,
        "t0": 0.0005128928894305683,
        "x0": 0.0023684683882715133
    },
    "train_data_loss": 1.0084980726242065,
    "train_physics_loss": 0.004470802843570709,
    "train_total_loss": 1.0084980726242065,
    "train_actual_physics_residual": 2.6961671784064833e-10,
    "test_data_loss": 0.8647993206977844,
    "test_physics_loss": 0.005404632072895765,
    "test_total_loss": 0.8647993206977844,
    "test_actual_physics_residual": 3.0572303022502467e-10,
    "training_time_seconds": 16.099489211999753,
    "evaluation_time_seconds": 0.20142308499998762,
    "parameter_names": [
        "s",
        "t0",
        "x0"
    ],
    "timestamp": "2026-05-26T04:01:52.823466"
}