{
    "train_mae": 0.0005238427874251073,
    "train_rmse": 0.0008774559519367763,
    "test_mae": 0.0005142023709352984,
    "test_rmse": 0.00099250773743552,
    "per_parameter_mae_train": {
        "D": 1.4901161138336505e-09,
        "k_f": 0.0010476840847341007
    },
    "per_parameter_mae_test": {
        "D": 1.4901161138336505e-09,
        "k_f": 0.001028403251754483
    },
    "per_parameter_rmse_train": {
        "D": 1.4901161138336503e-09,
        "k_f": 0.001240910107613089
    },
    "per_parameter_rmse_test": {
        "D": 1.4901161138336505e-09,
        "k_f": 0.0014036179030407563
    },
    "train_data_loss": 1.9002274711965583e-05,
    "train_physics_loss": 3.197526893927716e-05,
    "train_total_loss": 5.097754183225334e-05,
    "train_actual_physics_residual": 3.209950591553934e-05,
    "test_data_loss": 2.4312112145707943e-05,
    "test_physics_loss": 3.180787825840525e-05,
    "test_total_loss": 5.61199922231026e-05,
    "test_actual_physics_residual": 3.182686850777827e-05,
    "training_time_seconds": 10.716253773999597,
    "evaluation_time_seconds": 0.24496828299925255,
    "parameter_names": [
        "D",
        "k_f"
    ],
    "timestamp": "2026-05-12T10:57:43.923438"
}