{
    "train_mae": 0.00027615247638510085,
    "train_rmse": 0.0006596414039382712,
    "test_mae": 0.0003594371717301986,
    "test_rmse": 0.0009115143873672757,
    "per_parameter_mae_train": {
        "a": 0.00018871723712974802,
        "d": 0.0011543527982343605,
        "epsilon": 9.499490256914545e-11,
        "k": 0.0,
        "mu1": 0.0003138328070226278,
        "mu2": 1.1920928966180355e-08
    },
    "per_parameter_mae_test": {
        "a": 0.0002820793780942604,
        "d": 0.0014464348478445243,
        "epsilon": 9.499490256914545e-11,
        "k": 0.0,
        "mu1": 0.000428096788518538,
        "mu2": 1.1920928966180355e-08
    },
    "per_parameter_rmse_train": {
        "a": 0.00024634962549418887,
        "d": 0.001543730501917097,
        "epsilon": 9.499490256914543e-11,
        "k": 0.0,
        "mu1": 0.0004086180246458338,
        "mu2": 1.1920928966180355e-08
    },
    "per_parameter_rmse_test": {
        "a": 0.00038818998829031736,
        "d": 0.0021179537615605534,
        "epsilon": 9.499490256914545e-11,
        "k": 0.0,
        "mu1": 0.0005905347297202674,
        "mu2": 1.1920928966180354e-08
    },
    "train_data_loss": 0.021264713257551193,
    "train_physics_loss": 0.0,
    "train_total_loss": 0.021264713257551193,
    "train_actual_physics_residual": 0.0,
    "test_data_loss": 0.04620646685361862,
    "test_physics_loss": 0.0,
    "test_total_loss": 0.04620646685361862,
    "test_actual_physics_residual": 0.0,
    "training_time_seconds": 62.01576364901848,
    "evaluation_time_seconds": 0.2746561259846203,
    "parameter_names": [
        "a",
        "d",
        "epsilon",
        "k",
        "mu1",
        "mu2"
    ],
    "timestamp": "2026-06-15T21:49:22.452564"
}