{
    "train_mae": 0.0007498978660128346,
    "train_rmse": 0.0014784376513583483,
    "test_mae": 0.0005858419531717507,
    "test_rmse": 0.0011565396531797005,
    "per_parameter_mae_train": {
        "a": 0.0006732468889184201,
        "d": 0.0027963153354171933,
        "epsilon": 9.499490256914545e-11,
        "k": 0.0,
        "mu1": 0.0010298129558175258,
        "mu2": 1.1920928966180355e-08
    },
    "per_parameter_mae_test": {
        "a": 0.0006359963758060791,
        "d": 0.0019758635152415105,
        "epsilon": 9.499490256914545e-11,
        "k": 0.0,
        "mu1": 0.0009031798120590461,
        "mu2": 1.1920928966180355e-08
    },
    "per_parameter_rmse_train": {
        "a": 0.0007750319963209563,
        "d": 0.0033345886282990585,
        "epsilon": 9.499490256914543e-11,
        "k": 0.0,
        "mu1": 0.0011808943298530865,
        "mu2": 1.1920928966180355e-08
    },
    "per_parameter_rmse_test": {
        "a": 0.000773856114910829,
        "d": 0.0025012234388082787,
        "epsilon": 9.499490256914545e-11,
        "k": 0.0,
        "mu1": 0.001081911197229799,
        "mu2": 1.1920928966180354e-08
    },
    "train_data_loss": 0.6804155111312866,
    "train_physics_loss": 0.0,
    "train_total_loss": 0.6804155111312866,
    "train_actual_physics_residual": 0.0,
    "test_data_loss": 0.5898883938789368,
    "test_physics_loss": 0.0,
    "test_total_loss": 0.5898883938789368,
    "test_actual_physics_residual": 0.0,
    "training_time_seconds": 115.15593010599696,
    "evaluation_time_seconds": 0.44756803099880926,
    "parameter_names": [
        "a",
        "d",
        "epsilon",
        "k",
        "mu1",
        "mu2"
    ],
    "timestamp": "2026-06-18T03:07:16.063268"
}