{
    "train_mae": 0.0027970568841677907,
    "train_rmse": 0.0039912192389083,
    "test_mae": 0.0026713028830281016,
    "test_rmse": 0.004187996443626963,
    "per_parameter_mae_train": {
        "s": 0.005318924433689079,
        "t0": 0.00043079518891797896,
        "x0": 0.002641451029896316
    },
    "per_parameter_mae_test": {
        "s": 0.005545212195991673,
        "t0": 0.0005462354850317153,
        "x0": 0.001922460968060916
    },
    "per_parameter_rmse_train": {
        "s": 0.006172966506506833,
        "t0": 0.0005230459142022744,
        "x0": 0.003067637612280238
    },
    "per_parameter_rmse_test": {
        "s": 0.0069077551743766405,
        "t0": 0.0005692487139607763,
        "x0": 0.0021393496647399675
    },
    "train_data_loss": 1.0159683227539062,
    "train_physics_loss": 0.0037335692904889584,
    "train_total_loss": 1.0159683227539062,
    "train_actual_physics_residual": 2.364869966520189e-10,
    "test_data_loss": 0.9859221577644348,
    "test_physics_loss": 0.004675311967730522,
    "test_total_loss": 0.9859221577644348,
    "test_actual_physics_residual": 3.2109151448800333e-10,
    "training_time_seconds": 0.7066007140001602,
    "evaluation_time_seconds": 0.11653644099988014,
    "parameter_names": [
        "s",
        "t0",
        "x0"
    ],
    "timestamp": "2026-05-26T17:02:58.279223"
}