{
    "train_mae": 0.00010942352535644033,
    "train_rmse": 0.0002627048256352682,
    "test_mae": 0.0010023888663637534,
    "test_rmse": 0.0024774492128716227,
    "per_parameter_mae_train": {
        "a": 9.558750488164202e-05,
        "beta": 0.0,
        "d": 0.0005044237803642989,
        "epsilon": 2.2351741811588166e-10,
        "gamma": 5.6529643375282846e-05,
        "k": 0.0
    },
    "per_parameter_mae_test": {
        "a": 0.0006716329761710272,
        "beta": 0.0,
        "d": 0.004915976991291149,
        "epsilon": 2.2351741811588166e-10,
        "gamma": 0.00042672300720292543,
        "k": 0.0
    },
    "per_parameter_rmse_train": {
        "a": 0.00011528015589253123,
        "beta": 0.0,
        "d": 0.0006291852490867106,
        "epsilon": 2.2351741811588166e-10,
        "gamma": 7.013815268010524e-05,
        "k": 0.0
    },
    "per_parameter_rmse_test": {
        "a": 0.0007935632454038303,
        "beta": 0.0,
        "d": 0.005995598621098307,
        "epsilon": 2.2351741811588164e-10,
        "gamma": 0.0004995819896448583,
        "k": 0.0
    },
    "train_data_loss": 0.007737835869193077,
    "train_physics_loss": 0.0,
    "train_total_loss": 0.007737835869193077,
    "train_actual_physics_residual": 0.0,
    "test_data_loss": 0.5443419218063354,
    "test_physics_loss": 0.0,
    "test_total_loss": 0.5443419218063354,
    "test_actual_physics_residual": 0.0,
    "training_time_seconds": 200.67216296499998,
    "evaluation_time_seconds": 1.0310829910000052,
    "parameter_names": [
        "a",
        "beta",
        "d",
        "epsilon",
        "gamma",
        "k"
    ],
    "timestamp": "2026-06-09T20:44:11.367858"
}