{
    "train_mae": 0.002915493087014232,
    "train_rmse": 0.004697523855028667,
    "test_mae": 0.002528111619163167,
    "test_rmse": 0.004688274091633029,
    "per_parameter_mae_train": {
        "s": 0.005243437926412113,
        "t0": 0.0005014932431196851,
        "x0": 0.003001548091510898
    },
    "per_parameter_mae_test": {
        "s": 0.004486101625338801,
        "t0": 0.00022492064412616558,
        "x0": 0.0028733125880245347
    },
    "per_parameter_rmse_train": {
        "s": 0.007239504716119146,
        "t0": 0.000587078386516269,
        "x0": 0.0036667562693836484
    },
    "per_parameter_rmse_test": {
        "s": 0.007326979034242881,
        "t0": 0.00025592649430153483,
        "x0": 0.003491363879075383
    },
    "train_data_loss": 1.2378970384597778,
    "train_physics_loss": 0.0051351916044950485,
    "train_total_loss": 1.2378970384597778,
    "train_actual_physics_residual": 2.0537377354301611e-10,
    "test_data_loss": 0.9359123706817627,
    "test_physics_loss": 0.005259981378912926,
    "test_total_loss": 0.9359123706817627,
    "test_actual_physics_residual": 2.212605099138898e-10,
    "training_time_seconds": 3.725867025000298,
    "evaluation_time_seconds": 0.10427099199932854,
    "parameter_names": [
        "s",
        "t0",
        "x0"
    ],
    "timestamp": "2026-05-26T15:54:36.842050"
}