{
    "train_mae": 0.00011808720452307013,
    "train_rmse": 0.0002692736369184753,
    "test_mae": 0.00013687727428122594,
    "test_rmse": 0.00030582394477843955,
    "per_parameter_mae_train": {
        "a": 8.136340039099991e-05,
        "d": 0.000480029376147077,
        "epsilon": 9.499490256914545e-11,
        "k": 0.0,
        "mu1": 0.00014711843467647524,
        "mu2": 1.1920928966180355e-08
    },
    "per_parameter_mae_test": {
        "a": 0.0001006561260637585,
        "d": 0.0005373098639637581,
        "epsilon": 9.499490256914545e-11,
        "k": 0.0,
        "mu1": 0.0001832856397359703,
        "mu2": 1.1920928966180355e-08
    },
    "per_parameter_rmse_train": {
        "a": 0.00010542597583621423,
        "d": 0.0006232082530514349,
        "epsilon": 9.499490256914543e-11,
        "k": 0.0,
        "mu1": 0.0001885380227998063,
        "mu2": 1.1920928966180357e-08
    },
    "per_parameter_rmse_test": {
        "a": 0.0001358183671838577,
        "d": 0.0006934331565235087,
        "epsilon": 9.499490256914543e-11,
        "k": 0.0,
        "mu1": 0.00024874392379777374,
        "mu2": 1.1920928966180355e-08
    },
    "train_data_loss": 0.004056822508573532,
    "train_physics_loss": 0.000975213828496635,
    "train_total_loss": 0.004056822508573532,
    "train_actual_physics_residual": 0.0009751527104526758,
    "test_data_loss": 0.006507453974336386,
    "test_physics_loss": 0.0009745380375534296,
    "test_total_loss": 0.006507453974336386,
    "test_actual_physics_residual": 0.0009747170261107385,
    "training_time_seconds": 89.59609544900013,
    "evaluation_time_seconds": 0.4899861289995897,
    "parameter_names": [
        "a",
        "d",
        "epsilon",
        "k",
        "mu1",
        "mu2"
    ],
    "timestamp": "2026-05-10T22:18:47.383760"
}