{
    "train_mae": 0.0027412457382281676,
    "train_rmse": 0.003958994270741435,
    "test_mae": 0.0026659609415126432,
    "test_rmse": 0.0043429591613964695,
    "per_parameter_mae_train": {
        "s": 0.005154992587070426,
        "t0": 0.0004327290632668729,
        "x0": 0.002636015564347205
    },
    "per_parameter_mae_test": {
        "s": 0.00585912400064451,
        "t0": 0.0005460907308944036,
        "x0": 0.0015926680929990167
    },
    "per_parameter_rmse_train": {
        "s": 0.00613618291641151,
        "t0": 0.0005221477017373042,
        "x0": 0.0030158792915500623
    },
    "per_parameter_rmse_test": {
        "s": 0.007265173826244254,
        "t0": 0.0005671582445755765,
        "x0": 0.0018653320435616705
    },
    "train_data_loss": 0.9992891550064087,
    "train_physics_loss": 0.003689207835122943,
    "train_total_loss": 0.9992891550064087,
    "train_actual_physics_residual": 2.364869966520189e-10,
    "test_data_loss": 0.9877743721008301,
    "test_physics_loss": 0.00517164496704936,
    "test_total_loss": 0.9877743721008301,
    "test_actual_physics_residual": 3.2109151448800333e-10,
    "training_time_seconds": 6.926319086000149,
    "evaluation_time_seconds": 0.11077646000012464,
    "parameter_names": [
        "s",
        "t0",
        "x0"
    ],
    "timestamp": "2026-05-26T17:15:15.367221"
}