{
  "train": {
    "event_abs_mean": 0.015452666208148003,
    "event_active_fraction_gt_1e_6": 0.015452666208148003,
    "spike_mean": 0.06273628026247025,
    "spike_active_fraction_gt_0p5": 0.0049096206203103065,
    "spike_count_per_sample_mean": 12.568628311157227,
    "first_spike_flat_index_mean": 925.058837890625,
    "mem_abs_mean": 1.3018078804016113
  },
  "test": {
    "event_abs_mean": 0.015399640426039696,
    "event_active_fraction_gt_1e_6": 0.015399640426039696,
    "spike_mean": 0.06273949146270752,
    "spike_active_fraction_gt_0p5": 0.005018028896301985,
    "spike_count_per_sample_mean": 12.84615421295166,
    "first_spike_flat_index_mean": 974.0769653320312,
    "mem_abs_mean": 1.3022568225860596
  }
}