{
    "train_mae": 0.0016141044177860153,
    "train_rmse": 0.002178554448260453,
    "test_mae": 0.0029012874692180488,
    "test_rmse": 0.004231517294325879,
    "per_parameter_mae_train": {
        "s": 0.0030371735038323133,
        "t0": 0.00026104463885227164,
        "x0": 0.0015440951106734612
    },
    "per_parameter_mae_test": {
        "s": 0.005612314208944036,
        "t0": 0.0002250901448347456,
        "x0": 0.002866458053875365
    },
    "per_parameter_rmse_train": {
        "s": 0.003370439270555542,
        "t0": 0.0003181466374854875,
        "x0": 0.0016664994127391472
    },
    "per_parameter_rmse_test": {
        "s": 0.006738990771104788,
        "t0": 0.00024404258936487052,
        "x0": 0.0028711778833916957
    },
    "train_data_loss": 0.28956839442253113,
    "train_physics_loss": 0.0011130465427413583,
    "train_total_loss": 0.28956839442253113,
    "train_actual_physics_residual": 2.0537377354301611e-10,
    "test_data_loss": 0.7273439764976501,
    "test_physics_loss": 0.004449623636901379,
    "test_total_loss": 0.7273439764976501,
    "test_actual_physics_residual": 2.212605099138898e-10,
    "training_time_seconds": 0.18647938999856706,
    "evaluation_time_seconds": 0.04636470100012957,
    "parameter_names": [
        "s",
        "t0",
        "x0"
    ],
    "timestamp": "2026-05-26T10:10:21.802674"
}