{
    "train_mae": 0.0027156086733462646,
    "train_rmse": 0.003968968442781701,
    "test_mae": 0.002817743615293127,
    "test_rmse": 0.003994372264978531,
    "per_parameter_mae_train": {
        "s": 0.005329608757592231,
        "t0": 0.0005181928264302301,
        "x0": 0.0022990244360163335
    },
    "per_parameter_mae_test": {
        "s": 0.005617404986311512,
        "t0": 0.0007390469008541281,
        "x0": 0.002096778958713741
    },
    "per_parameter_rmse_train": {
        "s": 0.006279630458347085,
        "t0": 0.0005911699907028575,
        "x0": 0.0027340246612060693
    },
    "per_parameter_rmse_test": {
        "s": 0.006435775388027815,
        "t0": 0.0007580650401544524,
        "x0": 0.0024230480646161793
    },
    "train_data_loss": 0.99466472864151,
    "train_physics_loss": 0.0038637155666947365,
    "train_total_loss": 0.99466472864151,
    "train_actual_physics_residual": 2.6906588068698056e-10,
    "test_data_loss": 1.1536574363708496,
    "test_physics_loss": 0.004058254417032003,
    "test_total_loss": 1.1536574363708496,
    "test_actual_physics_residual": 2.949215871517197e-10,
    "training_time_seconds": 1.2516493470002388,
    "evaluation_time_seconds": 0.22926156999983505,
    "parameter_names": [
        "s",
        "t0",
        "x0"
    ],
    "timestamp": "2026-05-26T16:44:00.301196"
}