{
    "train_mae": 0.0026047942830198264,
    "train_rmse": 0.003794741926958812,
    "test_mae": 0.0029659884168962377,
    "test_rmse": 0.004431365386248151,
    "per_parameter_mae_train": {
        "s": 0.005177729456114517,
        "t0": 0.0005227593724010958,
        "x0": 0.002113894020543867
    },
    "per_parameter_mae_test": {
        "s": 0.0064572878507569344,
        "t0": 0.0004283183533829828,
        "x0": 0.002012359046548795
    },
    "per_parameter_rmse_train": {
        "s": 0.00605321441030907,
        "t0": 0.0005856593068393636,
        "x0": 0.002493150086897355
    },
    "per_parameter_rmse_test": {
        "s": 0.007245236219384194,
        "t0": 0.0005026111299703016,
        "x0": 0.002482928057086647
    },
    "train_data_loss": 0.8222901225090027,
    "train_physics_loss": 0.00359012046828866,
    "train_total_loss": 0.8222901225090027,
    "train_actual_physics_residual": 2.6961671784064833e-10,
    "test_data_loss": 0.8600982427597046,
    "test_physics_loss": 0.0051433015614748,
    "test_total_loss": 0.8600982427597046,
    "test_actual_physics_residual": 3.0572303022502467e-10,
    "training_time_seconds": 5.364809557999251,
    "evaluation_time_seconds": 0.0746765059993777,
    "parameter_names": [
        "s",
        "t0",
        "x0"
    ],
    "timestamp": "2026-05-26T01:27:15.821290"
}