{
    "train_mae": 0.0020581175849093366,
    "train_rmse": 0.00316565055599762,
    "test_mae": 0.002004596128102459,
    "test_rmse": 0.0033403620466759382,
    "per_parameter_mae_train": {
        "s": 0.003943064520909358,
        "t0": 0.0005459467571635845,
        "x0": 0.0016853414766550676
    },
    "per_parameter_mae_test": {
        "s": 0.004281375041863126,
        "t0": 0.0004443742352757818,
        "x0": 0.00128803910716847
    },
    "per_parameter_rmse_train": {
        "s": 0.004997864708249351,
        "t0": 0.0006149359703211119,
        "x0": 0.002169615735217872
    },
    "per_parameter_rmse_test": {
        "s": 0.0055264983100115714,
        "t0": 0.0005320635855923135,
        "x0": 0.0016275074743131229
    },
    "train_data_loss": 0.7022237181663513,
    "train_physics_loss": 0.002447401639074087,
    "train_total_loss": 0.7022237181663513,
    "train_actual_physics_residual": 2.6961671784064833e-10,
    "test_data_loss": 0.5752175450325012,
    "test_physics_loss": 0.0029925182461738586,
    "test_total_loss": 0.5752175450325012,
    "test_actual_physics_residual": 3.0572303022502467e-10,
    "training_time_seconds": 3.5069700130002275,
    "evaluation_time_seconds": 0.015736496000045008,
    "parameter_names": [
        "s",
        "t0",
        "x0"
    ],
    "timestamp": "2026-05-24T14:13:16.434050"
}