{
    "train_mae": 0.00024159377881783622,
    "train_rmse": 0.0005232190777061473,
    "test_mae": 0.0009830044212514183,
    "test_rmse": 0.0024436389367018183,
    "per_parameter_mae_train": {
        "a": 0.0001949474582353946,
        "d": 0.000986730724238932,
        "epsilon": 9.499490256914545e-11,
        "k": 0.0,
        "mu1": 0.000267872474508822,
        "mu2": 1.1920928966180355e-08
    },
    "per_parameter_mae_test": {
        "a": 0.0006425047794151012,
        "d": 0.0041609341962910665,
        "epsilon": 9.499490256914545e-11,
        "k": 0.0,
        "mu1": 0.001094575535878474,
        "mu2": 1.1920928966180355e-08
    },
    "per_parameter_rmse_train": {
        "a": 0.0002230189121448001,
        "d": 0.0012183714091478781,
        "epsilon": 9.499490256914543e-11,
        "k": 0.0,
        "mu1": 0.0003292155733082422,
        "mu2": 1.1920928966180355e-08
    },
    "per_parameter_rmse_test": {
        "a": 0.0008897300891889455,
        "d": 0.005724772849786052,
        "epsilon": 9.499490256914545e-11,
        "k": 0.0,
        "mu1": 0.0015045210880520617,
        "mu2": 1.1920928966180354e-08
    },
    "train_data_loss": 0.014895562082529068,
    "train_physics_loss": 0.0,
    "train_total_loss": 0.014895562082529068,
    "train_actual_physics_residual": 0.0,
    "test_data_loss": 0.2855852246284485,
    "test_physics_loss": 0.0,
    "test_total_loss": 0.2855852246284485,
    "test_actual_physics_residual": 0.0,
    "training_time_seconds": 92.48084372500011,
    "evaluation_time_seconds": 0.4259617290000506,
    "parameter_names": [
        "a",
        "d",
        "epsilon",
        "k",
        "mu1",
        "mu2"
    ],
    "timestamp": "2026-06-16T23:46:29.032710"
}