{
    "train_mae": 0.0029147563494077125,
    "train_rmse": 0.004237744436826525,
    "test_mae": 0.003012256758173177,
    "test_rmse": 0.004457514914220051,
    "per_parameter_mae_train": {
        "s": 0.005780010616539933,
        "t0": 0.0005730165333685673,
        "x0": 0.0023912418983146368
    },
    "per_parameter_mae_test": {
        "s": 0.006599444290735377,
        "t0": 0.00043397640854179326,
        "x0": 0.0020033495752423604
    },
    "per_parameter_rmse_train": {
        "s": 0.0067594090626245384,
        "t0": 0.000634272466193367,
        "x0": 0.0027898962880904257
    },
    "per_parameter_rmse_test": {
        "s": 0.007328439408905664,
        "t0": 0.0005127730004121311,
        "x0": 0.0023747331032200913
    },
    "train_data_loss": 1.005335807800293,
    "train_physics_loss": 0.004476663190871477,
    "train_total_loss": 1.005335807800293,
    "train_actual_physics_residual": 2.6961671784064833e-10,
    "test_data_loss": 0.8553024530410767,
    "test_physics_loss": 0.0052621085196733475,
    "test_total_loss": 0.8553024530410767,
    "test_actual_physics_residual": 3.0572303022502467e-10,
    "training_time_seconds": 28.989512087999174,
    "evaluation_time_seconds": 0.5311701980026555,
    "parameter_names": [
        "s",
        "t0",
        "x0"
    ],
    "timestamp": "2026-05-24T20:36:54.347011"
}