{
    "train_mae": 0.0008324191272924035,
    "train_rmse": 0.0022664990985898003,
    "test_mae": 0.0011345655312418011,
    "test_rmse": 0.003241176085192394,
    "per_parameter_mae_train": {
        "a": 0.00010128109518231354,
        "d": 0.00445608386213371,
        "epsilon": 1.341104505225843e-09,
        "k": 0.0,
        "mu1": 0.00043714846533389175,
        "mu2": 0.0
    },
    "per_parameter_mae_test": {
        "a": 0.00012199697649516839,
        "d": 0.0061182730074158705,
        "epsilon": 1.341104505225843e-09,
        "k": 0.0,
        "mu1": 0.0005671218624352637,
        "mu2": 0.0
    },
    "per_parameter_rmse_train": {
        "a": 0.00012993271447760512,
        "d": 0.005521077542455109,
        "epsilon": 1.341104505225843e-09,
        "k": 0.0,
        "mu1": 0.0005682686366101905,
        "mu2": 0.0
    },
    "per_parameter_rmse_test": {
        "a": 0.0001608806369686906,
        "d": 0.007899156853536295,
        "epsilon": 1.3411045052258428e-09,
        "k": 0.0,
        "mu1": 0.0007802390115957527,
        "mu2": 0.0
    },
    "train_data_loss": 0.001186639885418117,
    "train_physics_loss": 0.001930471626110375,
    "train_total_loss": 0.001186639885418117,
    "train_actual_physics_residual": 0.0019254310755059123,
    "test_data_loss": 0.0020843239035457373,
    "test_physics_loss": 0.0019426580984145403,
    "test_total_loss": 0.0020843239035457373,
    "test_actual_physics_residual": 0.0019396020798012614,
    "training_time_seconds": 109.3862432959977,
    "evaluation_time_seconds": 0.4002009099967836,
    "parameter_names": [
        "a",
        "d",
        "epsilon",
        "k",
        "mu1",
        "mu2"
    ],
    "timestamp": "2026-05-11T02:07:39.514488"
}