{
  "train": {
    "event_abs_mean": 0.015625,
    "event_active_fraction_gt_1e_6": 0.015625,
    "spike_mean": 0.11111496388912201,
    "spike_active_fraction_gt_0p5": 0.011224725283682346,
    "spike_count_per_sample_mean": 28.735294342041016,
    "first_spike_flat_index_mean": 23.50980567932129,
    "mem_abs_mean": 0.9784581661224365
  },
  "test": {
    "event_abs_mean": 0.015625,
    "event_active_fraction_gt_1e_6": 0.015625,
    "spike_mean": 0.11110785603523254,
    "spike_active_fraction_gt_0p5": 0.010937499813735485,
    "spike_count_per_sample_mean": 28.000001907348633,
    "first_spike_flat_index_mean": 24.576923370361328,
    "mem_abs_mean": 0.9785118103027344
  }
}