{
    "train_mae": 0.001474308834333709,
    "train_rmse": 0.002512050548489999,
    "test_mae": 0.0017398420325241031,
    "test_rmse": 0.002946761520069819,
    "per_parameter_mae_train": {
        "s": 0.0031486403457666864,
        "t0": 0.000506473873322465,
        "x0": 0.0007678122839119752
    },
    "per_parameter_mae_test": {
        "s": 0.0037900396594662098,
        "t0": 0.0004901298075807201,
        "x0": 0.00093935663052538
    },
    "per_parameter_rmse_train": {
        "s": 0.004191044016163119,
        "t0": 0.000590374931891002,
        "x0": 0.0010088614220420571
    },
    "per_parameter_rmse_test": {
        "s": 0.004919216640417206,
        "t0": 0.0006139349662956932,
        "x0": 0.0012143318616813666
    },
    "train_data_loss": 0.4658483564853668,
    "train_physics_loss": 0.0017210023943334818,
    "train_total_loss": 0.4658483564853668,
    "train_actual_physics_residual": 2.6961671784064833e-10,
    "test_data_loss": 0.5578270554542542,
    "test_physics_loss": 0.0023709828965365887,
    "test_total_loss": 0.5578270554542542,
    "test_actual_physics_residual": 3.0572303022502467e-10,
    "training_time_seconds": 6.043574662999163,
    "evaluation_time_seconds": 0.07700573799957056,
    "parameter_names": [
        "s",
        "t0",
        "x0"
    ],
    "timestamp": "2026-05-24T20:22:01.185113"
}