{
    "train_mae": 0.0003606701798505805,
    "train_rmse": 0.000914531121068843,
    "test_mae": 0.0007709040252176474,
    "test_rmse": 0.0019326534135681085,
    "per_parameter_mae_train": {
        "a": 0.00023782973731510998,
        "beta": 0.0,
        "d": 0.0017632110272934466,
        "epsilon": 2.2351741811588166e-10,
        "gamma": 0.0001629800909775085,
        "k": 0.0
    },
    "per_parameter_mae_test": {
        "a": 0.0005248095997538671,
        "beta": 0.0,
        "d": 0.003864324003023378,
        "epsilon": 2.2351741811588166e-10,
        "gamma": 0.00023629032501122082,
        "k": 0.0
    },
    "per_parameter_rmse_train": {
        "a": 0.0002965753006575555,
        "beta": 0.0,
        "d": 0.0022112659149060732,
        "epsilon": 2.2351741811588166e-10,
        "gamma": 0.0002013682523017134,
        "k": 0.0
    },
    "per_parameter_rmse_test": {
        "a": 0.0006361172742477014,
        "beta": 0.0,
        "d": 0.004682894189994885,
        "epsilon": 2.2351741811588164e-10,
        "gamma": 0.00027704173074565426,
        "k": 0.0
    },
    "train_data_loss": 0.07644154131412506,
    "train_physics_loss": 0.0,
    "train_total_loss": 0.07644154131412506,
    "train_actual_physics_residual": 0.0,
    "test_data_loss": 0.312615305185318,
    "test_physics_loss": 0.0,
    "test_total_loss": 0.312615305185318,
    "test_actual_physics_residual": 0.0,
    "training_time_seconds": 227.4699766650001,
    "evaluation_time_seconds": 1.2302797219999775,
    "parameter_names": [
        "a",
        "beta",
        "d",
        "epsilon",
        "gamma",
        "k"
    ],
    "timestamp": "2026-06-09T21:02:42.337695"
}