{
    "train_mae": 0.005331681189515809,
    "train_rmse": 0.012161971112371769,
    "test_mae": 0.0053922529485240876,
    "test_rmse": 0.012531016663351999,
    "per_parameter_mae_train": {
        "a": 0.0022472941515413827,
        "d": 0.02588490701210105,
        "epsilon": 9.499490256914545e-11,
        "k": 0.0,
        "mu1": 0.0038578739575285534,
        "mu2": 1.1920928966180355e-08
    },
    "per_parameter_mae_test": {
        "a": 0.0025790489773441596,
        "d": 0.025333105032981165,
        "epsilon": 9.499490256914545e-11,
        "k": 0.0,
        "mu1": 0.004441351664895327,
        "mu2": 1.1920928966180355e-08
    },
    "per_parameter_rmse_train": {
        "a": 0.0027593353885258477,
        "d": 0.029275266455492836,
        "epsilon": 9.499490256914543e-11,
        "k": 0.0,
        "mu1": 0.004777665769219885,
        "mu2": 1.1920928966180357e-08
    },
    "per_parameter_rmse_test": {
        "a": 0.002996270914448384,
        "d": 0.030109712025127338,
        "epsilon": 9.499490256914543e-11,
        "k": 0.0,
        "mu1": 0.005156149151665728,
        "mu2": 1.1920928966180355e-08
    },
    "train_data_loss": 0.6541070938110352,
    "train_physics_loss": 0.001162990345619619,
    "train_total_loss": 0.6541070938110352,
    "train_actual_physics_residual": 0.0011632302775979042,
    "test_data_loss": 0.7290878891944885,
    "test_physics_loss": 0.0011678935261443257,
    "test_total_loss": 0.7290878891944885,
    "test_actual_physics_residual": 0.001166488858871162,
    "training_time_seconds": 59.73859907299993,
    "evaluation_time_seconds": 0.13603205700201215,
    "parameter_names": [
        "a",
        "d",
        "epsilon",
        "k",
        "mu1",
        "mu2"
    ],
    "timestamp": "2026-05-10T22:24:57.570200"
}