{
    "train_mae": 0.0019362628678419231,
    "train_rmse": 0.003895787002830767,
    "test_mae": 0.0021987622448927983,
    "test_rmse": 0.004265439455829594,
    "per_parameter_mae_train": {
        "s": 0.005808787113409656,
        "t0": 1.4901161138336505e-09,
        "x0": 0.0
    },
    "per_parameter_mae_test": {
        "s": 0.006596285244562281,
        "t0": 1.4901161138336505e-09,
        "x0": 0.0
    },
    "per_parameter_rmse_train": {
        "s": 0.006747701024369201,
        "t0": 1.4901161138336503e-09,
        "x0": 0.0
    },
    "per_parameter_rmse_test": {
        "s": 0.00738795785410565,
        "t0": 1.4901161138336505e-09,
        "x0": 0.0
    },
    "train_data_loss": 1.00091552734375,
    "train_physics_loss": 0.0044611659832298756,
    "train_total_loss": 1.00091552734375,
    "train_actual_physics_residual": 2.7325863793947747e-10,
    "test_data_loss": 1.199871301651001,
    "test_physics_loss": 0.0053479294292628765,
    "test_total_loss": 1.199871301651001,
    "test_actual_physics_residual": 3.07907949137487e-10,
    "training_time_seconds": 21.087796724998043,
    "evaluation_time_seconds": 0.24094147700088797,
    "parameter_names": [
        "s",
        "t0",
        "x0"
    ],
    "timestamp": "2026-05-24T21:36:12.838542"
}