{
  "observation_mode": "event_traces",
  "time_axis_size": 128,
  "records": [
    {
      "fraction": 0.25,
      "kept_steps": 32,
      "active_test_mae": 0.009231258499604813,
      "test_mae": 0.003077086663240309
    },
    {
      "fraction": 0.5,
      "kept_steps": 64,
      "active_test_mae": 0.0022063030415665143,
      "test_mae": 0.0007354348438942094
    },
    {
      "fraction": 0.75,
      "kept_steps": 96,
      "active_test_mae": 0.0022063030415665143,
      "test_mae": 0.0007354348438942094
    },
    {
      "fraction": 1.0,
      "kept_steps": 128,
      "active_test_mae": 0.0022063030415665143,
      "test_mae": 0.0007354348438942094
    }
  ]
}