{
    "train_mae": 0.00288033262480104,
    "train_rmse": 0.004181893139573186,
    "test_mae": 0.003003594025425292,
    "test_rmse": 0.004458519572373119,
    "per_parameter_mae_train": {
        "s": 0.00569747546517066,
        "t0": 0.0005510132888329716,
        "x0": 0.002392509120399489
    },
    "per_parameter_mae_test": {
        "s": 0.006572961488564404,
        "t0": 0.00041217772907994725,
        "x0": 0.0020256428586315255
    },
    "per_parameter_rmse_train": {
        "s": 0.006654170180737208,
        "t0": 0.0006118764191342228,
        "x0": 0.0027950522617516595
    },
    "per_parameter_rmse_test": {
        "s": 0.007328032234319977,
        "t0": 0.0004899961225717692,
        "x0": 0.002386427812512783
    },
    "train_data_loss": 0.9726939797401428,
    "train_physics_loss": 0.004338350612670183,
    "train_total_loss": 0.9726939797401428,
    "train_actual_physics_residual": 2.6961671784064833e-10,
    "test_data_loss": 0.8383768796920776,
    "test_physics_loss": 0.005261523183435202,
    "test_total_loss": 0.8383768796920776,
    "test_actual_physics_residual": 3.0572303022502467e-10,
    "training_time_seconds": 15.961995554000168,
    "evaluation_time_seconds": 0.2086940629997116,
    "parameter_names": [
        "s",
        "t0",
        "x0"
    ],
    "timestamp": "2026-05-26T04:07:56.084349"
}