{
    "train_mae": 0.0020738236588002945,
    "train_rmse": 0.0033058127773731767,
    "test_mae": 0.002225516328735,
    "test_rmse": 0.003497599845492087,
    "per_parameter_mae_train": {
        "s": 0.004850593997439052,
        "t0": 0.0005110381100786362,
        "x0": 0.0008598388688831958
    },
    "per_parameter_mae_test": {
        "s": 0.004685641499967504,
        "t0": 0.0007379619816948991,
        "x0": 0.0012529455045425968
    },
    "per_parameter_rmse_train": {
        "s": 0.0056041503503280726,
        "t0": 0.0005831072541044597,
        "x0": 0.0010191560912145724
    },
    "per_parameter_rmse_test": {
        "s": 0.005810288639976124,
        "t0": 0.0007591177956800099,
        "x0": 0.001537498009756483
    },
    "train_data_loss": 0.6315697431564331,
    "train_physics_loss": 0.003077202942222357,
    "train_total_loss": 0.6315697431564331,
    "train_actual_physics_residual": 2.6906588068698056e-10,
    "test_data_loss": 0.934787929058075,
    "test_physics_loss": 0.003307752078399062,
    "test_total_loss": 0.934787929058075,
    "test_actual_physics_residual": 2.949215871517197e-10,
    "training_time_seconds": 9.665919361000306,
    "evaluation_time_seconds": 0.12906302400006098,
    "parameter_names": [
        "s",
        "t0",
        "x0"
    ],
    "timestamp": "2026-05-26T19:11:57.282537"
}