{
  "train_polynomial_residual": {
    "mean": 0.0017019771116606028,
    "median": 0.0018435542285314996,
    "max": 0.0032933534688283127,
    "mse": 3.7644067135975767e-06
  },
  "test_polynomial_residual": {
    "mean": 0.0017079373772096605,
    "median": 0.0019202851787217417,
    "max": 0.002708433397236595,
    "mse": 3.94082535503754e-06
  },
  "train_forward_linear_error": {
    "mean": 0.005451638057309005,
    "median": 0.00481456119860245,
    "max": 0.013216144099955248,
    "mse": 4.6944485738445705e-05
  },
  "test_forward_linear_error": {
    "mean": 0.00277994240166034,
    "median": 0.002006879426990877,
    "max": 0.007401454074588821,
    "mse": 1.2450397828674838e-05
  },
  "train_forward_quadratic_error": {
    "mean": 0.00028608777108549567,
    "median": 0.00023470815250910732,
    "max": 0.0006654427369143349,
    "mse": 1.055008125467648e-07
  },
  "test_forward_quadratic_error": {
    "mean": 0.00019789388352812567,
    "median": 0.00017132105540010995,
    "max": 0.00029331183175263436,
    "mse": 4.232581073679993e-08
  },
  "train_observed_forward_residual": {
    "mean": 0.001665911273364576,
    "median": 0.0018018871199790615,
    "max": 0.0031711072185557692,
    "mse": 3.588258577285795e-06
  },
  "test_observed_forward_residual": {
    "mean": 0.0016535373431757884,
    "median": 0.001894088894017944,
    "max": 0.002572752383604399,
    "mse": 3.6690979565194954e-06
  },
  "train_clean_forward_residual": {
    "mean": 0.0016528524079154972,
    "median": 0.0017895492418107514,
    "max": 0.003174149166618686,
    "mse": 3.5734516233367224e-06
  },
  "test_clean_forward_residual": {
    "mean": 0.001625299147046802,
    "median": 0.0018994740864115938,
    "max": 0.002557508876208484,
    "mse": 3.620693924523822e-06
  },
  "train_observation_noise_floor": {
    "mean": 0.0001410856490247488,
    "median": 0.00014169152917321902,
    "max": 0.00015721282214449435,
    "mse": 1.9954105670164806e-08
  },
  "test_observation_noise_floor": {
    "mean": 0.00014262986068046195,
    "median": 0.00014494687025660969,
    "max": 0.00015470605833434176,
    "mse": 2.0428450106933678e-08
  }
}
