{
    "train_mae": 0.0011944953373893548,
    "train_rmse": 0.0017798165912337812,
    "test_mae": 0.002430894225400125,
    "test_rmse": 0.0043435448800146345,
    "per_parameter_mae_train": {
        "s": 0.001980019107516051,
        "t0": 0.00019444320074752755,
        "x0": 0.0014090237039044856
    },
    "per_parameter_mae_test": {
        "s": 0.004966907013887245,
        "t0": 0.0004966917472698576,
        "x0": 0.0018290839150432725
    },
    "per_parameter_rmse_train": {
        "s": 0.0025447342089840916,
        "t0": 0.00021089504449413709,
        "x0": 0.0017271631020627533
    },
    "per_parameter_rmse_test": {
        "s": 0.007219552768965791,
        "t0": 0.0005937384197992081,
        "x0": 0.0020309305451139265
    },
    "train_data_loss": 0.19852839410305023,
    "train_physics_loss": 0.0006344960420392454,
    "train_total_loss": 0.19852839410305023,
    "train_actual_physics_residual": 2.0537377354301611e-10,
    "test_data_loss": 0.9346338510513306,
    "test_physics_loss": 0.005106866825371981,
    "test_total_loss": 0.9346338510513306,
    "test_actual_physics_residual": 2.212605099138898e-10,
    "training_time_seconds": 3.9802011820011103,
    "evaluation_time_seconds": 0.11108030600007623,
    "parameter_names": [
        "s",
        "t0",
        "x0"
    ],
    "timestamp": "2026-05-26T06:51:37.088245"
}