{
    "train_mae": 0.0013348259524107841,
    "train_rmse": 0.002060030030595198,
    "test_mae": 0.001216794167591948,
    "test_rmse": 0.0020386412303640966,
    "per_parameter_mae_train": {
        "s": 0.0027702130073572278,
        "t0": 0.0005197759672338893,
        "x0": 0.0007144888826412357
    },
    "per_parameter_mae_test": {
        "s": 0.0025740913278276757,
        "t0": 0.000452923393161041,
        "x0": 0.0006233677817871272
    },
    "per_parameter_rmse_train": {
        "s": 0.003397508788611029,
        "t0": 0.0005960603492330669,
        "x0": 0.0009125882271019744
    },
    "per_parameter_rmse_test": {
        "s": 0.0033935649377331597,
        "t0": 0.0005473783671617443,
        "x0": 0.0008076311874691246
    },
    "train_data_loss": 0.4195331335067749,
    "train_physics_loss": 0.0011309891706332564,
    "train_total_loss": 0.4195331335067749,
    "train_actual_physics_residual": 2.6961671784064833e-10,
    "test_data_loss": 0.3647259473800659,
    "test_physics_loss": 0.0011283635394647717,
    "test_total_loss": 0.3647259473800659,
    "test_actual_physics_residual": 3.0572303022502467e-10,
    "training_time_seconds": 13.5052516249998,
    "evaluation_time_seconds": 0.04144032299882383,
    "parameter_names": [
        "s",
        "t0",
        "x0"
    ],
    "timestamp": "2026-05-24T05:43:37.959379"
}