{
    "train_mae": 0.0022897813012707027,
    "train_rmse": 0.003302879676651917,
    "test_mae": 0.0019246376880481318,
    "test_rmse": 0.0033631673680204447,
    "per_parameter_mae_train": {
        "s": 0.004563066012363395,
        "t0": 0.00031777010603973145,
        "x0": 0.001988507785408982
    },
    "per_parameter_mae_test": {
        "s": 0.004000396042601606,
        "t0": 0.0006749847108525291,
        "x0": 0.0010985323106902606
    },
    "per_parameter_rmse_train": {
        "s": 0.0051920299212455025,
        "t0": 0.00037856773675238426,
        "x0": 0.00237203588524761
    },
    "per_parameter_rmse_test": {
        "s": 0.005600237540086019,
        "t0": 0.0007145087705890168,
        "x0": 0.0014350961456694618
    },
    "train_data_loss": 0.6197234988212585,
    "train_physics_loss": 0.002641253173351288,
    "train_total_loss": 0.6197234988212585,
    "train_actual_physics_residual": 2.364869966520189e-10,
    "test_data_loss": 0.9764480590820312,
    "test_physics_loss": 0.0030729102436453104,
    "test_total_loss": 0.9764480590820312,
    "test_actual_physics_residual": 3.2109151448800333e-10,
    "training_time_seconds": 10.840437763999944,
    "evaluation_time_seconds": 0.18171737999909965,
    "parameter_names": [
        "s",
        "t0",
        "x0"
    ],
    "timestamp": "2026-05-26T22:12:36.966109"
}