{
  "observation_mode": "event_traces",
  "time_axis_size": 128,
  "records": [
    {
      "fraction": 0.25,
      "kept_steps": 32,
      "active_test_mae": 0.002531342332126136,
      "test_mae": 0.002531342332126136
    },
    {
      "fraction": 0.5,
      "kept_steps": 64,
      "active_test_mae": 0.0025177334427335593,
      "test_mae": 0.0025177334427335593
    },
    {
      "fraction": 0.75,
      "kept_steps": 96,
      "active_test_mae": 0.0025936554798979294,
      "test_mae": 0.0025936554798979294
    },
    {
      "fraction": 1.0,
      "kept_steps": 128,
      "active_test_mae": 0.0025936554798979294,
      "test_mae": 0.0025936554798979294
    }
  ]
}