{
    "train_mae": 0.00043736161979743976,
    "train_rmse": 0.0006254628697913444,
    "test_mae": 0.0025936554798979294,
    "test_rmse": 0.0036152638293693116,
    "per_parameter_mae_train": {
        "s": 0.0008321929433385278,
        "t0": 0.00010084193209108684,
        "x0": 0.00037904998396270467
    },
    "per_parameter_mae_test": {
        "s": 0.004743755325277044,
        "t0": 0.00021115010853790112,
        "x0": 0.002826061005878844
    },
    "per_parameter_rmse_train": {
        "s": 0.0009391067848881104,
        "t0": 0.00013315965921780203,
        "x0": 0.0005234103134224503
    },
    "per_parameter_rmse_test": {
        "s": 0.005430883965879764,
        "t0": 0.00023083119071320006,
        "x0": 0.0031084745420193165
    },
    "train_data_loss": 0.03401587903499603,
    "train_physics_loss": 8.641404565423727e-05,
    "train_total_loss": 0.03401587903499603,
    "train_actual_physics_residual": 2.0537377354301611e-10,
    "test_data_loss": 0.6291552186012268,
    "test_physics_loss": 0.002889843424782157,
    "test_total_loss": 0.6291552186012268,
    "test_actual_physics_residual": 2.212605099138898e-10,
    "training_time_seconds": 1.5745508820000396,
    "evaluation_time_seconds": 0.04246996900110389,
    "parameter_names": [
        "s",
        "t0",
        "x0"
    ],
    "timestamp": "2026-05-26T10:10:40.000445"
}