{
    "train_mae": 0.0028777748569060726,
    "train_rmse": 0.004186575254023973,
    "test_mae": 0.0030266233037162782,
    "test_rmse": 0.004458435005343408,
    "per_parameter_mae_train": {
        "s": 0.005705819544491076,
        "t0": 0.0005674856171409958,
        "x0": 0.002360019409086146
    },
    "per_parameter_mae_test": {
        "s": 0.0066087393263398655,
        "t0": 0.0004368127872628837,
        "x0": 0.002034317797546086
    },
    "per_parameter_rmse_train": {
        "s": 0.006678424082524629,
        "t0": 0.0006278207360979093,
        "x0": 0.002754401926026451
    },
    "per_parameter_rmse_test": {
        "s": 0.007324463680484969,
        "t0": 0.0005175023784173706,
        "x0": 0.002391098319225574
    },
    "train_data_loss": 0.9821195006370544,
    "train_physics_loss": 0.004370035603642464,
    "train_total_loss": 0.9821195006370544,
    "train_actual_physics_residual": 2.6961671784064833e-10,
    "test_data_loss": 0.8623029589653015,
    "test_physics_loss": 0.005256400443613529,
    "test_total_loss": 0.8623029589653015,
    "test_actual_physics_residual": 3.0572303022502467e-10,
    "training_time_seconds": 5.922072851999474,
    "evaluation_time_seconds": 0.07493086700014828,
    "parameter_names": [
        "s",
        "t0",
        "x0"
    ],
    "timestamp": "2026-05-24T20:13:40.366041"
}