{
    "train_mae": 0.00017090482165588666,
    "train_rmse": 0.00040036707488873654,
    "test_mae": 0.00020879131391944033,
    "test_rmse": 0.0004886376251503339,
    "per_parameter_mae_train": {
        "a": 0.0001154029291037572,
        "d": 0.0007224060383175392,
        "epsilon": 9.499490256914545e-11,
        "k": 0.0,
        "mu1": 0.00018760794659015466,
        "mu2": 1.1920928966180355e-08
    },
    "per_parameter_mae_test": {
        "a": 0.00014973592600551894,
        "d": 0.0008808476119567421,
        "epsilon": 9.499490256914545e-11,
        "k": 0.0,
        "mu1": 0.00022215232963051224,
        "mu2": 1.1920928966180355e-08
    },
    "per_parameter_rmse_train": {
        "a": 0.0001498419180849713,
        "d": 0.0009384282839803427,
        "epsilon": 9.499490256914543e-11,
        "k": 0.0,
        "mu1": 0.00024220347478512243,
        "mu2": 1.1920928966180355e-08
    },
    "per_parameter_rmse_test": {
        "a": 0.00017368584258708512,
        "d": 0.0011553719224193261,
        "epsilon": 9.499490256914545e-11,
        "k": 0.0,
        "mu1": 0.00025990252231003236,
        "mu2": 1.1920928966180354e-08
    },
    "train_data_loss": 0.030786752700805664,
    "train_physics_loss": 0.0,
    "train_total_loss": 0.030786752700805664,
    "train_actual_physics_residual": 0.0,
    "test_data_loss": 0.04021146148443222,
    "test_physics_loss": 0.0,
    "test_total_loss": 0.04021146148443222,
    "test_actual_physics_residual": 0.0,
    "training_time_seconds": 50.114431820984464,
    "evaluation_time_seconds": 0.20482412600540556,
    "parameter_names": [
        "a",
        "d",
        "epsilon",
        "k",
        "mu1",
        "mu2"
    ],
    "timestamp": "2026-06-15T14:59:45.730857"
}