{
    "train_mae": 0.0020416076859992465,
    "train_rmse": 0.0026627518157080203,
    "test_mae": 0.002727924255480243,
    "test_rmse": 0.0038498396842733644,
    "per_parameter_mae_train": {
        "s": 0.0031289249203565648,
        "t0": 0.0004476655398805869,
        "x0": 0.0025482325977605885
    },
    "per_parameter_mae_test": {
        "s": 0.005024880632360174,
        "t0": 0.00021727262314342327,
        "x0": 0.0029416195109371324
    },
    "per_parameter_rmse_train": {
        "s": 0.00362850841112835,
        "t0": 0.0005210727223894389,
        "x0": 0.002798776808629362
    },
    "per_parameter_rmse_test": {
        "s": 0.005948092029848525,
        "t0": 0.0002461222368389129,
        "x0": 0.003003901102367382
    },
    "train_data_loss": 0.6382959485054016,
    "train_physics_loss": 0.0012900151778012514,
    "train_total_loss": 0.6382959485054016,
    "train_actual_physics_residual": 2.0537377354301611e-10,
    "test_data_loss": 0.6664991974830627,
    "test_physics_loss": 0.003466490190476179,
    "test_total_loss": 0.6664991974830627,
    "test_actual_physics_residual": 2.212605099138898e-10,
    "training_time_seconds": 1.1519266899995273,
    "evaluation_time_seconds": 0.0324081329999899,
    "parameter_names": [
        "s",
        "t0",
        "x0"
    ],
    "timestamp": "2026-05-26T08:51:47.971104"
}