{
    "train_mae": 0.002637064300862959,
    "train_rmse": 0.003871458577209193,
    "test_mae": 0.0027942247465059847,
    "test_rmse": 0.003957210721796155,
    "per_parameter_mae_train": {
        "s": 0.005288668547661212,
        "t0": 0.0005474869023493628,
        "x0": 0.0020750374525783013
    },
    "per_parameter_mae_test": {
        "s": 0.0055213994891173315,
        "t0": 0.0007273254182104138,
        "x0": 0.0021339493321902094
    },
    "per_parameter_rmse_train": {
        "s": 0.006209298768936099,
        "t0": 0.0006083051885370956,
        "x0": 0.0024574678310869897
    },
    "per_parameter_rmse_test": {
        "s": 0.006364754013203809,
        "t0": 0.0007652158454747663,
        "x0": 0.002425469264149863
    },
    "train_data_loss": 0.942816436290741,
    "train_physics_loss": 0.0037776525132358074,
    "train_total_loss": 0.942816436290741,
    "train_actual_physics_residual": 2.6906588068698056e-10,
    "test_data_loss": 1.1569404602050781,
    "test_physics_loss": 0.003969179932028055,
    "test_total_loss": 1.1569404602050781,
    "test_actual_physics_residual": 2.949215871517197e-10,
    "training_time_seconds": 0.9190799859970866,
    "evaluation_time_seconds": 0.04529609100063681,
    "parameter_names": [
        "s",
        "t0",
        "x0"
    ],
    "timestamp": "2026-05-26T09:04:48.606374"
}