{
    "train_mae": 1.1571387235900233e-05,
    "train_rmse": 2.908477253851064e-05,
    "test_mae": 4.918434055938599e-06,
    "test_rmse": 7.942960855443185e-06,
    "per_parameter_mae_train": {
        "alpha": 4.694448436932674e-06,
        "beta": 0.0,
        "gamma": 3.0019713270768023e-05
    },
    "per_parameter_mae_test": {
        "alpha": 2.3951630988719837e-06,
        "beta": 0.0,
        "gamma": 1.2360139068943812e-05
    },
    "per_parameter_rmse_train": {
        "alpha": 7.4706666418258655e-06,
        "beta": 0.0,
        "gamma": 4.9819284627314934e-05
    },
    "per_parameter_rmse_test": {
        "alpha": 2.8558228173195723e-06,
        "beta": 0.0,
        "gamma": 1.3457940313784466e-05
    },
    "train_data_loss": 8.459239936169027e-10,
    "train_physics_loss": 1.0370372403765968e-10,
    "train_total_loss": 9.496277176545624e-10,
    "train_actual_physics_residual": 1.0370372403765968e-10,
    "test_data_loss": 6.309062715110273e-11,
    "test_physics_loss": 9.405165620269486e-11,
    "test_total_loss": 1.571422833537976e-10,
    "test_actual_physics_residual": 9.405165620269486e-11,
    "training_time_seconds": 4.4768288610002855,
    "evaluation_time_seconds": 5.9710000641644e-06,
    "parameter_names": [
        "alpha",
        "beta",
        "gamma"
    ],
    "timestamp": "2026-07-01T15:31:06.705984"
}