{
  "train_observed_forward_residual": {
    "mean": 0.00014370812080901377,
    "median": 0.00014358488656245362,
    "max": 0.00016878525331785234,
    "mse": 2.0740744807531934e-08
  },
  "test_observed_forward_residual": {
    "mean": 0.00013703493711149272,
    "median": 0.00013624974543492577,
    "max": 0.00014565017023239623,
    "mse": 1.881033124053897e-08
  },
  "train_clean_forward_residual": {
    "mean": 2.2866755482924156e-05,
    "median": 1.3677870356934954e-05,
    "max": 9.187566980912739e-05,
    "mse": 1.0519218597188093e-09
  },
  "test_clean_forward_residual": {
    "mean": 1.2021173381442444e-05,
    "median": 1.066740485929585e-05,
    "max": 2.0872674934650367e-05,
    "mse": 1.5853075413185528e-10
  },
  "train_observation_noise_floor": {
    "mean": 0.00014134642406194532,
    "median": 0.00014339923449353657,
    "max": 0.0001531237899332567,
    "mse": 2.0025988529165427e-08
  },
  "test_observation_noise_floor": {
    "mean": 0.00013765334995130869,
    "median": 0.00013693375603809714,
    "max": 0.00014597991709933597,
    "mse": 1.8979072195758936e-08
  }
}
