{
    "train_mae": 0.002918871413056715,
    "train_rmse": 0.004223449995351738,
    "test_mae": 0.003015105936609652,
    "test_rmse": 0.004485384210096737,
    "per_parameter_mae_train": {
        "s": 0.005793790117296757,
        "t0": 0.0005697394466244459,
        "x0": 0.0023930846752489424
    },
    "per_parameter_mae_test": {
        "s": 0.00660977423417222,
        "t0": 0.00043295625212159906,
        "x0": 0.0020025873235351367
    },
    "per_parameter_rmse_train": {
        "s": 0.006732804325197168,
        "t0": 0.0006308689861873583,
        "x0": 0.0027899712956557486
    },
    "per_parameter_rmse_test": {
        "s": 0.0073782995881963975,
        "t0": 0.0005111874797277124,
        "x0": 0.0023781078789545866
    },
    "train_data_loss": 0.9990943670272827,
    "train_physics_loss": 0.004441491328179836,
    "train_total_loss": 0.9990943670272827,
    "train_actual_physics_residual": 2.6961671784064833e-10,
    "test_data_loss": 0.8599897623062134,
    "test_physics_loss": 0.005333954468369484,
    "test_total_loss": 0.8599897623062134,
    "test_actual_physics_residual": 3.0572303022502467e-10,
    "training_time_seconds": 4.085587962999853,
    "evaluation_time_seconds": 0.05524646699996083,
    "parameter_names": [
        "s",
        "t0",
        "x0"
    ],
    "timestamp": "2026-05-26T04:20:40.763109"
}