{
    "train_mae": 0.0007796564050171918,
    "train_rmse": 0.001171069104457628,
    "test_mae": 0.0006495882076327375,
    "test_rmse": 0.0010718624346427016,
    "per_parameter_mae_train": {
        "s": 0.0016557661408195736,
        "t0": 0.000518796235260608,
        "x0": 0.00016440683897139382
    },
    "per_parameter_mae_test": {
        "s": 0.001379162407199409,
        "t0": 0.0004358559059739758,
        "x0": 0.0001337463097248278
    },
    "per_parameter_rmse_train": {
        "s": 0.0019277869717051672,
        "t0": 0.0005912513352043158,
        "x0": 0.00021969932314075895
    },
    "per_parameter_rmse_test": {
        "s": 0.0017671583623586203,
        "t0": 0.0005420273035179944,
        "x0": 0.00017327712192193585
    },
    "train_data_loss": 0.32396215200424194,
    "train_physics_loss": 0.0003641299845185131,
    "train_total_loss": 0.32396215200424194,
    "train_actual_physics_residual": 2.6961671784064833e-10,
    "test_data_loss": 0.2718133330345154,
    "test_physics_loss": 0.0003059784066863358,
    "test_total_loss": 0.2718133330345154,
    "test_actual_physics_residual": 3.0572303022502467e-10,
    "training_time_seconds": 12.634837600002356,
    "evaluation_time_seconds": 0.03965271500055678,
    "parameter_names": [
        "s",
        "t0",
        "x0"
    ],
    "timestamp": "2026-05-24T05:45:22.624819"
}