{
    "train_mae": 0.002758915744362512,
    "train_rmse": 0.004013131338295754,
    "test_mae": 0.00279576988229747,
    "test_rmse": 0.003990044297463485,
    "per_parameter_mae_train": {
        "s": 0.005444343911683358,
        "t0": 0.000537967836052991,
        "x0": 0.002294435485351186
    },
    "per_parameter_mae_test": {
        "s": 0.0053926717962931876,
        "t0": 0.0007313670716234527,
        "x0": 0.0022632707789757697
    },
    "per_parameter_rmse_train": {
        "s": 0.006364805410095654,
        "t0": 0.0005992570791810356,
        "x0": 0.0027287016069740787
    },
    "per_parameter_rmse_test": {
        "s": 0.00636393106870027,
        "t0": 0.0007594950732837652,
        "x0": 0.0025855191110590813
    },
    "train_data_loss": 1.0115045309066772,
    "train_physics_loss": 0.003969235811382532,
    "train_total_loss": 1.0115045309066772,
    "train_actual_physics_residual": 2.6906588068698056e-10,
    "test_data_loss": 1.184339165687561,
    "test_physics_loss": 0.003968154080212116,
    "test_total_loss": 1.184339165687561,
    "test_actual_physics_residual": 2.949215871517197e-10,
    "training_time_seconds": 12.8891672439986,
    "evaluation_time_seconds": 0.17444043599971337,
    "parameter_names": [
        "s",
        "t0",
        "x0"
    ],
    "timestamp": "2026-05-26T17:24:06.044328"
}