{
  "observation_mode": "event_traces",
  "time_axis_size": 128,
  "records": [
    {
      "fraction": 0.25,
      "kept_steps": 32,
      "active_test_mae": 0.002972380909273896,
      "test_mae": 0.002972380909273896
    },
    {
      "fraction": 0.5,
      "kept_steps": 64,
      "active_test_mae": 0.0029750705688693854,
      "test_mae": 0.0029750705688693854
    },
    {
      "fraction": 0.75,
      "kept_steps": 96,
      "active_test_mae": 0.0029750705688693854,
      "test_mae": 0.0029750705688693854
    },
    {
      "fraction": 1.0,
      "kept_steps": 128,
      "active_test_mae": 0.0029750705688693854,
      "test_mae": 0.0029750705688693854
    }
  ]
}