{
    "train_mae": 0.002968248911355375,
    "train_rmse": 0.004036807324526476,
    "test_mae": 0.0029750705688693854,
    "test_rmse": 0.004153641976103933,
    "per_parameter_mae_train": {
        "s": 0.0054966439831367064,
        "t0": 0.000518198944628232,
        "x0": 0.002889903806301187
    },
    "per_parameter_mae_test": {
        "s": 0.005645812019307805,
        "t0": 0.00041981106873534985,
        "x0": 0.002859588618565001
    },
    "per_parameter_rmse_train": {
        "s": 0.006177951205406751,
        "t0": 0.0005985262713342101,
        "x0": 0.0032190255252463966
    },
    "per_parameter_rmse_test": {
        "s": 0.006568026780065588,
        "t0": 0.00043626657676285106,
        "x0": 0.002903260354721678
    },
    "train_data_loss": 1.0246870517730713,
    "train_physics_loss": 0.0037396177649497986,
    "train_total_loss": 1.0246870517730713,
    "train_actual_physics_residual": 2.0537377354301611e-10,
    "test_data_loss": 0.840815007686615,
    "test_physics_loss": 0.004226725082844496,
    "test_total_loss": 0.840815007686615,
    "test_actual_physics_residual": 2.212605099138898e-10,
    "training_time_seconds": 0.5209792740001831,
    "evaluation_time_seconds": 0.11786539900003845,
    "parameter_names": [
        "s",
        "t0",
        "x0"
    ],
    "timestamp": "2026-05-26T18:53:36.688880"
}