{
  "train": {
    "event_abs_mean": 0.015519685111939907,
    "event_active_fraction_gt_1e_6": 0.015519685111939907,
    "spike_mean": 0.0455833375453949,
    "spike_active_fraction_gt_0p5": 0.006529565434902906,
    "spike_count_per_sample_mean": 16.715686798095703,
    "first_spike_flat_index_mean": 634.0294189453125,
    "mem_abs_mean": 1.235630750656128
  },
  "test": {
    "event_abs_mean": 0.015437199734151363,
    "event_active_fraction_gt_1e_6": 0.015437199734151363,
    "spike_mean": 0.045584797859191895,
    "spike_active_fraction_gt_0p5": 0.006475360598415136,
    "spike_count_per_sample_mean": 16.576923370361328,
    "first_spike_flat_index_mean": 621.0769653320312,
    "mem_abs_mean": 1.2357085943222046
  }
}