{
  "train": {
    "event_abs_mean": 0.015380859375,
    "event_active_fraction_gt_1e_6": 0.015380859375,
    "spike_mean": 0.03997870907187462,
    "spike_active_fraction_gt_0p5": 0.0017903646221384406,
    "spike_count_per_sample_mean": 4.583333492279053,
    "first_spike_flat_index_mean": 396.5833435058594,
    "mem_abs_mean": 1.3534271717071533
  },
  "test": {
    "event_abs_mean": 0.015380859375,
    "event_active_fraction_gt_1e_6": 0.015380859375,
    "spike_mean": 0.040045302361249924,
    "spike_active_fraction_gt_0p5": 0.0021484375465661287,
    "spike_count_per_sample_mean": 5.5,
    "first_spike_flat_index_mean": 365.75,
    "mem_abs_mean": 1.3532145023345947
  }
}