{
  "observation_mode": "event_traces",
  "time_axis_size": 128,
  "records": [
    {
      "fraction": 0.25,
      "kept_steps": 32,
      "active_test_mae": 0.0030116724220687736,
      "test_mae": 0.003011672422068773
    },
    {
      "fraction": 0.5,
      "kept_steps": 64,
      "active_test_mae": 0.0030127134019065334,
      "test_mae": 0.003012713401906533
    },
    {
      "fraction": 0.75,
      "kept_steps": 96,
      "active_test_mae": 0.0030127134019065334,
      "test_mae": 0.003012713401906533
    },
    {
      "fraction": 1.0,
      "kept_steps": 128,
      "active_test_mae": 0.0030127134019065334,
      "test_mae": 0.003012713401906533
    }
  ]
}