{
  "train_observed_forward_residual": {
    "mean": 0.0014049662890513956,
    "median": 0.0014112968557863147,
    "max": 0.001568119084410409,
    "mse": 1.9789100425923323e-06
  },
  "test_observed_forward_residual": {
    "mean": 0.001417500267800409,
    "median": 0.001439723798397863,
    "max": 0.0015429021267834209,
    "mse": 2.0176565034913503e-06
  },
  "train_clean_forward_residual": {
    "mean": 0.00011505399800961086,
    "median": 0.00010649244149448291,
    "max": 0.00024351815440393953,
    "mse": 1.6499333917625022e-08
  },
  "test_clean_forward_residual": {
    "mean": 0.00015464181310631626,
    "median": 0.0001677437753849636,
    "max": 0.00022000385288785225,
    "mse": 2.5189108578414506e-08
  },
  "train_observation_noise_floor": {
    "mean": 0.001410856490247535,
    "median": 0.0014169152917322017,
    "max": 0.0015721282214450946,
    "mse": 1.995410567016613e-06
  },
  "test_observation_noise_floor": {
    "mean": 0.0014262986068045997,
    "median": 0.0014494687025661745,
    "max": 0.0015470605833430198,
    "mse": 2.0428450106932822e-06
  }
}
