{
    "train_mae": 0.002915863033596972,
    "train_rmse": 0.004226765201987538,
    "test_mae": 0.0030180778480485802,
    "test_rmse": 0.004475807827818427,
    "per_parameter_mae_train": {
        "s": 0.0057844532250004715,
        "t0": 0.0005660054001633831,
        "x0": 0.0023971304756270615
    },
    "per_parameter_mae_test": {
        "s": 0.006606661037725874,
        "t0": 0.00044186052400669657,
        "x0": 0.0020057119824131698
    },
    "per_parameter_rmse_train": {
        "s": 0.006735544465522372,
        "t0": 0.0006293067813573308,
        "x0": 0.0027987579291726735
    },
    "per_parameter_rmse_test": {
        "s": 0.007362626887863679,
        "t0": 0.0005175931806277836,
        "x0": 0.0023711578910221302
    },
    "train_data_loss": 0.9997966885566711,
    "train_physics_loss": 0.004445107653737068,
    "train_total_loss": 0.9997966885566711,
    "train_actual_physics_residual": 2.6961671784064833e-10,
    "test_data_loss": 0.862447202205658,
    "test_physics_loss": 0.005311318673193455,
    "test_total_loss": 0.862447202205658,
    "test_actual_physics_residual": 3.0572303022502467e-10,
    "training_time_seconds": 4.663213501000428,
    "evaluation_time_seconds": 0.05767639900295762,
    "parameter_names": [
        "s",
        "t0",
        "x0"
    ],
    "timestamp": "2026-05-26T01:17:38.792998"
}