{
    "train_mae": 0.002918709471912931,
    "train_rmse": 0.004229681741026926,
    "test_mae": 0.003013104404996473,
    "test_rmse": 0.004472244122583608,
    "per_parameter_mae_train": {
        "s": 0.0057915368279805425,
        "t0": 0.0005670856613050292,
        "x0": 0.0023975059264532204
    },
    "per_parameter_mae_test": {
        "s": 0.006596940895654811,
        "t0": 0.0004405334925886706,
        "x0": 0.0020018388267459383
    },
    "per_parameter_rmse_train": {
        "s": 0.006741199343580557,
        "t0": 0.0006295552781153946,
        "x0": 0.002798305639674804
    },
    "per_parameter_rmse_test": {
        "s": 0.007356432409317729,
        "t0": 0.0005164029035184247,
        "x0": 0.002370470992087521
    },
    "train_data_loss": 1.0005104541778564,
    "train_physics_loss": 0.004452574532479048,
    "train_total_loss": 1.0005104541778564,
    "train_actual_physics_residual": 2.6961671784064833e-10,
    "test_data_loss": 0.8606032729148865,
    "test_physics_loss": 0.005302385427057743,
    "test_total_loss": 0.8606032729148865,
    "test_actual_physics_residual": 3.0572303022502467e-10,
    "training_time_seconds": 21.232647822000217,
    "evaluation_time_seconds": 0.21318298400001368,
    "parameter_names": [
        "s",
        "t0",
        "x0"
    ],
    "timestamp": "2026-05-24T14:30:18.185878"
}