{
    "train_mae": 5.992704146313094e-05,
    "train_rmse": 0.0001360735265101131,
    "test_mae": 8.653200339606711e-05,
    "test_rmse": 0.00020938214550926518,
    "per_parameter_mae_train": {
        "a": 4.725620858208843e-05,
        "d": 0.00024116049372710884,
        "epsilon": 9.499490256914545e-11,
        "k": 0.0,
        "mu1": 7.11335305457196e-05,
        "mu2": 1.1920928966180355e-08
    },
    "per_parameter_mae_test": {
        "a": 6.552563110414015e-05,
        "d": 0.00035714988981735973,
        "epsilon": 9.499490256914545e-11,
        "k": 0.0,
        "mu1": 9.650448353103406e-05,
        "mu2": 1.1920928966180355e-08
    },
    "per_parameter_rmse_train": {
        "a": 6.041274050686049e-05,
        "d": 0.0003139174400890161,
        "epsilon": 9.499490256914543e-11,
        "k": 0.0,
        "mu1": 9.4351307101083e-05,
        "mu2": 1.1920928966180357e-08
    },
    "per_parameter_rmse_test": {
        "a": 8.45485467266252e-05,
        "d": 0.0004883588269957693,
        "epsilon": 9.499490256914543e-11,
        "k": 0.0,
        "mu1": 0.0001319185216260131,
        "mu2": 1.1920928966180355e-08
    },
    "train_data_loss": 0.004435964394360781,
    "train_physics_loss": 0.0,
    "train_total_loss": 0.004435964394360781,
    "train_actual_physics_residual": 0.0,
    "test_data_loss": 0.00910978950560093,
    "test_physics_loss": 0.0,
    "test_total_loss": 0.00910978950560093,
    "test_actual_physics_residual": 0.0,
    "training_time_seconds": 120.87008950699965,
    "evaluation_time_seconds": 0.12113410100209876,
    "parameter_names": [
        "a",
        "d",
        "epsilon",
        "k",
        "mu1",
        "mu2"
    ],
    "timestamp": "2026-06-19T18:54:34.630223"
}