{
    "train_mae": 0.0027790164651989168,
    "train_rmse": 0.0040541698152803595,
    "test_mae": 0.002716974643350213,
    "test_rmse": 0.003961620271150984,
    "per_parameter_mae_train": {
        "s": 0.005510397899250058,
        "t0": 0.0005094114133995887,
        "x0": 0.0023172400829471027
    },
    "per_parameter_mae_test": {
        "s": 0.0053195048023450585,
        "t0": 0.000748848999311758,
        "x0": 0.0020825701283938227
    },
    "per_parameter_rmse_train": {
        "s": 0.006427730231187357,
        "t0": 0.0006071089761367161,
        "x0": 0.002761264463894303
    },
    "per_parameter_rmse_test": {
        "s": 0.006378857824713718,
        "t0": 0.0007772831079169446,
        "x0": 0.002406098364701398
    },
    "train_data_loss": 1.0351992845535278,
    "train_physics_loss": 0.0040481057949364185,
    "train_total_loss": 1.0351992845535278,
    "train_actual_physics_residual": 2.6906588068698056e-10,
    "test_data_loss": 1.171953797340393,
    "test_physics_loss": 0.003986790776252747,
    "test_total_loss": 1.171953797340393,
    "test_actual_physics_residual": 2.949215871517197e-10,
    "training_time_seconds": 3.5705318739999257,
    "evaluation_time_seconds": 0.08849217600004522,
    "parameter_names": [
        "s",
        "t0",
        "x0"
    ],
    "timestamp": "2026-05-24T13:28:19.723359"
}