{
    "train_mae": 0.0005456762360296357,
    "train_rmse": 0.0013750245374488964,
    "test_mae": 0.0008994699813743877,
    "test_rmse": 0.0022369968804679253,
    "per_parameter_mae_train": {
        "a": 0.0003559729942867992,
        "beta": 0.0,
        "d": 0.0026707808523524675,
        "epsilon": 2.2351741811588166e-10,
        "gamma": 0.0002473033460211287,
        "k": 0.0
    },
    "per_parameter_mae_test": {
        "a": 0.0005973341720157982,
        "beta": 0.0,
        "d": 0.004477570719331548,
        "epsilon": 2.2351741811588166e-10,
        "gamma": 0.0003219147733815625,
        "k": 0.0
    },
    "per_parameter_rmse_train": {
        "a": 0.0004489177431848199,
        "beta": 0.0,
        "d": 0.0033246434306808833,
        "epsilon": 2.2351741811588166e-10,
        "gamma": 0.00029895449520546993,
        "k": 0.0
    },
    "per_parameter_rmse_test": {
        "a": 0.0007135820798353049,
        "beta": 0.0,
        "d": 0.005416240752305999,
        "epsilon": 2.2351741811588164e-10,
        "gamma": 0.0004243430071734408,
        "k": 0.0
    },
    "train_data_loss": 0.17256206274032593,
    "train_physics_loss": 0.0,
    "train_total_loss": 0.17256206274032593,
    "train_actual_physics_residual": 0.0,
    "test_data_loss": 0.43624311685562134,
    "test_physics_loss": 0.0,
    "test_total_loss": 0.43624311685562134,
    "test_actual_physics_residual": 0.0,
    "training_time_seconds": 227.7016871200001,
    "evaluation_time_seconds": 1.2022391519999474,
    "parameter_names": [
        "a",
        "beta",
        "d",
        "epsilon",
        "gamma",
        "k"
    ],
    "timestamp": "2026-06-08T15:18:17.784657"
}