{
    "train_mae": 0.0029158767107338762,
    "train_rmse": 0.004102839963163889,
    "test_mae": 0.0027983843961853516,
    "test_rmse": 0.004172936293156944,
    "per_parameter_mae_train": {
        "s": 0.0053399433720222045,
        "t0": 0.0005095475787917705,
        "x0": 0.0028981391813876537
    },
    "per_parameter_mae_test": {
        "s": 0.00517156766315241,
        "t0": 0.0003492298560955412,
        "x0": 0.002874355669308104
    },
    "per_parameter_rmse_train": {
        "s": 0.006315575840681251,
        "t0": 0.0005907534720836101,
        "x0": 0.003203810141976031
    },
    "per_parameter_rmse_test": {
        "s": 0.006611203651270645,
        "t0": 0.0003699373016793258,
        "x0": 0.002897468652891898
    },
    "train_data_loss": 1.0274816751480103,
    "train_physics_loss": 0.003908089827746153,
    "train_total_loss": 1.0274816751480103,
    "train_actual_physics_residual": 2.0537377354301611e-10,
    "test_data_loss": 0.7926533222198486,
    "test_physics_loss": 0.004282477777451277,
    "test_total_loss": 0.7926533222198486,
    "test_actual_physics_residual": 2.212605099138898e-10,
    "training_time_seconds": 0.18289520500002254,
    "evaluation_time_seconds": 0.033945897000194236,
    "parameter_names": [
        "s",
        "t0",
        "x0"
    ],
    "timestamp": "2026-05-26T14:05:34.564845"
}