{
    "apcardiac1d": {
        "scipy": {
            "strong": 0.0009434987976509782,
            "weak": 0.7781963270376113,
            "energy": 87.90905271589756
        }
    }
}