{
    "train_mae": 0.002737086823589246,
    "train_rmse": 0.003941144510770215,
    "test_mae": 0.0026647008338669016,
    "test_rmse": 0.004331272310368655,
    "per_parameter_mae_train": {
        "s": 0.0051536288327979655,
        "t0": 0.00043053531266675827,
        "x0": 0.0026270963253030156
    },
    "per_parameter_mae_test": {
        "s": 0.005840135978340306,
        "t0": 0.000545281810715309,
        "x0": 0.0016086847125450895
    },
    "per_parameter_rmse_train": {
        "s": 0.006104274186010416,
        "t0": 0.0005227625888798809,
        "x0": 0.0030103847099659958
    },
    "per_parameter_rmse_test": {
        "s": 0.007240031600471163,
        "t0": 0.0005683404797786276,
        "x0": 0.0018811408780106465
    },
    "train_data_loss": 0.9954009056091309,
    "train_physics_loss": 0.0036509393248707056,
    "train_total_loss": 0.9954009056091309,
    "train_actual_physics_residual": 2.364869966520189e-10,
    "test_data_loss": 0.9883506298065186,
    "test_physics_loss": 0.005135911982506514,
    "test_total_loss": 0.9883506298065186,
    "test_actual_physics_residual": 3.2109151448800333e-10,
    "training_time_seconds": 2.379327973000045,
    "evaluation_time_seconds": 0.03602736199991341,
    "parameter_names": [
        "s",
        "t0",
        "x0"
    ],
    "timestamp": "2026-05-26T13:29:20.528784"
}