{
    "train_mae": 0.0022142599530456672,
    "train_rmse": 0.0033895413360086474,
    "test_mae": 0.002898509730170017,
    "test_rmse": 0.004401847657564019,
    "per_parameter_mae_train": {
        "s": 0.004681827344579837,
        "t0": 0.0004961462154479544,
        "x0": 0.0014648062991092106
    },
    "per_parameter_mae_test": {
        "s": 0.006616502188298772,
        "t0": 0.0005388021922400882,
        "x0": 0.0015402248099711908
    },
    "per_parameter_rmse_train": {
        "s": 0.005572227157257724,
        "t0": 0.000577074726420977,
        "x0": 0.0017562006359125167
    },
    "per_parameter_rmse_test": {
        "s": 0.007332721019680149,
        "t0": 0.0006123345945609833,
        "x0": 0.0019962557934919745
    },
    "train_data_loss": 0.6395620107650757,
    "train_physics_loss": 0.003042246215045452,
    "train_total_loss": 0.6395620107650757,
    "train_actual_physics_residual": 2.6961671784064833e-10,
    "test_data_loss": 0.8797470331192017,
    "test_physics_loss": 0.0052682626992464066,
    "test_total_loss": 0.8797470331192017,
    "test_actual_physics_residual": 3.0572303022502467e-10,
    "training_time_seconds": 17.353742131999752,
    "evaluation_time_seconds": 0.20272454499991,
    "parameter_names": [
        "s",
        "t0",
        "x0"
    ],
    "timestamp": "2026-05-26T05:06:50.855930"
}