{
    "train_mae": 0.0017453751545176252,
    "train_rmse": 0.0026743109181024106,
    "test_mae": 0.002668082216939762,
    "test_rmse": 0.004674201261460844,
    "per_parameter_mae_train": {
        "s": 0.0028467698365828853,
        "t0": 0.0003490514602434898,
        "x0": 0.0020403041667265004
    },
    "per_parameter_mae_test": {
        "s": 0.004599176157945473,
        "t0": 0.00034988923247836895,
        "x0": 0.0030551812603954454
    },
    "per_parameter_rmse_train": {
        "s": 0.003930020437891096,
        "t0": 0.0003992770527178747,
        "x0": 0.002418953048940075
    },
    "per_parameter_rmse_test": {
        "s": 0.007370655415577567,
        "t0": 0.0004211864438290928,
        "x0": 0.003322726745051134
    },
    "train_data_loss": 0.48358339071273804,
    "train_physics_loss": 0.0015133123379200697,
    "train_total_loss": 0.48358339071273804,
    "train_actual_physics_residual": 2.0537377354301611e-10,
    "test_data_loss": 1.0123587846755981,
    "test_physics_loss": 0.00532287685200572,
    "test_total_loss": 1.0123587846755981,
    "test_actual_physics_residual": 2.212605099138898e-10,
    "training_time_seconds": 1.4999818710002728,
    "evaluation_time_seconds": 0.030721267999979318,
    "parameter_names": [
        "s",
        "t0",
        "x0"
    ],
    "timestamp": "2026-05-26T13:48:10.897999"
}