{
    "train_mae": 0.0029036167716032413,
    "train_rmse": 0.004060163990541541,
    "test_mae": 0.0023309078881197202,
    "test_rmse": 0.0038796874012282947,
    "per_parameter_mae_train": {
        "s": 0.00548738623331066,
        "t0": 0.00042826327103826,
        "x0": 0.002795200810460803
    },
    "per_parameter_mae_test": {
        "s": 0.005113231790456656,
        "t0": 0.0005336471969288841,
        "x0": 0.0013458446769736207
    },
    "per_parameter_rmse_train": {
        "s": 0.006233652536887694,
        "t0": 0.0005221736927978973,
        "x0": 0.003213052376506497
    },
    "per_parameter_rmse_test": {
        "s": 0.006438714604162034,
        "t0": 0.000564023436263141,
        "x0": 0.0018386828990462536
    },
    "train_data_loss": 1.0549451112747192,
    "train_physics_loss": 0.0038073372561484575,
    "train_total_loss": 1.0549451112747192,
    "train_actual_physics_residual": 2.364869966520189e-10,
    "test_data_loss": 0.8794431686401367,
    "test_physics_loss": 0.004061955958604813,
    "test_total_loss": 0.8794431686401367,
    "test_actual_physics_residual": 3.2109151448800333e-10,
    "training_time_seconds": 4.320209706000242,
    "evaluation_time_seconds": 0.2126211439990584,
    "parameter_names": [
        "s",
        "t0",
        "x0"
    ],
    "timestamp": "2026-05-26T22:21:24.350735"
}