{
  "train": {
    "event_abs_mean": 0.014921875670552254,
    "event_active_fraction_gt_1e_6": 0.014921875670552254,
    "spike_mean": 0.019806688651442528,
    "spike_active_fraction_gt_0p5": 0.0006250000442378223,
    "spike_count_per_sample_mean": 1.5999999046325684,
    "first_spike_flat_index_mean": 816.1500244140625,
    "mem_abs_mean": 1.234708547592163
  },
  "test": {
    "event_abs_mean": 0.014415922574698925,
    "event_active_fraction_gt_1e_6": 0.014415922574698925,
    "spike_mean": 0.019807877019047737,
    "spike_active_fraction_gt_0p5": 0.00044642857392318547,
    "spike_count_per_sample_mean": 1.1428571939468384,
    "first_spike_flat_index_mean": 870.6666870117188,
    "mem_abs_mean": 1.2355958223342896
  }
}