{
    "train_mae": 9.061143395445026e-05,
    "train_rmse": 0.00020987401799701602,
    "test_mae": 0.0001245169728916613,
    "test_rmse": 0.00028671007974856867,
    "per_parameter_mae_train": {
        "a": 6.244269290314973e-05,
        "d": 0.0003739728770883357,
        "epsilon": 9.499490256914545e-11,
        "k": 0.0,
        "mu1": 0.00010724101781134733,
        "mu2": 1.1920928966180355e-08
    },
    "per_parameter_mae_test": {
        "a": 0.00010375942791407945,
        "d": 0.0004927631844828486,
        "epsilon": 9.499490256914545e-11,
        "k": 0.0,
        "mu1": 0.00015056720902917106,
        "mu2": 1.1920928966180355e-08
    },
    "per_parameter_rmse_train": {
        "a": 7.989478769219159e-05,
        "d": 0.0004876412462924026,
        "epsilon": 9.499490256914543e-11,
        "k": 0.0,
        "mu1": 0.0001417937172556146,
        "mu2": 1.1920928966180357e-08
    },
    "per_parameter_rmse_test": {
        "a": 0.00014320591300043996,
        "d": 0.0006597200157379387,
        "epsilon": 9.499490256914543e-11,
        "k": 0.0,
        "mu1": 0.0001935912863506788,
        "mu2": 1.1920928966180355e-08
    },
    "train_data_loss": 0.009389358572661877,
    "train_physics_loss": 0.0,
    "train_total_loss": 0.009389358572661877,
    "train_actual_physics_residual": 0.0,
    "test_data_loss": 0.021004607900977135,
    "test_physics_loss": 0.0,
    "test_total_loss": 0.021004607900977135,
    "test_actual_physics_residual": 0.0,
    "training_time_seconds": 117.97502681500191,
    "evaluation_time_seconds": 0.1277482850018714,
    "parameter_names": [
        "a",
        "d",
        "epsilon",
        "k",
        "mu1",
        "mu2"
    ],
    "timestamp": "2026-06-19T18:47:59.988230"
}