{
    "train_mae": 0.0027784771555676305,
    "train_rmse": 0.003961116686906775,
    "test_mae": 0.0025914275668021255,
    "test_rmse": 0.004186994331381244,
    "per_parameter_mae_train": {
        "s": 0.005267936236362418,
        "t0": 0.0004415719244466382,
        "x0": 0.002625923305893836
    },
    "per_parameter_mae_test": {
        "s": 0.005613127431238604,
        "t0": 0.0005544800846465399,
        "x0": 0.0016066751845212335
    },
    "per_parameter_rmse_train": {
        "s": 0.006143681571224995,
        "t0": 0.0005242705420961975,
        "x0": 0.003008596578465524
    },
    "per_parameter_rmse_test": {
        "s": 0.0069802595230662005,
        "t0": 0.0005753831038158479,
        "x0": 0.0018808710395832272
    },
    "train_data_loss": 1.0012097358703613,
    "train_physics_loss": 0.0036982290912419558,
    "train_total_loss": 1.0012097358703613,
    "train_actual_physics_residual": 2.364869966520189e-10,
    "test_data_loss": 0.9654032588005066,
    "test_physics_loss": 0.0047739720903337,
    "test_total_loss": 0.9654032588005066,
    "test_actual_physics_residual": 3.2109151448800333e-10,
    "training_time_seconds": 0.7593425859995477,
    "evaluation_time_seconds": 0.11181441400003678,
    "parameter_names": [
        "s",
        "t0",
        "x0"
    ],
    "timestamp": "2026-05-26T17:18:46.501205"
}