{
    "train_mae": 0.002725669916690731,
    "train_rmse": 0.0039762124350141825,
    "test_mae": 0.002838509278209347,
    "test_rmse": 0.003983348254341648,
    "per_parameter_mae_train": {
        "s": 0.005354675432516595,
        "t0": 0.0005249446594390151,
        "x0": 0.0022973896581165833
    },
    "per_parameter_mae_test": {
        "s": 0.005546268380906694,
        "t0": 0.0007338423837463846,
        "x0": 0.002235417069974962
    },
    "per_parameter_rmse_train": {
        "s": 0.006292750204268233,
        "t0": 0.0005925630840316774,
        "x0": 0.0027351343373240786
    },
    "per_parameter_rmse_test": {
        "s": 0.0063676990314250085,
        "t0": 0.0007551718468443225,
        "x0": 0.0025462353530305683
    },
    "train_data_loss": 0.9978786706924438,
    "train_physics_loss": 0.0038798763416707516,
    "train_total_loss": 0.9978786706924438,
    "train_actual_physics_residual": 2.6906588068698056e-10,
    "test_data_loss": 1.1695255041122437,
    "test_physics_loss": 0.003972853999584913,
    "test_total_loss": 1.1695255041122437,
    "test_actual_physics_residual": 2.949215871517197e-10,
    "training_time_seconds": 4.172520271999929,
    "evaluation_time_seconds": 0.03178040900002088,
    "parameter_names": [
        "s",
        "t0",
        "x0"
    ],
    "timestamp": "2026-05-26T13:53:10.700470"
}