{
    "train_mae": 0.002274354694688389,
    "train_rmse": 0.0037296320428978785,
    "test_mae": 0.002586514179329903,
    "test_rmse": 0.004311370919457751,
    "per_parameter_mae_train": {
        "s": 0.005445138355720338,
        "t0": 0.000547144287113592,
        "x0": 0.0008307814412312373
    },
    "per_parameter_mae_test": {
        "s": 0.00636162827685731,
        "t0": 0.00043348209117526656,
        "x0": 0.000964432169957134
    },
    "per_parameter_rmse_train": {
        "s": 0.006346655623620438,
        "t0": 0.0006151806264942312,
        "x0": 0.0010353650168829604
    },
    "per_parameter_rmse_test": {
        "s": 0.007355399415142703,
        "t0": 0.0005167724968286953,
        "x0": 0.0011810178854182267
    },
    "train_data_loss": 0.6598131656646729,
    "train_physics_loss": 0.003946633078157902,
    "train_total_loss": 0.6598131656646729,
    "train_actual_physics_residual": 2.6961671784064833e-10,
    "test_data_loss": 0.6809415817260742,
    "test_physics_loss": 0.005300894379615784,
    "test_total_loss": 0.6809415817260742,
    "test_actual_physics_residual": 3.0572303022502467e-10,
    "training_time_seconds": 40.815599858000496,
    "evaluation_time_seconds": 0.22335368499989272,
    "parameter_names": [
        "s",
        "t0",
        "x0"
    ],
    "timestamp": "2026-05-24T03:49:21.245836"
}