{
  "observation_mode": "event_traces",
  "time_axis_size": 128,
  "records": [
    {
      "fraction": 0.25,
      "kept_steps": 32,
      "active_test_mae": 0.0028944621165095503,
      "test_mae": 0.0028944621165095503
    },
    {
      "fraction": 0.5,
      "kept_steps": 64,
      "active_test_mae": 0.0029181394407648575,
      "test_mae": 0.0029181394407648575
    },
    {
      "fraction": 0.75,
      "kept_steps": 96,
      "active_test_mae": 0.0029181394407648575,
      "test_mae": 0.0029181394407648575
    },
    {
      "fraction": 1.0,
      "kept_steps": 128,
      "active_test_mae": 0.0029181394407648575,
      "test_mae": 0.0029181394407648575
    }
  ]
}