{
  "observation_mode": "event_traces",
  "time_axis_size": 128,
  "records": [
    {
      "fraction": 0.25,
      "kept_steps": 32,
      "active_test_mae": 0.007471365705400779,
      "test_mae": 0.0024904557318389644
    },
    {
      "fraction": 0.5,
      "kept_steps": 64,
      "active_test_mae": 0.005425346738753696,
      "test_mae": 0.0018084494096232701
    },
    {
      "fraction": 0.75,
      "kept_steps": 96,
      "active_test_mae": 0.005312570165865982,
      "test_mae": 0.001770857218660699
    },
    {
      "fraction": 1.0,
      "kept_steps": 128,
      "active_test_mae": 0.005312570165865982,
      "test_mae": 0.001770857218660699
    }
  ]
}