{
  "observation_mode": "event_traces",
  "time_axis_size": 128,
  "records": [
    {
      "fraction": 0.25,
      "kept_steps": 32,
      "active_test_mae": 0.0028858867054480765,
      "test_mae": 0.0028858867054480765
    },
    {
      "fraction": 0.5,
      "kept_steps": 64,
      "active_test_mae": 0.002850400731758739,
      "test_mae": 0.002850400731758739
    },
    {
      "fraction": 0.75,
      "kept_steps": 96,
      "active_test_mae": 0.002786286097715608,
      "test_mae": 0.002786286097715608
    },
    {
      "fraction": 1.0,
      "kept_steps": 128,
      "active_test_mae": 0.0028112305150011984,
      "test_mae": 0.0028112305150011984
    }
  ]
}