{
    "train_mae": 0.0023643523708112143,
    "train_rmse": 0.003449415615611564,
    "test_mae": 0.0028112305150011984,
    "test_rmse": 0.004608070528966266,
    "per_parameter_mae_train": {
        "s": 0.004350101265580766,
        "t0": 0.0005279045629448649,
        "x0": 0.002215051283908012
    },
    "per_parameter_mae_test": {
        "s": 0.006064804564965583,
        "t0": 0.0004245935169125334,
        "x0": 0.0019442934631254789
    },
    "per_parameter_rmse_train": {
        "s": 0.0053433228831001964,
        "t0": 0.0005906460276382488,
        "x0": 0.0026068068790471746
    },
    "per_parameter_rmse_test": {
        "s": 0.007574741041404507,
        "t0": 0.0005006739751379402,
        "x0": 0.0024648662694077526
    },
    "train_data_loss": 0.7926333546638489,
    "train_physics_loss": 0.0027974355034530163,
    "train_total_loss": 0.7926333546638489,
    "train_actual_physics_residual": 2.6961671784064833e-10,
    "test_data_loss": 0.8904388546943665,
    "test_physics_loss": 0.005621772725135088,
    "test_total_loss": 0.8904388546943665,
    "test_actual_physics_residual": 3.0572303022502467e-10,
    "training_time_seconds": 7.227819325999917,
    "evaluation_time_seconds": 0.05535823399986839,
    "parameter_names": [
        "s",
        "t0",
        "x0"
    ],
    "timestamp": "2026-05-26T04:40:38.759613"
}