{
    "train_mae": 0.0021947038023002775,
    "train_rmse": 0.003876543876209944,
    "test_mae": 0.002454132737801499,
    "test_rmse": 0.004335397253447497,
    "per_parameter_mae_train": {
        "s": 0.005714075585205658,
        "t0": 0.0005621097897546612,
        "x0": 0.0003079260319405143
    },
    "per_parameter_mae_test": {
        "s": 0.006604561120240711,
        "t0": 0.0004512253623060485,
        "x0": 0.00030661173085773906
    },
    "per_parameter_rmse_train": {
        "s": 0.006674204117322571,
        "t0": 0.0006267597563485426,
        "x0": 0.0003807215264190105
    },
    "per_parameter_rmse_test": {
        "s": 0.007480793028876517,
        "t0": 0.0005266918577517224,
        "x0": 0.0003838481232087085
    },
    "train_data_loss": 0.6637137532234192,
    "train_physics_loss": 0.0043645137920975685,
    "train_total_loss": 0.6637137532234192,
    "train_actual_physics_residual": 2.6961671784064833e-10,
    "test_data_loss": 0.6501805782318115,
    "test_physics_loss": 0.005483174230903387,
    "test_total_loss": 0.6501805782318115,
    "test_actual_physics_residual": 3.0572303022502467e-10,
    "training_time_seconds": 15.927916315999028,
    "evaluation_time_seconds": 0.05282410400104709,
    "parameter_names": [
        "s",
        "t0",
        "x0"
    ],
    "timestamp": "2026-05-24T02:51:50.499459"
}