{
  "observation_mode": "event_traces",
  "time_axis_size": 128,
  "records": [
    {
      "fraction": 0.25,
      "kept_steps": 32,
      "active_test_mae": 0.007342804979375215,
      "test_mae": 0.007342804979375214
    },
    {
      "fraction": 0.5,
      "kept_steps": 64,
      "active_test_mae": 0.004702045362822599,
      "test_mae": 0.004702045362822599
    },
    {
      "fraction": 0.75,
      "kept_steps": 96,
      "active_test_mae": 0.0032487486798834417,
      "test_mae": 0.0032487486798834417
    },
    {
      "fraction": 1.0,
      "kept_steps": 128,
      "active_test_mae": 0.002926941912452991,
      "test_mae": 0.0029269419124529905
    }
  ]
}