{
    "train_mae": 0.002132967933957982,
    "train_rmse": 0.0032141345819710894,
    "test_mae": 0.0029269419124529905,
    "test_rmse": 0.00429331477310562,
    "per_parameter_mae_train": {
        "s": 0.004128505627485205,
        "t0": 0.000317506055607066,
        "x0": 0.0019528921187816754
    },
    "per_parameter_mae_test": {
        "s": 0.006069186320784108,
        "t0": 0.0005198211007958875,
        "x0": 0.002191818315778977
    },
    "per_parameter_rmse_train": {
        "s": 0.0050577283706779545,
        "t0": 0.00038327409670837836,
        "x0": 0.002294442857928501
    },
    "per_parameter_rmse_test": {
        "s": 0.006956922099581714,
        "t0": 0.0006450118276988843,
        "x0": 0.0025461441171663836
    },
    "train_data_loss": 0.5354344844818115,
    "train_physics_loss": 0.0025063895154744387,
    "train_total_loss": 0.5354344844818115,
    "train_actual_physics_residual": 2.6961671784064833e-10,
    "test_data_loss": 0.9813846945762634,
    "test_physics_loss": 0.004742102697491646,
    "test_total_loss": 0.9813846945762634,
    "test_actual_physics_residual": 3.0572303022502467e-10,
    "training_time_seconds": 4.224512580999999,
    "evaluation_time_seconds": 0.07144579099986004,
    "parameter_names": [
        "s",
        "t0",
        "x0"
    ],
    "timestamp": "2026-05-26T04:16:56.304783"
}