{
    "train_mae": 0.0029123449114614335,
    "train_rmse": 0.004236547639885962,
    "test_mae": 0.003010319378921613,
    "test_rmse": 0.004455070610637166,
    "per_parameter_mae_train": {
        "s": 0.005782133009381347,
        "t0": 0.0005569759364196243,
        "x0": 0.0023979257885833292
    },
    "per_parameter_mae_test": {
        "s": 0.006601695512318817,
        "t0": 0.00043007849687892567,
        "x0": 0.001999184127567096
    },
    "per_parameter_rmse_train": {
        "s": 0.006756478450687289,
        "t0": 0.0006169728308823131,
        "x0": 0.0027954161025545566
    },
    "per_parameter_rmse_test": {
        "s": 0.007326454880022481,
        "t0": 0.0005017346486019771,
        "x0": 0.002369447967497085
    },
    "train_data_loss": 0.9881129264831543,
    "train_physics_loss": 0.004472781904041767,
    "train_total_loss": 0.9881129264831543,
    "train_actual_physics_residual": 2.6961671784064833e-10,
    "test_data_loss": 0.8445813059806824,
    "test_physics_loss": 0.005259259138256311,
    "test_total_loss": 0.8445813059806824,
    "test_actual_physics_residual": 3.0572303022502467e-10,
    "training_time_seconds": 16.20536936499957,
    "evaluation_time_seconds": 0.14786694299982628,
    "parameter_names": [
        "s",
        "t0",
        "x0"
    ],
    "timestamp": "2026-05-24T15:22:41.675102"
}