{
    "train_mae": 0.002895121524329309,
    "train_rmse": 0.004211590530563615,
    "test_mae": 0.0030138120191126527,
    "test_rmse": 0.004460344950033218,
    "per_parameter_mae_train": {
        "s": 0.005723049272716028,
        "t0": 0.0005663292812846259,
        "x0": 0.002395986018987274
    },
    "per_parameter_mae_test": {
        "s": 0.0065962669046715815,
        "t0": 0.00044120404484239374,
        "x0": 0.002003965107823983
    },
    "per_parameter_rmse_train": {
        "s": 0.006708548377797052,
        "t0": 0.000628957409794852,
        "x0": 0.0027950448352074817
    },
    "per_parameter_rmse_test": {
        "s": 0.007332848917726562,
        "t0": 0.0005174156236704886,
        "x0": 0.0023760553533195635
    },
    "train_data_loss": 0.9958813190460205,
    "train_physics_loss": 0.0044095478951931,
    "train_total_loss": 0.9958813190460205,
    "train_actual_physics_residual": 2.6961671784064833e-10,
    "test_data_loss": 0.8600749373435974,
    "test_physics_loss": 0.005268442910164595,
    "test_total_loss": 0.8600749373435974,
    "test_actual_physics_residual": 3.0572303022502467e-10,
    "training_time_seconds": 23.28604555400034,
    "evaluation_time_seconds": 0.3191186190006192,
    "parameter_names": [
        "s",
        "t0",
        "x0"
    ],
    "timestamp": "2026-05-24T14:45:21.907257"
}