{
  "train_polynomial_residual": {
    "mean": 0.004980608713845704,
    "median": 0.004241229643865688,
    "max": 0.013256281528667832,
    "mse": 3.6505598321411246e-05
  },
  "test_polynomial_residual": {
    "mean": 0.0032010027611983015,
    "median": 0.0022992020130761736,
    "max": 0.007521749766490162,
    "mse": 1.3999643320015287e-05
  },
  "train_forward_linear_error": {
    "mean": 0.005783348042124229,
    "median": 0.005012521271087158,
    "max": 0.013175194811435665,
    "mse": 4.850962048491156e-05
  },
  "test_forward_linear_error": {
    "mean": 0.0033106739437471612,
    "median": 0.0024815494466259636,
    "max": 0.007599371430192289,
    "mse": 1.477533796725137e-05
  },
  "train_forward_quadratic_error": {
    "mean": 0.0014382234945537848,
    "median": 0.0014464822866030586,
    "max": 0.0015745378361511678,
    "mse": 2.074706326149868e-06
  },
  "test_forward_quadratic_error": {
    "mean": 0.0013868967061120947,
    "median": 0.001393074786541921,
    "max": 0.0014740088740179548,
    "mse": 1.9271848406453955e-06
  },
  "train_observed_forward_residual": {
    "mean": 0.004976257623862112,
    "median": 0.004272700872026559,
    "max": 0.013939485294791191,
    "mse": 3.646888328647781e-05
  },
  "test_observed_forward_residual": {
    "mean": 0.003194415944897148,
    "median": 0.0022696432828139186,
    "max": 0.007265996683954644,
    "mse": 1.3709456636304727e-05
  },
  "train_clean_forward_residual": {
    "mean": 0.004586314937527418,
    "median": 0.003882048430923202,
    "max": 0.013781316570835284,
    "mse": 3.4116319215173544e-05
  },
  "test_clean_forward_residual": {
    "mean": 0.0027940087907574263,
    "median": 0.002030793342358901,
    "max": 0.007192992293878371,
    "mse": 1.232747003645995e-05
  },
  "train_observation_noise_floor": {
    "mean": 0.001413464240619478,
    "median": 0.0014339923449357684,
    "max": 0.001531237899332812,
    "mse": 2.0025988529166232e-06
  },
  "test_observation_noise_floor": {
    "mean": 0.0013765334995131104,
    "median": 0.0013693375603808817,
    "max": 0.001459799170993348,
    "mse": 1.8979072195759558e-06
  }
}
