{
  "observation_mode": "event_traces",
  "time_axis_size": 128,
  "records": [
    {
      "fraction": 0.25,
      "kept_steps": 32,
      "active_test_mae": 0.0029997355911750598,
      "test_mae": 0.0029997355911750598
    },
    {
      "fraction": 0.5,
      "kept_steps": 64,
      "active_test_mae": 0.0015364807761557157,
      "test_mae": 0.0015364807761557157
    },
    {
      "fraction": 0.75,
      "kept_steps": 96,
      "active_test_mae": 0.0015364807761557157,
      "test_mae": 0.0015364807761557157
    },
    {
      "fraction": 1.0,
      "kept_steps": 128,
      "active_test_mae": 0.0015364807761557157,
      "test_mae": 0.0015364807761557157
    }
  ]
}