{
    "train_mae": 0.002727091469742914,
    "train_rmse": 0.003974508049161879,
    "test_mae": 0.002890424541727656,
    "test_rmse": 0.004033090754466362,
    "per_parameter_mae_train": {
        "s": 0.005356218140969605,
        "t0": 0.0005146392328019482,
        "x0": 0.0023104170354571888
    },
    "per_parameter_mae_test": {
        "s": 0.005547753912053404,
        "t0": 0.0007404756929639844,
        "x0": 0.0023830440201655792
    },
    "per_parameter_rmse_train": {
        "s": 0.006289775446748874,
        "t0": 0.000592239653455648,
        "x0": 0.0027346150955678264
    },
    "per_parameter_rmse_test": {
        "s": 0.006387106814654203,
        "t0": 0.0007594972326264226,
        "x0": 0.0027249758885386157
    },
    "train_data_loss": 0.9970738887786865,
    "train_physics_loss": 0.003876208793371916,
    "train_total_loss": 0.9970738887786865,
    "train_actual_physics_residual": 2.6906588068698056e-10,
    "test_data_loss": 1.2198400497436523,
    "test_physics_loss": 0.003997108433395624,
    "test_total_loss": 1.2198400497436523,
    "test_actual_physics_residual": 2.949215871517197e-10,
    "training_time_seconds": 0.47088678800037087,
    "evaluation_time_seconds": 0.05790389799994955,
    "parameter_names": [
        "s",
        "t0",
        "x0"
    ],
    "timestamp": "2026-05-26T13:55:34.845951"
}