{
    "train_mae": 8.376729135622558e-06,
    "train_rmse": 2.9278157985497023e-05,
    "test_mae": 1.1425588658150094e-06,
    "test_rmse": 2.1519406671184448e-06,
    "per_parameter_mae_train": {
        "alpha": 2.8760885355172406e-06,
        "beta": 0.0,
        "gamma": 2.2254098871350435e-05
    },
    "per_parameter_mae_test": {
        "alpha": 3.5203494268871385e-07,
        "beta": 0.0,
        "gamma": 3.075641654756315e-06
    },
    "per_parameter_rmse_train": {
        "alpha": 6.379593089336776e-06,
        "beta": 0.0,
        "gamma": 5.030837303159043e-05
    },
    "per_parameter_rmse_test": {
        "alpha": 4.6387726199510057e-07,
        "beta": 0.0,
        "gamma": 3.6982920098605596e-06
    },
    "train_data_loss": 8.57210535023723e-10,
    "train_physics_loss": 5.388995615349577e-12,
    "train_total_loss": 8.625995306390726e-10,
    "train_actual_physics_residual": 5.388995615349577e-12,
    "test_data_loss": 4.630848634798176e-12,
    "test_physics_loss": 1.044066078360496e-12,
    "test_total_loss": 5.674914713158672e-12,
    "test_actual_physics_residual": 1.044066078360496e-12,
    "training_time_seconds": 4.7192168789997595,
    "evaluation_time_seconds": 6.352999662340153e-06,
    "parameter_names": [
        "alpha",
        "beta",
        "gamma"
    ],
    "timestamp": "2026-07-01T15:35:03.026612"
}