{
    "train_mae": 0.0027444009047456245,
    "train_rmse": 0.0039949121129692795,
    "test_mae": 0.0029033041120528715,
    "test_rmse": 0.0040554544601838155,
    "per_parameter_mae_train": {
        "s": 0.00539773857506148,
        "t0": 0.0005062729179244016,
        "x0": 0.002329191221250992
    },
    "per_parameter_mae_test": {
        "s": 0.005522123914799986,
        "t0": 0.0007457862375648378,
        "x0": 0.002442002183793791
    },
    "per_parameter_rmse_train": {
        "s": 0.0063262761545899845,
        "t0": 0.0006001648231300135,
        "x0": 0.0027378824978419934
    },
    "per_parameter_rmse_test": {
        "s": 0.006397248473729139,
        "t0": 0.0007696148926895785,
        "x0": 0.002796969345236913
    },
    "train_data_loss": 1.0106961727142334,
    "train_physics_loss": 0.00392132718116045,
    "train_total_loss": 1.0106961727142334,
    "train_actual_physics_residual": 2.6906588068698056e-10,
    "test_data_loss": 1.2533576488494873,
    "test_physics_loss": 0.004009812138974667,
    "test_total_loss": 1.2533576488494873,
    "test_actual_physics_residual": 2.949215871517197e-10,
    "training_time_seconds": 0.4423275659999035,
    "evaluation_time_seconds": 0.042811450999806766,
    "parameter_names": [
        "s",
        "t0",
        "x0"
    ],
    "timestamp": "2026-05-26T13:28:03.020841"
}