{
    "train_mae": 5.238621274352854e-05,
    "train_rmse": 9.756193746478917e-05,
    "test_mae": 8.380759661807957e-05,
    "test_rmse": 0.00014394740340292425,
    "per_parameter_mae_train": {
        "alpha": 2.1422331822691377e-05,
        "beta": 0.0,
        "gamma": 0.00013573630640789425
    },
    "per_parameter_mae_test": {
        "alpha": 2.010295699972353e-05,
        "beta": 0.0,
        "gamma": 0.00023131983285451518
    },
    "per_parameter_rmse_train": {
        "alpha": 2.6001783064525143e-05,
        "beta": 0.0,
        "gamma": 0.0001669697643380851
    },
    "per_parameter_rmse_test": {
        "alpha": 2.534088245822936e-05,
        "beta": 0.0,
        "gamma": 0.00024803307141502487
    },
    "train_data_loss": 9.518331641883433e-09,
    "train_physics_loss": 9.895510075953553e-09,
    "train_total_loss": 1.9413841717836987e-08,
    "train_actual_physics_residual": 9.895510075953553e-09,
    "test_data_loss": 2.0720854946444205e-08,
    "test_physics_loss": 1.0087330678769122e-08,
    "test_total_loss": 3.0808185625213325e-08,
    "test_actual_physics_residual": 1.0087330678769122e-08,
    "training_time_seconds": 1.6813274610003646,
    "evaluation_time_seconds": 5.78399976802757e-06,
    "parameter_names": [
        "alpha",
        "beta",
        "gamma"
    ],
    "timestamp": "2026-07-01T15:37:10.945447"
}