{
    "train_mae": 0.0027463245968259754,
    "train_rmse": 0.0039499837539006015,
    "test_mae": 0.0026357752524050334,
    "test_rmse": 0.004303491692272792,
    "per_parameter_mae_train": {
        "s": 0.005174889651687993,
        "t0": 0.0004294061026714885,
        "x0": 0.002634678036118445
    },
    "per_parameter_mae_test": {
        "s": 0.005828470183331451,
        "t0": 0.0005411690902258071,
        "x0": 0.0015376864836578424
    },
    "per_parameter_rmse_train": {
        "s": 0.006126751357151578,
        "t0": 0.0005210247646616206,
        "x0": 0.0029997609855597924
    },
    "per_parameter_rmse_test": {
        "s": 0.007198414236519031,
        "t0": 0.000563489089851082,
        "x0": 0.001850793008815876
    },
    "train_data_loss": 0.9932856559753418,
    "train_physics_loss": 0.003677875269204378,
    "train_total_loss": 0.9932856559753418,
    "train_actual_physics_residual": 2.364869966520189e-10,
    "test_data_loss": 0.9721769094467163,
    "test_physics_loss": 0.00507703609764576,
    "test_total_loss": 0.9721769094467163,
    "test_actual_physics_residual": 3.2109151448800333e-10,
    "training_time_seconds": 0.5879820019999897,
    "evaluation_time_seconds": 0.06929013900025893,
    "parameter_names": [
        "s",
        "t0",
        "x0"
    ],
    "timestamp": "2026-05-26T19:20:52.720632"
}