{
  "train_observed_forward_residual": {
    "mean": 0.00014075882535823978,
    "median": 0.00014269329746524902,
    "max": 0.00015272069967113672,
    "mse": 1.9861164332605424e-08
  },
  "test_observed_forward_residual": {
    "mean": 0.00013702470092326533,
    "median": 0.00013623418334821104,
    "max": 0.00014564804254093872,
    "mse": 1.880747109784942e-08
  },
  "train_clean_forward_residual": {
    "mean": 1.1755354007748458e-05,
    "median": 1.2531729151731995e-05,
    "max": 2.1192934316273742e-05,
    "mse": 1.6475601320149786e-10
  },
  "test_clean_forward_residual": {
    "mean": 1.2578466235000984e-05,
    "median": 1.170803426956004e-05,
    "max": 2.0685409994686163e-05,
    "mse": 1.7161893819119385e-10
  },
  "train_observation_noise_floor": {
    "mean": 0.00014134642406194586,
    "median": 0.00014339923449353773,
    "max": 0.0001531237899332567,
    "mse": 2.0025988529165586e-08
  },
  "test_observation_noise_floor": {
    "mean": 0.00013765334995130823,
    "median": 0.00013693375603809714,
    "max": 0.00014597991709933597,
    "mse": 1.897907219575881e-08
  }
}
