{
  "observation_mode": "event_traces",
  "time_axis_size": 128,
  "records": [
    {
      "fraction": 0.25,
      "kept_steps": 32,
      "active_test_mae": 0.0030118960350069453,
      "test_mae": 0.003011896035006945
    },
    {
      "fraction": 0.5,
      "kept_steps": 64,
      "active_test_mae": 0.0030141925331955513,
      "test_mae": 0.003014192533195551
    },
    {
      "fraction": 0.75,
      "kept_steps": 96,
      "active_test_mae": 0.0030138178071996316,
      "test_mae": 0.003013817807199631
    },
    {
      "fraction": 1.0,
      "kept_steps": 128,
      "active_test_mae": 0.0030138178071996316,
      "test_mae": 0.003013817807199631
    }
  ]
}