{
    "train_mae": 0.0018142899243095817,
    "train_rmse": 0.003003698651553106,
    "test_mae": 0.0018675806983069283,
    "test_rmse": 0.0028542103922311836,
    "per_parameter_mae_train": {
        "s": 0.0041328215389497954,
        "t0": 0.0004550350031817489,
        "x0": 0.0008550132307972009
    },
    "per_parameter_mae_test": {
        "s": 0.0036788659620052675,
        "t0": 0.0007276520975135097,
        "x0": 0.0011962240354020082
    },
    "per_parameter_rmse_train": {
        "s": 0.005063919045421784,
        "t0": 0.0005521190514697232,
        "x0": 0.001057594072621695
    },
    "per_parameter_rmse_test": {
        "s": 0.004682745305511413,
        "t0": 0.0007619353503979651,
        "x0": 0.001389568931318704
    },
    "train_data_loss": 0.5535938739776611,
    "train_physics_loss": 0.0025125225074589252,
    "train_total_loss": 0.5535938739776611,
    "train_actual_physics_residual": 2.6906588068698056e-10,
    "test_data_loss": 0.8207767009735107,
    "test_physics_loss": 0.0021485164761543274,
    "test_total_loss": 0.8207767009735107,
    "test_actual_physics_residual": 2.949215871517197e-10,
    "training_time_seconds": 1.2308652559950133,
    "evaluation_time_seconds": 0.04286682500242023,
    "parameter_names": [
        "s",
        "t0",
        "x0"
    ],
    "timestamp": "2026-05-24T11:28:41.399989"
}