{
  "train_observed_forward_residual": {
    "mean": 0.00014368367076574498,
    "median": 0.0001435787465389862,
    "max": 0.00016428098631757998,
    "mse": 2.0726488241822374e-08
  },
  "test_observed_forward_residual": {
    "mean": 0.0001370249743893583,
    "median": 0.0001362344982982324,
    "max": 0.00014564842330238206,
    "mse": 1.8807544733280213e-08
  },
  "train_clean_forward_residual": {
    "mean": 2.287892723175161e-05,
    "median": 1.390539533353592e-05,
    "max": 8.587966610997913e-05,
    "mse": 1.0786438346147463e-09
  },
  "test_clean_forward_residual": {
    "mean": 1.253870569718743e-05,
    "median": 1.1587182219438592e-05,
    "max": 2.0742189173949223e-05,
    "mse": 1.704940866360229e-10
  },
  "train_observation_noise_floor": {
    "mean": 0.00014134642406194586,
    "median": 0.00014339923449353773,
    "max": 0.0001531237899332567,
    "mse": 2.0025988529165586e-08
  },
  "test_observation_noise_floor": {
    "mean": 0.00013765334995130823,
    "median": 0.00013693375603809714,
    "max": 0.00014597991709933597,
    "mse": 1.897907219575881e-08
  }
}
