{
    "train_mae": 0.0016043771228449026,
    "train_rmse": 0.0025460989499029993,
    "test_mae": 0.0026463625327362967,
    "test_rmse": 0.005194976581389117,
    "per_parameter_mae_train": {
        "s": 0.0030444161669208047,
        "t0": 0.00027280278887116305,
        "x0": 0.0014959124127427402
    },
    "per_parameter_mae_test": {
        "s": 0.005851231326097328,
        "t0": 0.00030106185253642864,
        "x0": 0.0017867944195751329
    },
    "per_parameter_rmse_train": {
        "s": 0.003960987089057211,
        "t0": 0.0003814152111908315,
        "x0": 0.0019007796571632906
    },
    "per_parameter_rmse_test": {
        "s": 0.008740672024687576,
        "t0": 0.00033766697818843214,
        "x0": 0.002109497241578941
    },
    "train_data_loss": 0.398092657327652,
    "train_physics_loss": 0.0015372652560472488,
    "train_total_loss": 0.398092657327652,
    "train_actual_physics_residual": 2.0537377354301611e-10,
    "test_data_loss": 0.9254245758056641,
    "test_physics_loss": 0.007485556416213512,
    "test_total_loss": 0.9254245758056641,
    "test_actual_physics_residual": 2.212605099138898e-10,
    "training_time_seconds": 4.268579775000035,
    "evaluation_time_seconds": 0.09448569100095483,
    "parameter_names": [
        "s",
        "t0",
        "x0"
    ],
    "timestamp": "2026-05-26T06:41:00.761675"
}