{
    "train_mae": 0.0012996474005196315,
    "train_rmse": 0.002025782903797699,
    "test_mae": 0.0014068247317681772,
    "test_rmse": 0.0021474466846948303,
    "per_parameter_mae_train": {
        "s": 0.002512908012685352,
        "t0": 0.00038493636026140876,
        "x0": 0.0010010978286121343
    },
    "per_parameter_mae_test": {
        "s": 0.0031549935187890066,
        "t0": 0.0004459910708022388,
        "x0": 0.0006194896057132859
    },
    "per_parameter_rmse_train": {
        "s": 0.003285402495685527,
        "t0": 0.00045170262638195266,
        "x0": 0.0011460734263650247
    },
    "per_parameter_rmse_test": {
        "s": 0.0035976081132081924,
        "t0": 0.0004609025429258859,
        "x0": 0.0008242369201409838
    },
    "train_data_loss": 0.3362117111682892,
    "train_physics_loss": 0.0010575894266366959,
    "train_total_loss": 0.3362117111682892,
    "train_actual_physics_residual": 2.0537377354301611e-10,
    "test_data_loss": 0.34216785430908203,
    "test_physics_loss": 0.0012681155931204557,
    "test_total_loss": 0.34216785430908203,
    "test_actual_physics_residual": 2.212605099138898e-10,
    "training_time_seconds": 2.229451438997785,
    "evaluation_time_seconds": 0.05702005599960103,
    "parameter_names": [
        "s",
        "t0",
        "x0"
    ],
    "timestamp": "2026-05-26T10:45:29.450333"
}