{
    "train_mae": 0.0016345671948412525,
    "train_rmse": 0.0027612981590874838,
    "test_mae": 0.0019273775058045956,
    "test_rmse": 0.003296837481418741,
    "per_parameter_mae_train": {
        "s": 0.0036505015397871377,
        "t0": 0.0005040906677528235,
        "x0": 0.0007491093769837955
    },
    "per_parameter_mae_test": {
        "s": 0.004472201141403522,
        "t0": 0.0003970405546286301,
        "x0": 0.0009128908213816353
    },
    "per_parameter_rmse_train": {
        "s": 0.0046496129775205905,
        "t0": 0.0005839635243502011,
        "x0": 0.0009562365458611099
    },
    "per_parameter_rmse_test": {
        "s": 0.005582197745844798,
        "t0": 0.0004695883215709303,
        "x0": 0.001107234063417422
    },
    "train_data_loss": 0.4848061501979828,
    "train_physics_loss": 0.0021182147320359945,
    "train_total_loss": 0.4848061501979828,
    "train_actual_physics_residual": 2.6961671784064833e-10,
    "test_data_loss": 0.4664190411567688,
    "test_physics_loss": 0.0030531431548297405,
    "test_total_loss": 0.4664190411567688,
    "test_actual_physics_residual": 3.0572303022502467e-10,
    "training_time_seconds": 33.69533481600229,
    "evaluation_time_seconds": 0.10207910400276887,
    "parameter_names": [
        "s",
        "t0",
        "x0"
    ],
    "timestamp": "2026-05-24T05:48:59.472310"
}