{
    "train_mae": 0.0026352838671616116,
    "train_rmse": 0.003706475871472328,
    "test_mae": 0.002606095171626808,
    "test_rmse": 0.004121754466666776,
    "per_parameter_mae_train": {
        "s": 0.004882618433933219,
        "t0": 0.0004137323197692938,
        "x0": 0.0026095008477823225
    },
    "per_parameter_mae_test": {
        "s": 0.005623123667130977,
        "t0": 0.00052734932758717,
        "x0": 0.001667812520162277
    },
    "per_parameter_rmse_train": {
        "s": 0.005647130936935787,
        "t0": 0.000502424514738567,
        "x0": 0.0030118718341775636
    },
    "per_parameter_rmse_test": {
        "s": 0.006846212015350983,
        "t0": 0.000559156751112782,
        "x0": 0.0019450718287537295
    },
    "train_data_loss": 0.922660768032074,
    "train_physics_loss": 0.0031245846766978502,
    "train_total_loss": 0.922660768032074,
    "train_actual_physics_residual": 2.364869966520189e-10,
    "test_data_loss": 0.935488224029541,
    "test_physics_loss": 0.0045923711732029915,
    "test_total_loss": 0.935488224029541,
    "test_actual_physics_residual": 3.2109151448800333e-10,
    "training_time_seconds": 0.9475680460000149,
    "evaluation_time_seconds": 0.03314493199968638,
    "parameter_names": [
        "s",
        "t0",
        "x0"
    ],
    "timestamp": "2026-05-26T14:03:25.636801"
}