{
  "train": {
    "event_abs_mean": 0.015625,
    "event_active_fraction_gt_1e_6": 0.015625,
    "spike_mean": 0.07065267115831375,
    "spike_active_fraction_gt_0p5": 0.006421875208616257,
    "spike_count_per_sample_mean": 16.440000534057617,
    "first_spike_flat_index_mean": 13.0,
    "mem_abs_mean": 1.292382001876831
  },
  "test": {
    "event_abs_mean": 0.015625,
    "event_active_fraction_gt_1e_6": 0.015625,
    "spike_mean": 0.0706445649266243,
    "spike_active_fraction_gt_0p5": 0.005970982369035482,
    "spike_count_per_sample_mean": 15.285715103149414,
    "first_spike_flat_index_mean": 13.000000953674316,
    "mem_abs_mean": 1.2925273180007935
  }
}