{
  "train_observed_forward_residual": {
    "mean": 0.00014362473474522602,
    "median": 0.00014348997269645437,
    "max": 0.00015965843157984708,
    "mse": 2.0688526496837487e-08
  },
  "test_observed_forward_residual": {
    "mean": 0.00014430011713444457,
    "median": 0.0001431370238906599,
    "max": 0.00016046806093496376,
    "mse": 2.0883104667572397e-08
  },
  "train_clean_forward_residual": {
    "mean": 2.2967474014958712e-05,
    "median": 1.314030856677734e-05,
    "max": 0.00010550206233360503,
    "mse": 1.1386219856160603e-09
  },
  "test_clean_forward_residual": {
    "mean": 2.0139833786179786e-05,
    "median": 1.9774703672828296e-05,
    "max": 3.901692468837817e-05,
    "mse": 5.083393024140214e-10
  },
  "train_observation_noise_floor": {
    "mean": 0.0001415212896894414,
    "median": 0.00014106759711398395,
    "max": 0.00015459872119666742,
    "mse": 2.0063566377948656e-08
  },
  "test_observation_noise_floor": {
    "mean": 0.0001460135792988296,
    "median": 0.00014542143921412385,
    "max": 0.00016499438430060733,
    "mse": 2.139673423863917e-08
  }
}
