{
  "observation_mode": "event_traces",
  "time_axis_size": 128,
  "records": [
    {
      "fraction": 0.25,
      "kept_steps": 32,
      "active_test_mae": 0.0026715738170727875,
      "test_mae": 0.0026715738170727875
    },
    {
      "fraction": 0.5,
      "kept_steps": 64,
      "active_test_mae": 0.0026475563383342752,
      "test_mae": 0.0026475563383342752
    },
    {
      "fraction": 0.75,
      "kept_steps": 96,
      "active_test_mae": 0.002643456745058206,
      "test_mae": 0.002643456745058206
    },
    {
      "fraction": 1.0,
      "kept_steps": 128,
      "active_test_mae": 0.002643456745058206,
      "test_mae": 0.002643456745058206
    }
  ]
}