{
  "observation_mode": "event_traces",
  "time_axis_size": 128,
  "records": [
    {
      "fraction": 0.25,
      "kept_steps": 32,
      "active_test_mae": 0.0012182695439244009,
      "test_mae": 0.0008121796959496006
    },
    {
      "fraction": 0.5,
      "kept_steps": 64,
      "active_test_mae": 0.0012213277206986459,
      "test_mae": 0.000814218480465764
    },
    {
      "fraction": 0.75,
      "kept_steps": 96,
      "active_test_mae": 0.0012213277206986459,
      "test_mae": 0.000814218480465764
    },
    {
      "fraction": 1.0,
      "kept_steps": 128,
      "active_test_mae": 0.0012213277206986459,
      "test_mae": 0.000814218480465764
    }
  ]
}