{
  "observation_mode": "event_traces",
  "time_axis_size": 128,
  "records": [
    {
      "fraction": 0.25,
      "kept_steps": 32,
      "active_test_mae": 0.006595652518333128,
      "test_mae": 0.002198551336149747
    },
    {
      "fraction": 0.5,
      "kept_steps": 64,
      "active_test_mae": 0.006595038131994673,
      "test_mae": 0.002198346540703596
    },
    {
      "fraction": 0.75,
      "kept_steps": 96,
      "active_test_mae": 0.006595038131994673,
      "test_mae": 0.002198346540703596
    },
    {
      "fraction": 1.0,
      "kept_steps": 128,
      "active_test_mae": 0.006595038131994673,
      "test_mae": 0.002198346540703596
    }
  ]
}