{
  "train_observed_forward_residual": {
    "mean": 0.0001434863812173559,
    "median": 0.00014191830376870614,
    "max": 0.00017895197055100946,
    "mse": 2.0701170990014672e-08
  },
  "test_observed_forward_residual": {
    "mean": 0.00014175775086996216,
    "median": 0.00014397239168672987,
    "max": 0.00015430257864305436,
    "mse": 2.0178882420864705e-08
  },
  "train_clean_forward_residual": {
    "mean": 2.2079155469491413e-05,
    "median": 1.2940170040546491e-05,
    "max": 9.800942736179347e-05,
    "mse": 1.020339329361353e-09
  },
  "test_clean_forward_residual": {
    "mean": 1.4726303023142282e-05,
    "median": 1.6775772270166305e-05,
    "max": 1.8785167052758515e-05,
    "mse": 2.2740468563359088e-10
  },
  "train_observation_noise_floor": {
    "mean": 0.00014108564902474833,
    "median": 0.00014169152917321902,
    "max": 0.00015721282214449435,
    "mse": 1.9954105670164674e-08
  },
  "test_observation_noise_floor": {
    "mean": 0.0001426298606804612,
    "median": 0.00014494687025660838,
    "max": 0.00015470605833434176,
    "mse": 2.0428450106933457e-08
  }
}
