{
    "train_mae": 0.002711303306497311,
    "train_rmse": 0.003987132622634601,
    "test_mae": 0.0028671604834231,
    "test_rmse": 0.004675847522426442,
    "per_parameter_mae_train": {
        "s": 0.00499653277858104,
        "t0": 0.00043227264071163786,
        "x0": 0.0027051045001992556
    },
    "per_parameter_mae_test": {
        "s": 0.0066146895077158685,
        "t0": 0.0005359664562318409,
        "x0": 0.001450825486321591
    },
    "per_parameter_rmse_train": {
        "s": 0.006156759877270746,
        "t0": 0.0005303741226473641,
        "x0": 0.0030829678485327023
    },
    "per_parameter_rmse_test": {
        "s": 0.007883830297810316,
        "t0": 0.0005700607827759836,
        "x0": 0.0017637745599178513
    },
    "train_data_loss": 1.0270676612854004,
    "train_physics_loss": 0.0037139945197850466,
    "train_total_loss": 1.0270676612854004,
    "train_actual_physics_residual": 2.364869966520189e-10,
    "test_data_loss": 1.0613977909088135,
    "test_physics_loss": 0.006089913193136454,
    "test_total_loss": 1.0613977909088135,
    "test_actual_physics_residual": 3.2109151448800333e-10,
    "training_time_seconds": 0.6013233379999292,
    "evaluation_time_seconds": 0.08338493799965363,
    "parameter_names": [
        "s",
        "t0",
        "x0"
    ],
    "timestamp": "2026-05-26T16:08:38.138510"
}