{
  "observation_mode": "event_traces",
  "time_axis_size": 128,
  "records": [
    {
      "fraction": 0.25,
      "kept_steps": 32,
      "active_test_mae": 0.002340470827913004,
      "test_mae": 0.002340470827913004
    },
    {
      "fraction": 0.5,
      "kept_steps": 64,
      "active_test_mae": 0.002517492450066589,
      "test_mae": 0.002517492450066589
    },
    {
      "fraction": 0.75,
      "kept_steps": 96,
      "active_test_mae": 0.0025206639138740127,
      "test_mae": 0.0025206639138740127
    },
    {
      "fraction": 1.0,
      "kept_steps": 128,
      "active_test_mae": 0.0025206639138740127,
      "test_mae": 0.0025206639138740127
    }
  ]
}