{
    "train_mae": 0.0003827380681929769,
    "train_rmse": 0.0005912458661183452,
    "test_mae": 0.0005799610963606991,
    "test_rmse": 0.0009848544245019642,
    "per_parameter_mae_train": {
        "s": 0.0007796785124445959,
        "t0": 0.00014906975550272564,
        "x0": 0.00021946593663160925
    },
    "per_parameter_mae_test": {
        "s": 0.0011178017045300364,
        "t0": 0.00033650165353395694,
        "x0": 0.00028557993101810397
    },
    "per_parameter_rmse_train": {
        "s": 0.0009590711546177595,
        "t0": 0.00021196079689204277,
        "x0": 0.00028977605761543635
    },
    "per_parameter_rmse_test": {
        "s": 0.0016200370740463814,
        "t0": 0.0003889674917648236,
        "x0": 0.00036605857652663557
    },
    "train_data_loss": 0.04818661883473396,
    "train_physics_loss": 9.012494410853833e-05,
    "train_total_loss": 0.04818661883473396,
    "train_actual_physics_residual": 2.6961671784064833e-10,
    "test_data_loss": 0.15247051417827606,
    "test_physics_loss": 0.00025715003721415997,
    "test_total_loss": 0.15247051417827606,
    "test_actual_physics_residual": 3.0572303022502467e-10,
    "training_time_seconds": 13.46769314300036,
    "evaluation_time_seconds": 0.1874216450014501,
    "parameter_names": [
        "s",
        "t0",
        "x0"
    ],
    "timestamp": "2026-05-24T02:44:16.663490"
}