{
    "train_mae": 0.002563073513344065,
    "train_rmse": 0.0037007155091679034,
    "test_mae": 0.0026826522110671306,
    "test_rmse": 0.003919072992898699,
    "per_parameter_mae_train": {
        "s": 0.005148726154492523,
        "t0": 0.0005059325329853868,
        "x0": 0.0020345618525542853
    },
    "per_parameter_mae_test": {
        "s": 0.00530457613131516,
        "t0": 0.000760659315801051,
        "x0": 0.001982721186085181
    },
    "per_parameter_rmse_train": {
        "s": 0.005855169936034405,
        "t0": 0.000570113946208761,
        "x0": 0.0025451602990547956
    },
    "per_parameter_rmse_test": {
        "s": 0.006332218554040553,
        "t0": 0.0007871682779650621,
        "x0": 0.002315334459000253
    },
    "train_data_loss": 0.8839598894119263,
    "train_physics_loss": 0.0033590449020266533,
    "train_total_loss": 0.8839598894119263,
    "train_actual_physics_residual": 2.6906588068698056e-10,
    "test_data_loss": 1.162583351135254,
    "test_physics_loss": 0.003928703255951405,
    "test_total_loss": 1.162583351135254,
    "test_actual_physics_residual": 2.949215871517197e-10,
    "training_time_seconds": 3.9531142499999987,
    "evaluation_time_seconds": 0.058923446999870066,
    "parameter_names": [
        "s",
        "t0",
        "x0"
    ],
    "timestamp": "2026-05-26T14:01:21.876397"
}