{
  "observation_mode": "event_traces",
  "time_axis_size": 128,
  "records": [
    {
      "fraction": 0.25,
      "kept_steps": 32,
      "active_test_mae": 0.006599375516145252,
      "test_mae": 0.002199792335420455
    },
    {
      "fraction": 0.5,
      "kept_steps": 64,
      "active_test_mae": 0.00659524445576505,
      "test_mae": 0.0021984153152937213
    },
    {
      "fraction": 0.75,
      "kept_steps": 96,
      "active_test_mae": 0.00659524445576505,
      "test_mae": 0.0021984153152937213
    },
    {
      "fraction": 1.0,
      "kept_steps": 128,
      "active_test_mae": 0.00659524445576505,
      "test_mae": 0.0021984153152937213
    }
  ]
}