{
  "observation_mode": "event_traces",
  "time_axis_size": 128,
  "records": [
    {
      "fraction": 0.25,
      "kept_steps": 32,
      "active_test_mae": 0.0012925118369112045,
      "test_mae": 0.000861674557940803
    },
    {
      "fraction": 0.5,
      "kept_steps": 64,
      "active_test_mae": 0.001273275445301435,
      "test_mae": 0.0008488502968676232
    },
    {
      "fraction": 0.75,
      "kept_steps": 96,
      "active_test_mae": 0.0012753449873426266,
      "test_mae": 0.0008502299915617511
    },
    {
      "fraction": 1.0,
      "kept_steps": 128,
      "active_test_mae": 0.0012753449873426266,
      "test_mae": 0.0008502299915617511
    }
  ]
}