{
    "train_mae": 0.01849483273867894,
    "train_rmse": 0.027020258404110178,
    "test_mae": 0.01783521361050746,
    "test_rmse": 0.02560090822149377,
    "per_parameter_mae_train": {
        "beta": 0.007557061172526017,
        "rho": 0.03504827578889054,
        "sigma": 0.012879161254620256
    },
    "per_parameter_mae_test": {
        "beta": 0.008010927900511491,
        "rho": 0.03036744354316797,
        "sigma": 0.015127269387842915
    },
    "per_parameter_rmse_train": {
        "beta": 0.01043261450773768,
        "rho": 0.042389086172899826,
        "sigma": 0.016870359232514124
    },
    "per_parameter_rmse_test": {
        "beta": 0.012137112299972936,
        "rho": 0.03793849423555454,
        "sigma": 0.019482830016521794
    },
    "train_data_loss": 0.0025393811520189047,
    "train_physics_loss": 0.0015466075856238604,
    "train_total_loss": 0.004085988737642765,
    "train_actual_physics_residual": 0.0010048438562080264,
    "test_data_loss": 0.0024578836746513844,
    "test_physics_loss": 0.0018696847837418318,
    "test_total_loss": 0.0043275682255625725,
    "test_actual_physics_residual": 0.0010150832822546363,
    "training_time_seconds": 23.25888381699997,
    "evaluation_time_seconds": 0.2517640820001361,
    "parameter_names": [
        "beta",
        "rho",
        "sigma"
    ],
    "timestamp": "2026-05-11T20:46:39.334758"
}