index,singular_value
0,4.5375881758233669
1,0.51856968991885344
