{
  "train": {
    "event_abs_mean": 0.014935662038624287,
    "event_active_fraction_gt_1e_6": 0.014935662038624287,
    "spike_mean": 0.06555840373039246,
    "spike_active_fraction_gt_0p5": 0.0033011643681675196,
    "spike_count_per_sample_mean": 8.450981140136719,
    "first_spike_flat_index_mean": 530.2352905273438,
    "mem_abs_mean": 1.6603813171386719
  },
  "test": {
    "event_abs_mean": 0.013521634973585606,
    "event_active_fraction_gt_1e_6": 0.013521634973585606,
    "spike_mean": 0.06555254757404327,
    "spike_active_fraction_gt_0p5": 0.0033954326063394547,
    "spike_count_per_sample_mean": 8.69230842590332,
    "first_spike_flat_index_mean": 463.69232177734375,
    "mem_abs_mean": 1.660398244857788
  }
}