{
    "train_mae": 0.0008308287028773407,
    "train_rmse": 0.001352090235570256,
    "test_mae": 0.0011911343176971277,
    "test_rmse": 0.0016458347364020195,
    "per_parameter_mae_train": {
        "s": 0.0017805614117365476,
        "t0": 0.00028543329507983386,
        "x0": 0.0004264914018156407
    },
    "per_parameter_mae_test": {
        "s": 0.002111825713493617,
        "t0": 0.0006204049505054353,
        "x0": 0.0008411722890923305
    },
    "per_parameter_rmse_train": {
        "s": 0.0022443909357298133,
        "t0": 0.0003495887460149564,
        "x0": 0.000570036009079106
    },
    "per_parameter_rmse_test": {
        "s": 0.0025936590340289896,
        "t0": 0.0006952254046057787,
        "x0": 0.0009570320739834458
    },
    "train_data_loss": 0.20569956302642822,
    "train_physics_loss": 0.0004935507313348353,
    "train_total_loss": 0.20569956302642822,
    "train_actual_physics_residual": 2.364869966520189e-10,
    "test_data_loss": 0.6830500960350037,
    "test_physics_loss": 0.0006591171841137111,
    "test_total_loss": 0.6830500960350037,
    "test_actual_physics_residual": 3.2109151448800333e-10,
    "training_time_seconds": 2.4150365280002006,
    "evaluation_time_seconds": 0.0868927449992043,
    "parameter_names": [
        "s",
        "t0",
        "x0"
    ],
    "timestamp": "2026-05-26T10:08:12.266947"
}