{
  "train": {
    "event_abs_mean": 0.01497395895421505,
    "event_active_fraction_gt_1e_6": 0.01497395895421505,
    "spike_mean": 0.04425714910030365,
    "spike_active_fraction_gt_0p5": 0.0042317709885537624,
    "spike_count_per_sample_mean": 10.833333969116211,
    "first_spike_flat_index_mean": 53.833335876464844,
    "mem_abs_mean": 0.9039232134819031
  },
  "test": {
    "event_abs_mean": 0.0146484375,
    "event_active_fraction_gt_1e_6": 0.0146484375,
    "spike_mean": 0.04421897605061531,
    "spike_active_fraction_gt_0p5": 0.0037109374534338713,
    "spike_count_per_sample_mean": 9.5,
    "first_spike_flat_index_mean": 25.75,
    "mem_abs_mean": 0.9038553237915039
  }
}