{
  "train_observed_forward_residual": {
    "mean": 5.474417204129598e-09,
    "median": 2.1749673536470083e-09,
    "max": 4.065925274451442e-08,
    "mse": 1.0994356980716622e-16
  },
  "test_observed_forward_residual": {
    "mean": 7.032358093019709e-09,
    "median": 2.755052454792089e-09,
    "max": 3.747130356088437e-08,
    "mse": 2.0563671051685015e-16
  },
  "train_clean_forward_residual": {
    "mean": 5.474417204129598e-09,
    "median": 2.1749673536470083e-09,
    "max": 4.065925274451442e-08,
    "mse": 1.0994356980716622e-16
  },
  "test_clean_forward_residual": {
    "mean": 7.032358093019709e-09,
    "median": 2.755052454792089e-09,
    "max": 3.747130356088437e-08,
    "mse": 2.0563671051685015e-16
  },
  "train_observation_noise_floor": {
    "mean": 0.0,
    "median": 0.0,
    "max": 0.0,
    "mse": 0.0
  },
  "test_observation_noise_floor": {
    "mean": 0.0,
    "median": 0.0,
    "max": 0.0,
    "mse": 0.0
  }
}
