{
    "train_mae": 2.6170653505256903e-05,
    "train_rmse": 6.971186200877687e-05,
    "test_mae": 4.016460440517806e-05,
    "test_rmse": 0.00013116935115863816,
    "per_parameter_mae_train": {
        "a": 2.1389376608403295e-05,
        "beta": 0.0,
        "d": 0.00012383598677205267,
        "epsilon": 4.749745128457272e-11,
        "gamma": 1.1798510153634161e-05,
        "k": 0.0
    },
    "per_parameter_mae_test": {
        "a": 2.5149232991503714e-05,
        "beta": 0.0,
        "d": 0.000203058466166338,
        "epsilon": 4.749745128457272e-11,
        "gamma": 1.2779879775775357e-05,
        "k": 0.0
    },
    "per_parameter_rmse_train": {
        "a": 2.8102947126116182e-05,
        "beta": 0.0,
        "d": 0.00016776100332370405,
        "epsilon": 4.7497451284572716e-11,
        "gamma": 1.4997744998269407e-05,
        "k": 0.0
    },
    "per_parameter_rmse_test": {
        "a": 3.400950313704279e-05,
        "beta": 0.0,
        "d": 0.0003190992239999741,
        "epsilon": 4.7497451284572716e-11,
        "gamma": 1.5856577160671895e-05,
        "k": 0.0
    },
    "train_data_loss": 0.00045962046715430915,
    "train_physics_loss": 2.76755349659652e-06,
    "train_total_loss": 0.00045962046715430915,
    "train_actual_physics_residual": 2.7674559532897547e-06,
    "test_data_loss": 0.0012317809741944075,
    "test_physics_loss": 2.3955815322551643e-06,
    "test_total_loss": 0.0012317809741944075,
    "test_actual_physics_residual": 2.3955262804520316e-06,
    "training_time_seconds": 260.25135497199517,
    "evaluation_time_seconds": 1.2446266240003752,
    "parameter_names": [
        "a",
        "beta",
        "d",
        "epsilon",
        "gamma",
        "k"
    ],
    "timestamp": "2026-05-11T03:27:44.869203"
}