{
  "observation_mode": "event_traces",
  "time_axis_size": 128,
  "records": [
    {
      "fraction": 0.25,
      "kept_steps": 32,
      "active_test_mae": 0.00301088257054924,
      "test_mae": 0.00301088257054924
    },
    {
      "fraction": 0.5,
      "kept_steps": 64,
      "active_test_mae": 0.0030112461206742644,
      "test_mae": 0.0030112461206742644
    },
    {
      "fraction": 0.75,
      "kept_steps": 96,
      "active_test_mae": 0.0030120876542006608,
      "test_mae": 0.0030120876542006603
    },
    {
      "fraction": 1.0,
      "kept_steps": 128,
      "active_test_mae": 0.0030120876542006608,
      "test_mae": 0.0030120876542006603
    }
  ]
}