{
  "train": {
    "event_abs_mean": 0.015625,
    "event_active_fraction_gt_1e_6": 0.015625,
    "spike_mean": 0.06275246292352676,
    "spike_active_fraction_gt_0p5": 0.004609375260770321,
    "spike_count_per_sample_mean": 11.800000190734863,
    "first_spike_flat_index_mean": 264.79998779296875,
    "mem_abs_mean": 1.3068344593048096
  },
  "test": {
    "event_abs_mean": 0.015625,
    "event_active_fraction_gt_1e_6": 0.015625,
    "spike_mean": 0.0627623051404953,
    "spike_active_fraction_gt_0p5": 0.0044084819965064526,
    "spike_count_per_sample_mean": 11.285715103149414,
    "first_spike_flat_index_mean": 118.00000762939453,
    "mem_abs_mean": 1.306767463684082
  }
}