{
  "train": {
    "event_abs_mean": 0.014865451492369175,
    "event_active_fraction_gt_1e_6": 0.014865451492369175,
    "spike_mean": 0.036835815757513046,
    "spike_active_fraction_gt_0p5": 0.0008138021221384406,
    "spike_count_per_sample_mean": 2.0833334922790527,
    "first_spike_flat_index_mean": 1196.416748046875,
    "mem_abs_mean": 1.145778775215149
  },
  "test": {
    "event_abs_mean": 0.015299479477107525,
    "event_active_fraction_gt_1e_6": 0.015299479477107525,
    "spike_mean": 0.03677106648683548,
    "spike_active_fraction_gt_0p5": 0.0009765625,
    "spike_count_per_sample_mean": 2.5,
    "first_spike_flat_index_mean": 1913.5,
    "mem_abs_mean": 1.1441446542739868
  }
}