{
    "train_mae": 8.172490983436495e-06,
    "train_rmse": 2.7008442744718152e-05,
    "test_mae": 6.558191032880415e-07,
    "test_rmse": 1.1830473944333727e-06,
    "per_parameter_mae_train": {
        "alpha": 3.0322304787056e-06,
        "beta": 0.0,
        "gamma": 2.1485242471603883e-05
    },
    "per_parameter_mae_test": {
        "alpha": 2.771411674437222e-07,
        "beta": 0.0,
        "gamma": 1.6903161424204022e-06
    },
    "per_parameter_rmse_train": {
        "alpha": 6.99595308069389e-06,
        "beta": 0.0,
        "gamma": 4.6253914201685524e-05
    },
    "per_parameter_rmse_test": {
        "alpha": 3.5500175155191533e-07,
        "beta": 0.0,
        "gamma": 2.0181122785469216e-06
    },
    "train_data_loss": 7.294559794947186e-10,
    "train_physics_loss": 5.40730095464268e-12,
    "train_total_loss": 7.348632804493613e-10,
    "train_actual_physics_residual": 5.40730095464268e-12,
    "test_data_loss": 1.399601137475592e-12,
    "test_physics_loss": 9.496437665327572e-13,
    "test_total_loss": 2.349244904008349e-12,
    "test_actual_physics_residual": 9.496437665327572e-13,
    "training_time_seconds": 4.87488832300005,
    "evaluation_time_seconds": 6.737000148859806e-06,
    "parameter_names": [
        "alpha",
        "beta",
        "gamma"
    ],
    "timestamp": "2026-07-01T15:30:47.408900"
}