{
    "train_mae": 0.002621033413648594,
    "train_rmse": 0.0038103061627538116,
    "test_mae": 0.0028697414083195863,
    "test_rmse": 0.0040964079696529185,
    "per_parameter_mae_train": {
        "s": 0.005202471782245726,
        "t0": 0.0005000325033034835,
        "x0": 0.0021605959553965726
    },
    "per_parameter_mae_test": {
        "s": 0.005374704042731471,
        "t0": 0.0007176018374098438,
        "x0": 0.0025169183448174445
    },
    "per_parameter_rmse_train": {
        "s": 0.006064819730870973,
        "t0": 0.0005520131083494764,
        "x0": 0.002543332916078335
    },
    "per_parameter_rmse_test": {
        "s": 0.0064386660370811125,
        "t0": 0.0007386606702226205,
        "x0": 0.002887842592440301
    },
    "train_data_loss": 0.8851082921028137,
    "train_physics_loss": 0.0036038977559655905,
    "train_total_loss": 0.8851082921028137,
    "train_actual_physics_residual": 2.6906588068698056e-10,
    "test_data_loss": 1.2364778518676758,
    "test_physics_loss": 0.004061900544911623,
    "test_total_loss": 1.2364778518676758,
    "test_actual_physics_residual": 2.949215871517197e-10,
    "training_time_seconds": 1.7133848129997205,
    "evaluation_time_seconds": 0.03820333600015147,
    "parameter_names": [
        "s",
        "t0",
        "x0"
    ],
    "timestamp": "2026-05-26T10:14:29.310401"
}