{
    "train_mae": 0.0020154472736066895,
    "train_rmse": 0.0030766902715025717,
    "test_mae": 0.001431533481479177,
    "test_rmse": 0.0027291194704060755,
    "per_parameter_mae_train": {
        "s": 0.004463715357394112,
        "t0": 0.00043961058332678504,
        "x0": 0.0011430158800991713
    },
    "per_parameter_mae_test": {
        "s": 0.0034114677837897567,
        "t0": 0.0003833242374015125,
        "x0": 0.0004998084232462618
    },
    "per_parameter_rmse_train": {
        "s": 0.005107719816788009,
        "t0": 0.0004975156834815938,
        "x0": 0.0014358779537818034
    },
    "per_parameter_rmse_test": {
        "s": 0.004656150328179431,
        "t0": 0.0004250786324262156,
        "x0": 0.0006955943709503773
    },
    "train_data_loss": 0.5368601679801941,
    "train_physics_loss": 0.002556184772402048,
    "train_total_loss": 0.5368601679801941,
    "train_actual_physics_residual": 2.0537377354301611e-10,
    "test_data_loss": 0.3811313509941101,
    "test_physics_loss": 0.002124152844771743,
    "test_total_loss": 0.3811313509941101,
    "test_actual_physics_residual": 2.212605099138898e-10,
    "training_time_seconds": 4.150953881000532,
    "evaluation_time_seconds": 0.09737173200028337,
    "parameter_names": [
        "s",
        "t0",
        "x0"
    ],
    "timestamp": "2026-05-26T16:43:10.721414"
}