{
    "train_mae": 0.002725839489224366,
    "train_rmse": 0.003993832431532008,
    "test_mae": 0.0028462857739472544,
    "test_rmse": 0.004021869537985655,
    "per_parameter_mae_train": {
        "s": 0.005350288063173716,
        "t0": 0.000522940307168627,
        "x0": 0.0023042900973307555
    },
    "per_parameter_mae_test": {
        "s": 0.0056320165398751065,
        "t0": 0.0007363858973378575,
        "x0": 0.0021704548846287986
    },
    "per_parameter_rmse_train": {
        "s": 0.006322205644900327,
        "t0": 0.000592026152463152,
        "x0": 0.002744323831449332
    },
    "per_parameter_rmse_test": {
        "s": 0.006461381389560296,
        "t0": 0.0007571698676829308,
        "x0": 0.0024906922876677703
    },
    "train_data_loss": 1.002622365951538,
    "train_physics_loss": 0.003916284069418907,
    "train_total_loss": 1.002622365951538,
    "train_actual_physics_residual": 2.6906588068698056e-10,
    "test_data_loss": 1.1699527502059937,
    "test_physics_loss": 0.004090611822903156,
    "test_total_loss": 1.1699527502059937,
    "test_actual_physics_residual": 2.949215871517197e-10,
    "training_time_seconds": 0.24062606399820652,
    "evaluation_time_seconds": 0.01924352599962731,
    "parameter_names": [
        "s",
        "t0",
        "x0"
    ],
    "timestamp": "2026-05-26T08:13:41.984711"
}