{
    "train_mae": 0.0016942234893817883,
    "train_rmse": 0.0027853659067858623,
    "test_mae": 0.0016958533143434046,
    "test_rmse": 0.0026254371932521742,
    "per_parameter_mae_train": {
        "s": 0.0038440878644021266,
        "t0": 0.0004244338948285592,
        "x0": 0.0008141487089146801
    },
    "per_parameter_mae_test": {
        "s": 0.003326720994854221,
        "t0": 0.000725003129550511,
        "x0": 0.0010358358186254813
    },
    "per_parameter_rmse_train": {
        "s": 0.004690919894967226,
        "t0": 0.0005230051646238936,
        "x0": 0.0009982614090670264
    },
    "per_parameter_rmse_test": {
        "s": 0.0043032888954293,
        "t0": 0.00078068220572598,
        "x0": 0.0012453920440059273
    },
    "train_data_loss": 0.4880388081073761,
    "train_physics_loss": 0.0021560180466622114,
    "train_total_loss": 0.4880388081073761,
    "train_actual_physics_residual": 2.6906588068698056e-10,
    "test_data_loss": 0.802841067314148,
    "test_physics_loss": 0.0018144198693335056,
    "test_total_loss": 0.802841067314148,
    "test_actual_physics_residual": 2.949215871517197e-10,
    "training_time_seconds": 1.8650061830048799,
    "evaluation_time_seconds": 0.04554407099931268,
    "parameter_names": [
        "s",
        "t0",
        "x0"
    ],
    "timestamp": "2026-05-24T12:32:11.271453"
}