{
    "train_mae": 0.002748562118273644,
    "train_rmse": 0.003936458221448529,
    "test_mae": 0.0026376332293478293,
    "test_rmse": 0.004239796773356192,
    "per_parameter_mae_train": {
        "s": 0.005211259371738395,
        "t0": 0.0004375682804570752,
        "x0": 0.002596858702625462
    },
    "per_parameter_mae_test": {
        "s": 0.005678658480694519,
        "t0": 0.0005515615857898591,
        "x0": 0.0016826796215591102
    },
    "per_parameter_rmse_train": {
        "s": 0.006098341452695648,
        "t0": 0.0005234178355938043,
        "x0": 0.003003893354189756
    },
    "per_parameter_rmse_test": {
        "s": 0.007058984731503063,
        "t0": 0.0005722450795829212,
        "x0": 0.0019418805749542088
    },
    "train_data_loss": 0.9941666722297668,
    "train_physics_loss": 0.0036438454408198595,
    "train_total_loss": 0.9941666722297668,
    "train_actual_physics_residual": 2.364869966520189e-10,
    "test_data_loss": 0.9793325066566467,
    "test_physics_loss": 0.004882263019680977,
    "test_total_loss": 0.9793325066566467,
    "test_actual_physics_residual": 3.2109151448800333e-10,
    "training_time_seconds": 3.0166412909993596,
    "evaluation_time_seconds": 0.11789708499964036,
    "parameter_names": [
        "s",
        "t0",
        "x0"
    ],
    "timestamp": "2026-05-26T16:37:43.794544"
}