{
    "train_mae": 0.002748227113092005,
    "train_rmse": 0.004000222034762312,
    "test_mae": 0.0028275892105811226,
    "test_rmse": 0.0040080156804555315,
    "per_parameter_mae_train": {
        "s": 0.005421809501802538,
        "t0": 0.0005286525650494175,
        "x0": 0.0022942192724240596
    },
    "per_parameter_mae_test": {
        "s": 0.005464582507728359,
        "t0": 0.0007334704278381227,
        "x0": 0.002284714696176885
    },
    "per_parameter_rmse_train": {
        "s": 0.006339986446928649,
        "t0": 0.0005956664782388677,
        "x0": 0.002730399656031575
    },
    "per_parameter_rmse_test": {
        "s": 0.006386893241230964,
        "t0": 0.0007556979982269713,
        "x0": 0.002613251680364182
    },
    "train_data_loss": 1.0052095651626587,
    "train_physics_loss": 0.0039383419789373875,
    "train_total_loss": 1.0052095651626587,
    "train_actual_physics_residual": 2.6906588068698056e-10,
    "test_data_loss": 1.1877506971359253,
    "test_physics_loss": 0.0039968411438167095,
    "test_total_loss": 1.1877506971359253,
    "test_actual_physics_residual": 2.949215871517197e-10,
    "training_time_seconds": 1.395575479999934,
    "evaluation_time_seconds": 0.2069401310000103,
    "parameter_names": [
        "s",
        "t0",
        "x0"
    ],
    "timestamp": "2026-05-26T16:47:53.373154"
}