{
  "observation_mode": "event_traces",
  "time_axis_size": 128,
  "records": [
    {
      "fraction": 0.25,
      "kept_steps": 32,
      "active_test_mae": 0.007349887221335023,
      "test_mae": 0.0024499629038170455
    },
    {
      "fraction": 0.5,
      "kept_steps": 64,
      "active_test_mae": 0.005672974439093699,
      "test_mae": 0.0018909919764032708
    },
    {
      "fraction": 0.75,
      "kept_steps": 96,
      "active_test_mae": 0.005672974439093699,
      "test_mae": 0.0018909919764032708
    },
    {
      "fraction": 1.0,
      "kept_steps": 128,
      "active_test_mae": 0.005672974439093699,
      "test_mae": 0.0018909919764032708
    }
  ]
}