{
    "train_mae": 0.002793099164340088,
    "train_rmse": 0.0040993234552471145,
    "test_mae": 0.002982634698872395,
    "test_rmse": 0.004461574090357928,
    "per_parameter_mae_train": {
        "s": 0.005519052878490233,
        "t0": 0.0005519747512049802,
        "x0": 0.0023082698633250507
    },
    "per_parameter_mae_test": {
        "s": 0.006495755771500437,
        "t0": 0.0004441836723489759,
        "x0": 0.0020079646527677722
    },
    "per_parameter_rmse_train": {
        "s": 0.0065296605317179575,
        "t0": 0.0006156509880384239,
        "x0": 0.002719901758091547
    },
    "per_parameter_rmse_test": {
        "s": 0.007341479323360838,
        "t0": 0.0005272985714397143,
        "x0": 0.002354053451492224
    },
    "train_data_loss": 0.9469228386878967,
    "train_physics_loss": 0.004177515394985676,
    "train_total_loss": 0.9469228386878967,
    "train_actual_physics_residual": 2.6961671784064833e-10,
    "test_data_loss": 0.8652750849723816,
    "test_physics_loss": 0.0052808537147939205,
    "test_total_loss": 0.8652750849723816,
    "test_actual_physics_residual": 3.0572303022502467e-10,
    "training_time_seconds": 16.8439802339999,
    "evaluation_time_seconds": 0.1646455939999214,
    "parameter_names": [
        "s",
        "t0",
        "x0"
    ],
    "timestamp": "2026-05-26T03:53:45.764643"
}