{
    "train_mae": 0.0006686185521361703,
    "train_rmse": 0.001511764397007014,
    "test_mae": 0.0004592628995626708,
    "test_rmse": 0.000952600322463886,
    "per_parameter_mae_train": {
        "a": 0.0004098945919152593,
        "d": 0.0029574687256845836,
        "epsilon": 9.499490256914545e-11,
        "k": 0.0,
        "mu1": 0.0006443359792933104,
        "mu2": 1.1920928966180355e-08
    },
    "per_parameter_mae_test": {
        "a": 0.00034163352165352684,
        "d": 0.0017095822342968526,
        "epsilon": 9.499490256914545e-11,
        "k": 0.0,
        "mu1": 0.0007043496255017767,
        "mu2": 1.1920928966180355e-08
    },
    "per_parameter_rmse_train": {
        "a": 0.0005161484708665212,
        "d": 0.0035808110888635608,
        "epsilon": 9.499490256914543e-11,
        "k": 0.0,
        "mu1": 0.0007899191440265742,
        "mu2": 1.1920928966180355e-08
    },
    "per_parameter_rmse_test": {
        "a": 0.0004145346606427499,
        "d": 0.002135719886784407,
        "epsilon": 9.499490256914545e-11,
        "k": 0.0,
        "mu1": 0.0008435317577466057,
        "mu2": 1.1920928966180354e-08
    },
    "train_data_loss": 0.36980336904525757,
    "train_physics_loss": 0.0,
    "train_total_loss": 0.36980336904525757,
    "train_actual_physics_residual": 0.0,
    "test_data_loss": 0.2739870846271515,
    "test_physics_loss": 0.0,
    "test_total_loss": 0.2739870846271515,
    "test_actual_physics_residual": 0.0,
    "training_time_seconds": 113.40654097899824,
    "evaluation_time_seconds": 0.403919712996867,
    "parameter_names": [
        "a",
        "d",
        "epsilon",
        "k",
        "mu1",
        "mu2"
    ],
    "timestamp": "2026-06-18T00:53:11.421647"
}