{
    "train_mae": 0.0004232633499938407,
    "train_rmse": 0.0006877406924624835,
    "test_mae": 0.0006588983924297182,
    "test_rmse": 0.0011889028570356782,
    "per_parameter_mae_train": {
        "s": 0.0008481870183200516,
        "t0": 0.00018862043750009094,
        "x0": 0.00023298259416137945
    },
    "per_parameter_mae_test": {
        "s": 0.0014300618247877505,
        "t0": 0.0002677757085938807,
        "x0": 0.0002788576439075233
    },
    "per_parameter_rmse_train": {
        "s": 0.0011267220653342078,
        "t0": 0.00025179042876016176,
        "x0": 0.00029336112162336715
    },
    "per_parameter_rmse_test": {
        "s": 0.0019960654827462627,
        "t0": 0.00032774707003054596,
        "x0": 0.0003857129205485821
    },
    "train_data_loss": 0.06640838086605072,
    "train_physics_loss": 0.00012438710837159306,
    "train_total_loss": 0.06640838086605072,
    "train_actual_physics_residual": 2.6961671784064833e-10,
    "test_data_loss": 0.1260766088962555,
    "test_physics_loss": 0.00039037747774273157,
    "test_total_loss": 0.1260766088962555,
    "test_actual_physics_residual": 3.0572303022502467e-10,
    "training_time_seconds": 33.27683038200121,
    "evaluation_time_seconds": 0.14119992400082992,
    "parameter_names": [
        "s",
        "t0",
        "x0"
    ],
    "timestamp": "2026-05-24T04:42:50.205880"
}