{
  "observation_mode": "event_traces",
  "time_axis_size": 128,
  "records": [
    {
      "fraction": 0.25,
      "kept_steps": 32,
      "active_test_mae": 0.001214778282670253,
      "test_mae": 0.0008098521884468354
    },
    {
      "fraction": 0.5,
      "kept_steps": 64,
      "active_test_mae": 0.0012162236953060562,
      "test_mae": 0.0008108157968707042
    },
    {
      "fraction": 0.75,
      "kept_steps": 96,
      "active_test_mae": 0.0012162236953060562,
      "test_mae": 0.0008108157968707042
    },
    {
      "fraction": 1.0,
      "kept_steps": 128,
      "active_test_mae": 0.0012162236953060562,
      "test_mae": 0.0008108157968707042
    }
  ]
}