{
  "train": {
    "event_abs_mean": 0.015625,
    "event_active_fraction_gt_1e_6": 0.015625,
    "spike_mean": 0.058187518268823624,
    "spike_active_fraction_gt_0p5": 0.003975184168666601,
    "spike_count_per_sample_mean": 10.176470756530762,
    "first_spike_flat_index_mean": 173.7058868408203,
    "mem_abs_mean": 0.8395788669586182
  },
  "test": {
    "event_abs_mean": 0.015625,
    "event_active_fraction_gt_1e_6": 0.015625,
    "spike_mean": 0.058200277388095856,
    "spike_active_fraction_gt_0p5": 0.003861177945509553,
    "spike_count_per_sample_mean": 9.884615898132324,
    "first_spike_flat_index_mean": 168.42308044433594,
    "mem_abs_mean": 0.8394399881362915
  }
}