{
  "train": {
    "event_abs_mean": 0.015625,
    "event_active_fraction_gt_1e_6": 0.015625,
    "spike_mean": 0.11231618374586105,
    "spike_active_fraction_gt_0p5": 0.010868567042052746,
    "spike_count_per_sample_mean": 27.823530197143555,
    "first_spike_flat_index_mean": 23.068628311157227,
    "mem_abs_mean": 0.969558596611023
  },
  "test": {
    "event_abs_mean": 0.015625,
    "event_active_fraction_gt_1e_6": 0.015625,
    "spike_mean": 0.11231334507465363,
    "spike_active_fraction_gt_0p5": 0.010606971569359303,
    "spike_count_per_sample_mean": 27.153846740722656,
    "first_spike_flat_index_mean": 24.076923370361328,
    "mem_abs_mean": 0.9695978760719299
  }
}