{
    "train_mae": 0.002771657457548579,
    "train_rmse": 0.003970365021276173,
    "test_mae": 0.0026980522413188194,
    "test_rmse": 0.004271080458907314,
    "per_parameter_mae_train": {
        "s": 0.005254680163364372,
        "t0": 0.0004287975392483318,
        "x0": 0.0026314946700330345
    },
    "per_parameter_mae_test": {
        "s": 0.005688076014569031,
        "t0": 0.0005395842452959757,
        "x0": 0.001866496464091451
    },
    "per_parameter_rmse_train": {
        "s": 0.006140648088038319,
        "t0": 0.000524433337620783,
        "x0": 0.003051033585489236
    },
    "per_parameter_rmse_test": {
        "s": 0.007070526203599158,
        "t0": 0.0005673548402498107,
        "x0": 0.0021005124491043892
    },
    "train_data_loss": 1.0104979276657104,
    "train_physics_loss": 0.0036945780739188194,
    "train_total_loss": 1.0104979276657104,
    "train_actual_physics_residual": 2.364869966520189e-10,
    "test_data_loss": 0.997443437576294,
    "test_physics_loss": 0.004898241721093655,
    "test_total_loss": 0.997443437576294,
    "test_actual_physics_residual": 3.2109151448800333e-10,
    "training_time_seconds": 0.19021967600019707,
    "evaluation_time_seconds": 0.03041179999945598,
    "parameter_names": [
        "s",
        "t0",
        "x0"
    ],
    "timestamp": "2026-05-26T05:26:10.548463"
}