{
    "train_mae": 0.002687023441938439,
    "train_rmse": 0.0038947524972149134,
    "test_mae": 0.002999965315192229,
    "test_rmse": 0.004484083602868864,
    "per_parameter_mae_train": {
        "s": 0.005424100685049467,
        "t0": 0.0005110486518428675,
        "x0": 0.002125920988922983
    },
    "per_parameter_mae_test": {
        "s": 0.0066221903401762015,
        "t0": 0.0004565483722036477,
        "x0": 0.001921157233196838
    },
    "per_parameter_rmse_train": {
        "s": 0.006248016609475071,
        "t0": 0.00056744047177848,
        "x0": 0.0024794335648282402
    },
    "per_parameter_rmse_test": {
        "s": 0.007400492911564751,
        "t0": 0.0005302531334898149,
        "x0": 0.0022962041618410874
    },
    "train_data_loss": 0.8192374110221863,
    "train_physics_loss": 0.003824909683316946,
    "train_total_loss": 0.8192374110221863,
    "train_actual_physics_residual": 2.6961671784064833e-10,
    "test_data_loss": 0.8628295660018921,
    "test_physics_loss": 0.005366090685129166,
    "test_total_loss": 0.8628295660018921,
    "test_actual_physics_residual": 3.0572303022502467e-10,
    "training_time_seconds": 4.546730441999898,
    "evaluation_time_seconds": 0.06580890899931546,
    "parameter_names": [
        "s",
        "t0",
        "x0"
    ],
    "timestamp": "2026-05-26T06:00:46.782913"
}