{
  "train_polynomial_residual": {
    "mean": 0.0014170147078672066,
    "median": 0.0014268502240748515,
    "max": 0.0015453691668601542,
    "mse": 2.0138864645431323e-06
  },
  "test_polynomial_residual": {
    "mean": 0.0013731479000985117,
    "median": 0.0013648391965357376,
    "max": 0.001458598489144417,
    "mse": 1.8888197516818653e-06
  },
  "train_forward_linear_error": {
    "mean": 0.005783348042124229,
    "median": 0.005012521271087158,
    "max": 0.013175194811435665,
    "mse": 4.850962048491156e-05
  },
  "test_forward_linear_error": {
    "mean": 0.0033106739437471612,
    "median": 0.0024815494466259636,
    "max": 0.007599371430192289,
    "mse": 1.477533796725137e-05
  },
  "train_forward_quadratic_error": {
    "mean": 0.0014382234945537848,
    "median": 0.0014464822866030586,
    "max": 0.0015745378361511678,
    "mse": 2.074706326149868e-06
  },
  "test_forward_quadratic_error": {
    "mean": 0.0013868967061120947,
    "median": 0.001393074786541921,
    "max": 0.0014740088740179548,
    "mse": 1.9271848406453955e-06
  },
  "train_observed_forward_residual": {
    "mean": 0.0014262118608907254,
    "median": 0.0014344823567536736,
    "max": 0.0015513686622116792,
    "mse": 2.0398952980716508e-06
  },
  "test_observed_forward_residual": {
    "mean": 0.0013756350309784711,
    "median": 0.0013673457281626138,
    "max": 0.0014818193443565351,
    "mse": 1.8962654701048619e-06
  },
  "train_clean_forward_residual": {
    "mean": 0.00019201432961268676,
    "median": 0.0001389467715522756,
    "max": 0.0007071589050612713,
    "mse": 5.988003629543926e-08
  },
  "test_clean_forward_residual": {
    "mean": 0.00017691343267713645,
    "median": 0.0001754531648333706,
    "max": 0.0002551136327382243,
    "mse": 3.4908589927410746e-08
  },
  "train_observation_noise_floor": {
    "mean": 0.001413464240619478,
    "median": 0.0014339923449357684,
    "max": 0.001531237899332812,
    "mse": 2.0025988529166232e-06
  },
  "test_observation_noise_floor": {
    "mean": 0.0013765334995131104,
    "median": 0.0013693375603808817,
    "max": 0.001459799170993348,
    "mse": 1.8979072195759558e-06
  }
}
