{
    "train_mae": 0.0010002828516468172,
    "train_rmse": 0.0016215993926225057,
    "test_mae": 0.0013862141003110364,
    "test_rmse": 0.002484642816703852,
    "per_parameter_mae_train": {
        "s": 0.00211408915750078,
        "t0": 0.00044635283904308985,
        "x0": 0.00044040655839658164
    },
    "per_parameter_mae_test": {
        "s": 0.002884565331797424,
        "t0": 0.0004788588168119741,
        "x0": 0.0007952181523237106
    },
    "per_parameter_rmse_train": {
        "s": 0.002702375914566513,
        "t0": 0.0005267013158163162,
        "x0": 0.000555431283552881
    },
    "per_parameter_rmse_test": {
        "s": 0.0041241038827671385,
        "t0": 0.0005595572257958278,
        "x0": 0.00109499436299866
    },
    "train_data_loss": 0.30049335956573486,
    "train_physics_loss": 0.0007155316998250782,
    "train_total_loss": 0.30049335956573486,
    "train_actual_physics_residual": 2.6961671784064833e-10,
    "test_data_loss": 0.43961432576179504,
    "test_physics_loss": 0.0016664634458720684,
    "test_total_loss": 0.43961432576179504,
    "test_actual_physics_residual": 3.0572303022502467e-10,
    "training_time_seconds": 22.23587547199986,
    "evaluation_time_seconds": 0.27972440299981827,
    "parameter_names": [
        "s",
        "t0",
        "x0"
    ],
    "timestamp": "2026-05-26T04:54:06.144280"
}