{
    "train_mae": 0.0011623871730699303,
    "train_rmse": 0.0018293156384300777,
    "test_mae": 0.001347431841818457,
    "test_rmse": 0.002582565498969443,
    "per_parameter_mae_train": {
        "s": 0.00247462557084127,
        "t0": 0.0004831264869299291,
        "x0": 0.0005294094614385913
    },
    "per_parameter_mae_test": {
        "s": 0.002876999309539381,
        "t0": 0.00043706969017858296,
        "x0": 0.0007282265257374072
    },
    "per_parameter_rmse_train": {
        "s": 0.003049605804672504,
        "t0": 0.000545349053506134,
        "x0": 0.0006645945839098179
    },
    "per_parameter_rmse_test": {
        "s": 0.004358368579133218,
        "t0": 0.0005350551660461302,
        "x0": 0.0008528030060415432
    },
    "train_data_loss": 0.33765068650245667,
    "train_physics_loss": 0.000911226321477443,
    "train_total_loss": 0.33765068650245667,
    "train_actual_physics_residual": 2.6961671784064833e-10,
    "test_data_loss": 0.4114801585674286,
    "test_physics_loss": 0.0018611634150147438,
    "test_total_loss": 0.4114801585674286,
    "test_actual_physics_residual": 3.0572303022502467e-10,
    "training_time_seconds": 30.774948915001005,
    "evaluation_time_seconds": 0.103701727999578,
    "parameter_names": [
        "s",
        "t0",
        "x0"
    ],
    "timestamp": "2026-05-24T03:57:00.094422"
}