{
    "train_mae": 0.002734680065720366,
    "train_rmse": 0.003997249838191354,
    "test_mae": 0.002844206679879656,
    "test_rmse": 0.004017513507662394,
    "per_parameter_mae_train": {
        "s": 0.0053772457246715425,
        "t0": 0.0005203194558762972,
        "x0": 0.0023064750166132573
    },
    "per_parameter_mae_test": {
        "s": 0.0056408105174658146,
        "t0": 0.0007367395133554192,
        "x0": 0.0021550700088177354
    },
    "per_parameter_rmse_train": {
        "s": 0.006327449431020622,
        "t0": 0.0005914952516601303,
        "x0": 0.0027472779021975096
    },
    "per_parameter_rmse_test": {
        "s": 0.006459497420376945,
        "t0": 0.0007571950543898012,
        "x0": 0.0024744278285091653
    },
    "train_data_loss": 1.0033026933670044,
    "train_physics_loss": 0.003922782838344574,
    "train_total_loss": 1.0033026933670044,
    "train_actual_physics_residual": 2.6906588068698056e-10,
    "test_data_loss": 1.1661852598190308,
    "test_physics_loss": 0.004088227171450853,
    "test_total_loss": 1.1661852598190308,
    "test_actual_physics_residual": 2.949215871517197e-10,
    "training_time_seconds": 0.30170961100157,
    "evaluation_time_seconds": 0.02305129199885414,
    "parameter_names": [
        "s",
        "t0",
        "x0"
    ],
    "timestamp": "2026-05-26T08:10:39.913410"
}