{
  "train": {
    "event_abs_mean": 0.015625,
    "event_active_fraction_gt_1e_6": 0.015625,
    "spike_mean": 0.20003589987754822,
    "spike_active_fraction_gt_0p5": 0.1220090463757515,
    "spike_count_per_sample_mean": 312.3431396484375,
    "first_spike_flat_index_mean": 39.06863021850586,
    "mem_abs_mean": 1.880599856376648
  },
  "test": {
    "event_abs_mean": 0.015625,
    "event_active_fraction_gt_1e_6": 0.015625,
    "spike_mean": 0.20005056262016296,
    "spike_active_fraction_gt_0p5": 0.1220703125,
    "spike_count_per_sample_mean": 312.5,
    "first_spike_flat_index_mean": 37.42307662963867,
    "mem_abs_mean": 1.880523920059204
  }
}