{
    "train_mae": 0.0009704503571391431,
    "train_rmse": 0.0016616036508487783,
    "test_mae": 0.001994714923243606,
    "test_rmse": 0.0029594037626273764,
    "per_parameter_mae_train": {
        "s": 0.0021331936148912636,
        "t0": 0.00013239739336635506,
        "x0": 0.0006457600631598106
    },
    "per_parameter_mae_test": {
        "s": 0.003114424456590492,
        "t0": 0.00024957516176100925,
        "x0": 0.002620145151379316
    },
    "per_parameter_rmse_train": {
        "s": 0.002764491338213079,
        "t0": 0.0001571526882936669,
        "x0": 0.0007846468957747152
    },
    "per_parameter_rmse_test": {
        "s": 0.003845484719812304,
        "t0": 0.0004659372108813366,
        "x0": 0.0033569869937140682
    },
    "train_data_loss": 0.11114317923784256,
    "train_physics_loss": 0.0007488103583455086,
    "train_total_loss": 0.11114317923784256,
    "train_actual_physics_residual": 2.0537377354301611e-10,
    "test_data_loss": 0.7132221460342407,
    "test_physics_loss": 0.0018803270068019629,
    "test_total_loss": 0.7132221460342407,
    "test_actual_physics_residual": 2.212605099138898e-10,
    "training_time_seconds": 3.782734998999331,
    "evaluation_time_seconds": 0.06447835900053178,
    "parameter_names": [
        "s",
        "t0",
        "x0"
    ],
    "timestamp": "2026-05-26T19:13:45.953335"
}