{
    "train_mae": 0.000669817647054309,
    "train_rmse": 0.0018409878429556529,
    "test_mae": 0.0006612051579560411,
    "test_rmse": 0.001786342289188115,
    "per_parameter_mae_train": {
        "a": 5.620101837397813e-05,
        "d": 0.003636351412480399,
        "epsilon": 1.341104512164737e-09,
        "k": 0.0,
        "mu1": 0.000326352110366964,
        "mu2": 0.0
    },
    "per_parameter_mae_test": {
        "a": 5.532643202409042e-05,
        "d": 0.003540089114036488,
        "epsilon": 1.341104512164737e-09,
        "k": 0.0,
        "mu1": 0.0003718140605711562,
        "mu2": 0.0
    },
    "per_parameter_rmse_train": {
        "a": 7.285971009581257e-05,
        "d": 0.00449168407849016,
        "epsilon": 1.3411045121647371e-09,
        "k": 0.0,
        "mu1": 0.00039355181252791427,
        "mu2": 0.0
    },
    "per_parameter_rmse_test": {
        "a": 7.754404043724034e-05,
        "d": 0.0043483623539036205,
        "epsilon": 1.3411045121647371e-09,
        "k": 0.0,
        "mu1": 0.0004815022386195554,
        "mu2": 0.0
    },
    "train_data_loss": 0.003203736385330558,
    "train_physics_loss": 0.0016597533831372857,
    "train_total_loss": 0.003203736385330558,
    "train_actual_physics_residual": 0.001658676192164421,
    "test_data_loss": 0.004109630361199379,
    "test_physics_loss": 0.0016451554838567972,
    "test_total_loss": 0.004109630361199379,
    "test_actual_physics_residual": 0.0016455514123663306,
    "training_time_seconds": 98.93399576599768,
    "evaluation_time_seconds": 0.19119816699821968,
    "parameter_names": [
        "a",
        "d",
        "epsilon",
        "k",
        "mu1",
        "mu2"
    ],
    "timestamp": "2026-05-11T02:27:39.538565"
}