{
    "train_mae": 0.002763016531533118,
    "train_rmse": 0.004081276031658512,
    "test_mae": 0.0027417350241196003,
    "test_rmse": 0.00426402944429414,
    "per_parameter_mae_train": {
        "s": 0.005589555806774988,
        "t0": 0.00048686255066090296,
        "x0": 0.0022126312371634617
    },
    "per_parameter_mae_test": {
        "s": 0.005090265338538906,
        "t0": 0.0007356786653027342,
        "x0": 0.002399261068517161
    },
    "per_parameter_rmse_train": {
        "s": 0.0065419454967502785,
        "t0": 0.0005576149868499167,
        "x0": 0.0026196291309572572
    },
    "per_parameter_rmse_test": {
        "s": 0.006811082376265945,
        "t0": 0.0007595926568244944,
        "x0": 0.0027528198569539424
    },
    "train_data_loss": 0.9587976932525635,
    "train_physics_loss": 0.0041932412423193455,
    "train_total_loss": 0.9587976932525635,
    "train_actual_physics_residual": 2.6906588068698056e-10,
    "test_data_loss": 1.27349853515625,
    "test_physics_loss": 0.00454537570476532,
    "test_total_loss": 1.27349853515625,
    "test_actual_physics_residual": 2.949215871517197e-10,
    "training_time_seconds": 4.414601413998753,
    "evaluation_time_seconds": 0.06927006899786647,
    "parameter_names": [
        "s",
        "t0",
        "x0"
    ],
    "timestamp": "2026-05-26T10:10:13.881370"
}