{
    "train_mae": 0.0016512799442794826,
    "train_rmse": 0.002300333320022033,
    "test_mae": 0.002004746605363098,
    "test_rmse": 0.0028218219572642674,
    "per_parameter_mae_train": {
        "s": 0.0023261862278145355,
        "t0": 0.0004925760411289083,
        "x0": 0.002135077563895004
    },
    "per_parameter_mae_test": {
        "s": 0.0031705043067021734,
        "t0": 0.0007239067479595945,
        "x0": 0.0021198287614275267
    },
    "per_parameter_rmse_train": {
        "s": 0.0030079862117832674,
        "t0": 0.0005654362128856495,
        "x0": 0.0025508627929565417
    },
    "per_parameter_rmse_test": {
        "s": 0.004050563229668319,
        "t0": 0.0007739837157365607,
        "x0": 0.002623342182356281
    },
    "train_data_loss": 0.6695401072502136,
    "train_physics_loss": 0.0008865238050930202,
    "train_total_loss": 0.6695401072502136,
    "train_actual_physics_residual": 2.6906588068698056e-10,
    "test_data_loss": 1.0131070613861084,
    "test_physics_loss": 0.0016075688181445003,
    "test_total_loss": 1.0131070613861084,
    "test_actual_physics_residual": 2.949215871517197e-10,
    "training_time_seconds": 4.0004679730000134,
    "evaluation_time_seconds": 0.06428787899994859,
    "parameter_names": [
        "s",
        "t0",
        "x0"
    ],
    "timestamp": "2026-05-26T13:35:15.933596"
}