{
    "train_mae": 0.002928396154701586,
    "train_rmse": 0.004234375365425757,
    "test_mae": 0.00301282988530156,
    "test_rmse": 0.004503937259021688,
    "per_parameter_mae_train": {
        "s": 0.005813616258354987,
        "t0": 0.0005748079597326806,
        "x0": 0.002396764246017089
    },
    "per_parameter_mae_test": {
        "s": 0.006601580888001941,
        "t0": 0.000432271961581865,
        "x0": 0.0020046368063208753
    },
    "per_parameter_rmse_train": {
        "s": 0.006749770404780846,
        "t0": 0.0006361389231381161,
        "x0": 0.002797450796562259
    },
    "per_parameter_rmse_test": {
        "s": 0.007414907801089763,
        "t0": 0.0005123913700545965,
        "x0": 0.002369166495804623
    },
    "train_data_loss": 1.0081779956817627,
    "train_physics_loss": 0.004463903605937958,
    "train_total_loss": 1.0081779956817627,
    "train_actual_physics_residual": 2.6961671784064833e-10,
    "test_data_loss": 0.8631889224052429,
    "test_physics_loss": 0.005387015640735626,
    "test_total_loss": 0.8631889224052429,
    "test_actual_physics_residual": 3.0572303022502467e-10,
    "training_time_seconds": 21.982508801000222,
    "evaluation_time_seconds": 0.37701886799914064,
    "parameter_names": [
        "s",
        "t0",
        "x0"
    ],
    "timestamp": "2026-05-24T20:47:32.869618"
}