{
    "train_mae": 0.0016606215264772875,
    "train_rmse": 0.002698465745634676,
    "test_mae": 0.002063899757262577,
    "test_rmse": 0.0034201458491543773,
    "per_parameter_mae_train": {
        "s": 0.0034549458672697027,
        "t0": 0.0005459197860817938,
        "x0": 0.0009809989260803659
    },
    "per_parameter_mae_test": {
        "s": 0.004813639876889524,
        "t0": 0.00044196679988882544,
        "x0": 0.000936092595009381
    },
    "per_parameter_rmse_train": {
        "s": 0.00446332704907985,
        "t0": 0.0006127962797257545,
        "x0": 0.0012443249228387084
    },
    "per_parameter_rmse_test": {
        "s": 0.00578563052648842,
        "t0": 0.0005350322958015112,
        "x0": 0.0011543018417547672
    },
    "train_data_loss": 0.5284460186958313,
    "train_physics_loss": 0.0019518883200362325,
    "train_total_loss": 0.5284460186958313,
    "train_actual_physics_residual": 2.6961671784064833e-10,
    "test_data_loss": 0.5433175563812256,
    "test_physics_loss": 0.003279726253822446,
    "test_total_loss": 0.5433175563812256,
    "test_actual_physics_residual": 3.0572303022502467e-10,
    "training_time_seconds": 4.155091300000095,
    "evaluation_time_seconds": 0.051586695999958465,
    "parameter_names": [
        "s",
        "t0",
        "x0"
    ],
    "timestamp": "2026-05-26T04:21:01.253821"
}