{
  "train": {
    "event_abs_mean": 0.0146484375,
    "event_active_fraction_gt_1e_6": 0.0146484375,
    "spike_mean": 0.11278720200061798,
    "spike_active_fraction_gt_0p5": 0.01057942770421505,
    "spike_count_per_sample_mean": 27.08333396911621,
    "first_spike_flat_index_mean": 22.166667938232422,
    "mem_abs_mean": 0.9818854331970215
  },
  "test": {
    "event_abs_mean": 0.015625,
    "event_active_fraction_gt_1e_6": 0.015625,
    "spike_mean": 0.11303218454122543,
    "spike_active_fraction_gt_0p5": 0.01171875,
    "spike_count_per_sample_mean": 30.0,
    "first_spike_flat_index_mean": 19.0,
    "mem_abs_mean": 0.9811460375785828
  }
}