{
    "train_mae": 0.0013948762567680545,
    "train_rmse": 0.002446600617891101,
    "test_mae": 0.0020572042492713327,
    "test_rmse": 0.003422328514466131,
    "per_parameter_mae_train": {
        "s": 0.0032089121603102997,
        "t0": 0.00034646395324824106,
        "x0": 0.0006292526567456225
    },
    "per_parameter_mae_test": {
        "s": 0.004424491290596379,
        "t0": 0.0005478394885973673,
        "x0": 0.0011992819686202519
    },
    "per_parameter_rmse_train": {
        "s": 0.004141998166299661,
        "t0": 0.0004205904129641522,
        "x0": 0.0007902649209526211
    },
    "per_parameter_rmse_test": {
        "s": 0.005711691687666367,
        "t0": 0.0006050934941911325,
        "x0": 0.0014654136996474268
    },
    "train_data_loss": 0.3908268213272095,
    "train_physics_loss": 0.0016809544758871198,
    "train_total_loss": 0.3908268213272095,
    "train_actual_physics_residual": 2.364869966520189e-10,
    "test_data_loss": 0.8146213293075562,
    "test_physics_loss": 0.003196432488039136,
    "test_total_loss": 0.8146213293075562,
    "test_actual_physics_residual": 3.2109151448800333e-10,
    "training_time_seconds": 2.5987422580001294,
    "evaluation_time_seconds": 0.04851363399939146,
    "parameter_names": [
        "s",
        "t0",
        "x0"
    ],
    "timestamp": "2026-05-26T09:46:34.500255"
}