{
  "train_polynomial_residual": {
    "mean": 0.0014228808403847664,
    "median": 0.0014348976953909782,
    "max": 0.0015383178733609658,
    "mse": 2.0289924847924068e-06
  },
  "test_polynomial_residual": {
    "mean": 0.0014454805791751404,
    "median": 0.0014345058781791273,
    "max": 0.0016045799254433006,
    "mse": 2.0951008166679194e-06
  },
  "train_forward_linear_error": {
    "mean": 0.005768768100491698,
    "median": 0.004989610158051312,
    "max": 0.013244869135405634,
    "mse": 4.8734152053776936e-05
  },
  "test_forward_linear_error": {
    "mean": 0.0033545003450898185,
    "median": 0.0027049270328736103,
    "max": 0.007504996496545234,
    "mse": 1.4784841816903225e-05
  },
  "train_forward_quadratic_error": {
    "mean": 0.0014444147940737204,
    "median": 0.001454674951950868,
    "max": 0.001562722759636788,
    "mse": 2.091385279256205e-06
  },
  "test_forward_quadratic_error": {
    "mean": 0.0014719237706796661,
    "median": 0.0014738504572611643,
    "max": 0.0016433244406337943,
    "mse": 2.172533511119097e-06
  },
  "train_observed_forward_residual": {
    "mean": 0.0014285632713141345,
    "median": 0.0014389125185827378,
    "max": 0.0015423551333401877,
    "mse": 2.04538796746865e-06
  },
  "test_observed_forward_residual": {
    "mean": 0.0014495385264120253,
    "median": 0.0014381432707849624,
    "max": 0.0016051647468272078,
    "mse": 2.106443866067332e-06
  },
  "train_clean_forward_residual": {
    "mean": 0.00021017991035880506,
    "median": 0.00017058860438548716,
    "max": 0.0006119230821988761,
    "mse": 6.266655972746592e-08
  },
  "test_clean_forward_residual": {
    "mean": 0.0002600175385545134,
    "median": 0.0002918377033967676,
    "max": 0.00035797861707020364,
    "mse": 7.779559233370795e-08
  },
  "train_observation_noise_floor": {
    "mean": 0.0014152128968944995,
    "median": 0.0014106759711393448,
    "max": 0.0015459872119667469,
    "mse": 2.0063566377951176e-06
  },
  "test_observation_noise_floor": {
    "mean": 0.0014601357929884093,
    "median": 0.0014542143921410608,
    "max": 0.0016499438430055671,
    "mse": 2.139673423864192e-06
  }
}
