{
  "train_polynomial_residual": {
    "mean": 0.0014168745634148977,
    "median": 0.0014268457894287784,
    "max": 0.0015453103489309074,
    "mse": 2.013486425812693e-06
  },
  "test_polynomial_residual": {
    "mean": 0.0013729937380545364,
    "median": 0.0013645567376581803,
    "max": 0.0014584624832232826,
    "mse": 1.8883991497216263e-06
  },
  "train_forward_linear_error": {
    "mean": 0.005783348042124229,
    "median": 0.005012521271087158,
    "max": 0.013175194811435665,
    "mse": 4.850962048491156e-05
  },
  "test_forward_linear_error": {
    "mean": 0.0033106739437471612,
    "median": 0.0024815494466259636,
    "max": 0.007599371430192289,
    "mse": 1.477533796725137e-05
  },
  "train_forward_quadratic_error": {
    "mean": 0.0014382234945537848,
    "median": 0.0014464822866030586,
    "max": 0.0015745378361511678,
    "mse": 2.074706326149868e-06
  },
  "test_forward_quadratic_error": {
    "mean": 0.0013868967061120947,
    "median": 0.001393074786541921,
    "max": 0.0014740088740179548,
    "mse": 1.9271848406453955e-06
  },
  "train_observed_forward_residual": {
    "mean": 0.0014268924148230478,
    "median": 0.001434450418234474,
    "max": 0.0015508034897423022,
    "mse": 2.041843880994572e-06
  },
  "test_observed_forward_residual": {
    "mean": 0.0013766750684662285,
    "median": 0.0013698899079819633,
    "max": 0.0014823222278014248,
    "mse": 1.8991279159643151e-06
  },
  "train_clean_forward_residual": {
    "mean": 0.00019617578223750127,
    "median": 0.0001532967672861385,
    "max": 0.0007093523512839965,
    "mse": 6.157376338523176e-08
  },
  "test_clean_forward_residual": {
    "mean": 0.0001854556376151021,
    "median": 0.00017013979582629663,
    "max": 0.0002817105645734425,
    "mse": 3.90306263219537e-08
  },
  "train_observation_noise_floor": {
    "mean": 0.001413464240619478,
    "median": 0.0014339923449357684,
    "max": 0.001531237899332812,
    "mse": 2.0025988529166232e-06
  },
  "test_observation_noise_floor": {
    "mean": 0.0013765334995131104,
    "median": 0.0013693375603808817,
    "max": 0.001459799170993348,
    "mse": 1.8979072195759558e-06
  }
}
