{
    "train_mae": 0.00294136546345327,
    "train_rmse": 0.004249453799569945,
    "test_mae": 0.0030105337691940107,
    "test_rmse": 0.004510865727241959,
    "per_parameter_mae_train": {
        "s": 0.005821351107439715,
        "t0": 0.000575470184866913,
        "x0": 0.002427275098053182
    },
    "per_parameter_mae_test": {
        "s": 0.00659596429647503,
        "t0": 0.00043201004501780386,
        "x0": 0.0020036269660892
    },
    "per_parameter_rmse_train": {
        "s": 0.006757277966222191,
        "t0": 0.0006368748752207205,
        "x0": 0.002847307089963952
    },
    "per_parameter_rmse_test": {
        "s": 0.007420530337607627,
        "t0": 0.0005122040165518166,
        "x0": 0.0023910469216833472
    },
    "train_data_loss": 1.0216950178146362,
    "train_physics_loss": 0.004473838955163956,
    "train_total_loss": 1.0216950178146362,
    "train_actual_physics_residual": 2.6961671784064833e-10,
    "test_data_loss": 0.8680744767189026,
    "test_physics_loss": 0.005395188461989164,
    "test_total_loss": 0.8680744767189026,
    "test_actual_physics_residual": 3.0572303022502467e-10,
    "training_time_seconds": 28.945307343998138,
    "evaluation_time_seconds": 0.3486931570005254,
    "parameter_names": [
        "s",
        "t0",
        "x0"
    ],
    "timestamp": "2026-05-24T20:57:24.950834"
}