{
    "train_mae": 0.002723574681616027,
    "train_rmse": 0.003997998732113262,
    "test_mae": 0.0029030626972353676,
    "test_rmse": 0.0040626217907598515,
    "per_parameter_mae_train": {
        "s": 0.005364036867901907,
        "t0": 0.0005073512548196315,
        "x0": 0.002299335922126543
    },
    "per_parameter_mae_test": {
        "s": 0.005668738340381148,
        "t0": 0.0007471175990053497,
        "x0": 0.002293332152319604
    },
    "per_parameter_rmse_train": {
        "s": 0.006336172317228605,
        "t0": 0.0006025759172132377,
        "x0": 0.0027279670482464186
    },
    "per_parameter_rmse_test": {
        "s": 0.0064859678217921235,
        "t0": 0.0007723719823625582,
        "x0": 0.0026173174014262816
    },
    "train_data_loss": 1.0120784044265747,
    "train_physics_loss": 0.003933606669306755,
    "train_total_loss": 1.0120784044265747,
    "train_actual_physics_residual": 2.6906588068698056e-10,
    "test_data_loss": 1.2235502004623413,
    "test_physics_loss": 0.004121801815927029,
    "test_total_loss": 1.2235502004623413,
    "test_actual_physics_residual": 2.949215871517197e-10,
    "training_time_seconds": 1.4227747290005937,
    "evaluation_time_seconds": 0.22649561399884988,
    "parameter_names": [
        "s",
        "t0",
        "x0"
    ],
    "timestamp": "2026-05-26T17:19:24.710093"
}