{
  "observation_mode": "event_traces",
  "time_axis_size": 128,
  "records": [
    {
      "fraction": 0.25,
      "kept_steps": 32,
      "active_test_mae": 0.0030283993042532157,
      "test_mae": 0.0030283993042532153
    },
    {
      "fraction": 0.5,
      "kept_steps": 64,
      "active_test_mae": 0.0030407617137974993,
      "test_mae": 0.0030407617137974993
    },
    {
      "fraction": 0.75,
      "kept_steps": 96,
      "active_test_mae": 0.003029606379758887,
      "test_mae": 0.003029606379758887
    },
    {
      "fraction": 1.0,
      "kept_steps": 128,
      "active_test_mae": 0.003029606379758887,
      "test_mae": 0.003029606379758887
    }
  ]
}