{
    "train_mae": 0.0028514307972455576,
    "train_rmse": 0.004131990978949767,
    "test_mae": 0.003029606379758887,
    "test_rmse": 0.0045046037014598635,
    "per_parameter_mae_train": {
        "s": 0.005664086163098445,
        "t0": 0.0005432899866178126,
        "x0": 0.002346916242020415
    },
    "per_parameter_mae_test": {
        "s": 0.006580256180090376,
        "t0": 0.0004583171371805482,
        "x0": 0.0020502458220057365
    },
    "per_parameter_rmse_train": {
        "s": 0.006592056719383471,
        "t0": 0.0006098952950740788,
        "x0": 0.002718982215433653
    },
    "per_parameter_rmse_test": {
        "s": 0.007413734651595986,
        "t0": 0.0005279417524533968,
        "x0": 0.002373221343102887
    },
    "train_data_loss": 0.9467629790306091,
    "train_physics_loss": 0.004257735330611467,
    "train_total_loss": 0.9467629790306091,
    "train_actual_physics_residual": 2.6961671784064833e-10,
    "test_data_loss": 0.8775192499160767,
    "test_physics_loss": 0.005385311786085367,
    "test_total_loss": 0.8775192499160767,
    "test_actual_physics_residual": 3.0572303022502467e-10,
    "training_time_seconds": 4.357387992999975,
    "evaluation_time_seconds": 0.04247977700015326,
    "parameter_names": [
        "s",
        "t0",
        "x0"
    ],
    "timestamp": "2026-05-24T14:11:53.081065"
}