{
    "train_mae": 0.0027654646777042252,
    "train_rmse": 0.004024623784686066,
    "test_mae": 0.0027574343526399593,
    "test_rmse": 0.003967768109037511,
    "per_parameter_mae_train": {
        "s": 0.0054651494388655445,
        "t0": 0.0005294040510609974,
        "x0": 0.002301840543186134
    },
    "per_parameter_mae_test": {
        "s": 0.005364299985380102,
        "t0": 0.0007344579163280074,
        "x0": 0.002173545156211769
    },
    "per_parameter_rmse_train": {
        "s": 0.006381050255269099,
        "t0": 0.0005947867695031997,
        "x0": 0.002742483575764219
    },
    "per_parameter_rmse_test": {
        "s": 0.0063597195236582615,
        "t0": 0.0007574268112355169,
        "x0": 0.002491951746584762
    },
    "train_data_loss": 1.01152503490448,
    "train_physics_loss": 0.003989523276686668,
    "train_total_loss": 1.01152503490448,
    "train_actual_physics_residual": 2.6906588068698056e-10,
    "test_data_loss": 1.1597200632095337,
    "test_physics_loss": 0.003962903283536434,
    "test_total_loss": 1.1597200632095337,
    "test_actual_physics_residual": 2.949215871517197e-10,
    "training_time_seconds": 1.4501352269999188,
    "evaluation_time_seconds": 0.21223820700015494,
    "parameter_names": [
        "s",
        "t0",
        "x0"
    ],
    "timestamp": "2026-05-26T18:43:12.607241"
}