{
  "train_observed_forward_residual": {
    "mean": 1.4077192796220746e-05,
    "median": 1.4271363410385814e-05,
    "max": 1.5274539036114508e-05,
    "mse": 1.986487961757859e-10
  },
  "test_observed_forward_residual": {
    "mean": 1.3703879863426948e-05,
    "median": 1.3626204082850343e-05,
    "max": 1.4566166460425285e-05,
    "mse": 1.8811326708926123e-10
  },
  "train_clean_forward_residual": {
    "mean": 1.2066360320279797e-06,
    "median": 1.2633776604115078e-06,
    "max": 2.0793634477022513e-06,
    "mse": 1.7128466772350037e-12
  },
  "test_clean_forward_residual": {
    "mean": 1.2205544195358662e-06,
    "median": 1.1245850161733013e-06,
    "max": 2.1239743127059087e-06,
    "mse": 1.632787675073174e-12
  },
  "train_observation_noise_floor": {
    "mean": 1.4134642406194176e-05,
    "median": 1.4339923449343907e-05,
    "max": 1.5312378993319748e-05,
    "mse": 2.002598852916292e-10
  },
  "test_observation_noise_floor": {
    "mean": 1.3765334995120202e-05,
    "median": 1.3693375603748957e-05,
    "max": 1.4597991709935976e-05,
    "mse": 1.8979072195728898e-10
  }
}
