{
    "train_mae": 0.0025567076295353636,
    "train_rmse": 0.0036659406765525877,
    "test_mae": 0.002428071583650478,
    "test_rmse": 0.0038581825809860504,
    "per_parameter_mae_train": {
        "s": 0.005022679812412223,
        "t0": 0.0003588446670927498,
        "x0": 0.002288598409101117
    },
    "per_parameter_mae_test": {
        "s": 0.004750239503774527,
        "t0": 0.0005183394469081758,
        "x0": 0.002015635800268732
    },
    "per_parameter_rmse_train": {
        "s": 0.0057221936878569645,
        "t0": 0.0004587116019055168,
        "x0": 0.0027135670614406643
    },
    "per_parameter_rmse_test": {
        "s": 0.006245024875015426,
        "t0": 0.0005789410494017733,
        "x0": 0.0023067748170180554
    },
    "train_data_loss": 0.8164606094360352,
    "train_physics_loss": 0.003208196721971035,
    "train_total_loss": 0.8164606094360352,
    "train_actual_physics_residual": 2.364869966520189e-10,
    "test_data_loss": 0.9494687914848328,
    "test_physics_loss": 0.0038212432991713285,
    "test_total_loss": 0.9494687914848328,
    "test_actual_physics_residual": 3.2109151448800333e-10,
    "training_time_seconds": 3.7031578890000674,
    "evaluation_time_seconds": 0.06226414400043723,
    "parameter_names": [
        "s",
        "t0",
        "x0"
    ],
    "timestamp": "2026-05-26T05:33:41.848131"
}