{
    "train_mae": 0.002943009780993303,
    "train_rmse": 0.004158809523821623,
    "test_mae": 0.0027801584134001267,
    "test_rmse": 0.0042184200324288015,
    "per_parameter_mae_train": {
        "s": 0.005339098972887886,
        "t0": 0.0005007258333182019,
        "x0": 0.00298920453677382
    },
    "per_parameter_mae_test": {
        "s": 0.005193561777074529,
        "t0": 0.00027550822373412914,
        "x0": 0.002871405239391722
    },
    "per_parameter_rmse_train": {
        "s": 0.006304387820990377,
        "t0": 0.0005844307489277369,
        "x0": 0.003435145538189648
    },
    "per_parameter_rmse_test": {
        "s": 0.00660343507256289,
        "t0": 0.00030146246324867543,
        "x0": 0.0031127107696810215
    },
    "train_data_loss": 1.069836974143982,
    "train_physics_loss": 0.0038942552637308836,
    "train_total_loss": 1.069836974143982,
    "train_actual_physics_residual": 2.0537377354301611e-10,
    "test_data_loss": 0.7898418307304382,
    "test_physics_loss": 0.00427241949364543,
    "test_total_loss": 0.7898418307304382,
    "test_actual_physics_residual": 2.212605099138898e-10,
    "training_time_seconds": 1.3065664939999806,
    "evaluation_time_seconds": 0.07815247399958025,
    "parameter_names": [
        "s",
        "t0",
        "x0"
    ],
    "timestamp": "2026-05-26T19:06:38.892382"
}