{
  "observation_mode": "event_traces",
  "time_axis_size": 128,
  "records": [
    {
      "fraction": 0.25,
      "kept_steps": 32,
      "active_test_mae": 0.0030130441317098495,
      "test_mae": 0.003013044131709849
    },
    {
      "fraction": 0.5,
      "kept_steps": 64,
      "active_test_mae": 0.0030080287447249512,
      "test_mae": 0.003008028744724951
    },
    {
      "fraction": 0.75,
      "kept_steps": 96,
      "active_test_mae": 0.0030080287447249512,
      "test_mae": 0.003008028744724951
    },
    {
      "fraction": 1.0,
      "kept_steps": 128,
      "active_test_mae": 0.0030080287447249512,
      "test_mae": 0.003008028744724951
    }
  ]
}