{
  "train": {
    "event_abs_mean": 0.015625,
    "event_active_fraction_gt_1e_6": 0.015625,
    "spike_mean": 0.03386921063065529,
    "spike_active_fraction_gt_0p5": 0.003098192624747753,
    "spike_count_per_sample_mean": 7.93137264251709,
    "first_spike_flat_index_mean": 832.8529663085938,
    "mem_abs_mean": 1.693008542060852
  },
  "test": {
    "event_abs_mean": 0.015625,
    "event_active_fraction_gt_1e_6": 0.015625,
    "spike_mean": 0.03386399894952774,
    "spike_active_fraction_gt_0p5": 0.003034855704754591,
    "spike_count_per_sample_mean": 7.769230842590332,
    "first_spike_flat_index_mean": 856.5000610351562,
    "mem_abs_mean": 1.693073034286499
  }
}