{
  "train": {
    "event_abs_mean": 0.015625,
    "event_active_fraction_gt_1e_6": 0.015625,
    "spike_mean": 0.10300859808921814,
    "spike_active_fraction_gt_0p5": 0.005765625275671482,
    "spike_count_per_sample_mean": 14.75999927520752,
    "first_spike_flat_index_mean": 158.55999755859375,
    "mem_abs_mean": 1.5194485187530518
  },
  "test": {
    "event_abs_mean": 0.015625,
    "event_active_fraction_gt_1e_6": 0.015625,
    "spike_mean": 0.10300693660974503,
    "spike_active_fraction_gt_0p5": 0.005747768096625805,
    "spike_count_per_sample_mean": 14.714286804199219,
    "first_spike_flat_index_mean": 163.2857208251953,
    "mem_abs_mean": 1.5195478200912476
  }
}