{
  "train_observed_forward_residual": {
    "mean": 1.4050381406151294e-05,
    "median": 1.4115937858745976e-05,
    "max": 1.5680924169972177e-05,
    "mse": 1.979103515416477e-10
  },
  "test_observed_forward_residual": {
    "mean": 1.4174316803820108e-05,
    "median": 1.4397410903403631e-05,
    "max": 1.54286460629604e-05,
    "mse": 2.0174683541755267e-10
  },
  "train_clean_forward_residual": {
    "mean": 1.1424649068475605e-06,
    "median": 1.009790430733459e-06,
    "max": 2.420943000261327e-06,
    "mse": 1.6275636068250586e-12
  },
  "test_clean_forward_residual": {
    "mean": 1.556605074048133e-06,
    "median": 1.6763941193806256e-06,
    "max": 2.206948041342809e-06,
    "mse": 2.5513323563131017e-12
  },
  "train_observation_noise_floor": {
    "mean": 1.4108564902479159e-05,
    "median": 1.4169152917293253e-05,
    "max": 1.5721282214395744e-05,
    "mse": 1.9954105670175514e-10
  },
  "test_observation_noise_floor": {
    "mean": 1.4262986068045213e-05,
    "median": 1.4494687025683646e-05,
    "max": 1.5470605833418225e-05,
    "mse": 2.042845010692848e-10
  }
}
