{
    "train_mae": 0.0011403632718768669,
    "train_rmse": 0.00185729788567591,
    "test_mae": 0.0014340069315989825,
    "test_rmse": 0.0026466950223406806,
    "per_parameter_mae_train": {
        "s": 0.002444325176331371,
        "t0": 0.0005123314690558345,
        "x0": 0.000464433170243395
    },
    "per_parameter_mae_test": {
        "s": 0.0032666841456721308,
        "t0": 0.0004448992009316999,
        "x0": 0.0005904374481931165
    },
    "per_parameter_rmse_train": {
        "s": 0.003114887900595882,
        "t0": 0.0005808700045654891,
        "x0": 0.0005556345138002915
    },
    "per_parameter_rmse_test": {
        "s": 0.0044974420374766875,
        "t0": 0.0005492368813625688,
        "x0": 0.0006973790873961356
    },
    "train_data_loss": 0.3686593174934387,
    "train_physics_loss": 0.0009506549686193466,
    "train_total_loss": 0.3686593174934387,
    "train_actual_physics_residual": 2.6961671784064833e-10,
    "test_data_loss": 0.4232068359851837,
    "test_physics_loss": 0.001981837209314108,
    "test_total_loss": 0.4232068359851837,
    "test_actual_physics_residual": 3.0572303022502467e-10,
    "training_time_seconds": 39.10358709399952,
    "evaluation_time_seconds": 0.1827266990003409,
    "parameter_names": [
        "s",
        "t0",
        "x0"
    ],
    "timestamp": "2026-05-24T03:55:29.029945"
}