{
  "observation_mode": "event_traces",
  "time_axis_size": 128,
  "records": [
    {
      "fraction": 0.25,
      "kept_steps": 32,
      "active_test_mae": 0.0012405646099536527,
      "test_mae": 0.000827043073302435
    },
    {
      "fraction": 0.5,
      "kept_steps": 64,
      "active_test_mae": 0.0012478379527006073,
      "test_mae": 0.0008318919684670715
    },
    {
      "fraction": 0.75,
      "kept_steps": 96,
      "active_test_mae": 0.0012613580341564981,
      "test_mae": 0.0008409053561043322
    },
    {
      "fraction": 1.0,
      "kept_steps": 128,
      "active_test_mae": 0.0012613580341564981,
      "test_mae": 0.0008409053561043322
    }
  ]
}