{
  "train_observed_forward_residual": {
    "mean": 0.0014092327500616795,
    "median": 0.0014083930681507092,
    "max": 0.0015413489803566517,
    "mse": 1.9896235168554018e-06
  },
  "test_observed_forward_residual": {
    "mean": 0.0014429265860267137,
    "median": 0.001431222441308662,
    "max": 0.0016046658258597993,
    "mse": 2.0881039988818717e-06
  },
  "train_clean_forward_residual": {
    "mean": 0.00011931902954704233,
    "median": 0.00011089969098673868,
    "max": 0.00023374654719093626,
    "mse": 1.673311429941706e-08
  },
  "test_clean_forward_residual": {
    "mean": 0.00020358550015385423,
    "median": 0.0001983574200736963,
    "max": 0.0003838805311311292,
    "mse": 5.157079600823873e-08
  },
  "train_observation_noise_floor": {
    "mean": 0.0014152128968945,
    "median": 0.0014106759711393448,
    "max": 0.001545987211966748,
    "mse": 2.0063566377951176e-06
  },
  "test_observation_noise_floor": {
    "mean": 0.001460135792988409,
    "median": 0.0014542143921410608,
    "max": 0.0016499438430055671,
    "mse": 2.139673423864192e-06
  }
}
