{
    "train_mae": 0.0003117482345279747,
    "train_rmse": 0.000615668688513342,
    "test_mae": 0.0008044093969230314,
    "test_rmse": 0.001696842657498948,
    "per_parameter_mae_train": {
        "D": 1.4901161138336505e-09,
        "k_f": 0.0006234949789398356
    },
    "per_parameter_mae_test": {
        "D": 1.4901161138336505e-09,
        "k_f": 0.001608817303729949
    },
    "per_parameter_rmse_train": {
        "D": 1.4901161138336503e-09,
        "k_f": 0.0008706870092227497
    },
    "per_parameter_rmse_test": {
        "D": 1.4901161138336505e-09,
        "k_f": 0.0023996978994477542
    },
    "train_data_loss": 9.355075235362165e-06,
    "train_physics_loss": 0.009144576266407967,
    "train_total_loss": 0.009153931401669979,
    "train_actual_physics_residual": 0.009144610725343227,
    "test_data_loss": 7.106188422767445e-05,
    "test_physics_loss": 0.009142570197582245,
    "test_total_loss": 0.009213631972670555,
    "test_actual_physics_residual": 0.009138504043221474,
    "training_time_seconds": 13.35666208299972,
    "evaluation_time_seconds": 0.3837074049997682,
    "parameter_names": [
        "D",
        "k_f"
    ],
    "timestamp": "2026-05-12T10:52:04.508998"
}