{
    "train_mae": 0.0027475863556195713,
    "train_rmse": 0.004003069585723058,
    "test_mae": 0.002782571847411868,
    "test_rmse": 0.003968580936383484,
    "per_parameter_mae_train": {
        "s": 0.0054152529908772454,
        "t0": 0.0005181828923227676,
        "x0": 0.002309323183658701
    },
    "per_parameter_mae_test": {
        "s": 0.005471872614281657,
        "t0": 0.0007374415872962831,
        "x0": 0.002138401340657664
    },
    "per_parameter_rmse_train": {
        "s": 0.006337013465300504,
        "t0": 0.0005922070112181455,
        "x0": 0.0027504998674581136
    },
    "per_parameter_rmse_test": {
        "s": 0.006375009269064926,
        "t0": 0.000757299966986121,
        "x0": 0.002456553993955424
    },
    "train_data_loss": 1.0059044361114502,
    "train_physics_loss": 0.00393464881926775,
    "train_total_loss": 1.0059044361114502,
    "train_actual_physics_residual": 2.6906588068698056e-10,
    "test_data_loss": 1.1533501148223877,
    "test_physics_loss": 0.003981981426477432,
    "test_total_loss": 1.1533501148223877,
    "test_actual_physics_residual": 2.949215871517197e-10,
    "training_time_seconds": 0.8076619530002063,
    "evaluation_time_seconds": 0.023443703998054843,
    "parameter_names": [
        "s",
        "t0",
        "x0"
    ],
    "timestamp": "2026-05-26T09:12:45.121307"
}