{
    "train_mae": 0.0029175935173266733,
    "train_rmse": 0.004233072042861575,
    "test_mae": 0.0030126482957355716,
    "test_rmse": 0.004467638078454233,
    "per_parameter_mae_train": {
        "s": 0.005785101274592142,
        "t0": 0.0005691768547444703,
        "x0": 0.0023985024226434067
    },
    "per_parameter_mae_test": {
        "s": 0.006597032595108312,
        "t0": 0.00043835477088565475,
        "x0": 0.002002557521212749
    },
    "per_parameter_rmse_train": {
        "s": 0.0067464153141059335,
        "t0": 0.0006312497966876536,
        "x0": 0.002800732201397971
    },
    "per_parameter_rmse_test": {
        "s": 0.007348806008612994,
        "t0": 0.0005155059784108406,
        "x0": 0.0023682638860901763
    },
    "train_data_loss": 1.0034055709838867,
    "train_physics_loss": 0.004459467716515064,
    "train_total_loss": 1.0034055709838867,
    "train_actual_physics_residual": 2.6961671784064833e-10,
    "test_data_loss": 0.8585561513900757,
    "test_physics_loss": 0.005291396751999855,
    "test_total_loss": 0.8585561513900757,
    "test_actual_physics_residual": 3.0572303022502467e-10,
    "training_time_seconds": 21.19431997100037,
    "evaluation_time_seconds": 0.25479615200038097,
    "parameter_names": [
        "s",
        "t0",
        "x0"
    ],
    "timestamp": "2026-05-24T14:53:28.027941"
}