{
    "train_mae": 0.0002789101772130178,
    "train_rmse": 0.000598590646678613,
    "test_mae": 0.0002185058743831879,
    "test_rmse": 0.0005605445971593996,
    "per_parameter_mae_train": {
        "D": 1.4901161138336505e-09,
        "k_f": 0.0005578188643099218
    },
    "per_parameter_mae_test": {
        "D": 1.4901161138336505e-09,
        "k_f": 0.00043701025865026195
    },
    "per_parameter_rmse_train": {
        "D": 1.4901161138336503e-09,
        "k_f": 0.0008465350108412643
    },
    "per_parameter_rmse_test": {
        "D": 1.4901161138336505e-09,
        "k_f": 0.0007927297716163855
    },
    "train_data_loss": 8.843404430081137e-06,
    "train_physics_loss": 0.009145069867372513,
    "train_total_loss": 0.009153913706541061,
    "train_actual_physics_residual": 0.009144610725343227,
    "test_data_loss": 7.754830221529119e-06,
    "test_physics_loss": 0.009138628840446472,
    "test_total_loss": 0.009146383963525295,
    "test_actual_physics_residual": 0.009138504043221474,
    "training_time_seconds": 31.56695555799979,
    "evaluation_time_seconds": 0.28658838699993794,
    "parameter_names": [
        "D",
        "k_f"
    ],
    "timestamp": "2026-05-12T11:07:02.844379"
}