{
    "train_mae": 0.0005014097438825221,
    "train_rmse": 0.0007835528105489582,
    "test_mae": 0.00044659783142225756,
    "test_rmse": 0.0006952079070178275,
    "per_parameter_mae_train": {
        "s": 0.0,
        "t0": 0.0005459426220061646,
        "x0": 0.0009582866096414015
    },
    "per_parameter_mae_test": {
        "s": 0.0,
        "t0": 0.0004324741134910259,
        "x0": 0.0009073193807757468
    },
    "per_parameter_rmse_train": {
        "s": 0.0,
        "t0": 0.0006121248017283655,
        "x0": 0.001211267207459413
    },
    "per_parameter_rmse_test": {
        "s": 0.0,
        "t0": 0.0005091205403360432,
        "x0": 0.0010912095936841191
    },
    "train_data_loss": 0.5674784779548645,
    "train_physics_loss": 1.0023444574347451e-10,
    "train_total_loss": 0.5674784779548645,
    "train_actual_physics_residual": 1.0023444574347451e-10,
    "test_data_loss": 0.40379324555397034,
    "test_physics_loss": 9.956321878057395e-11,
    "test_total_loss": 0.40379324555397034,
    "test_actual_physics_residual": 9.955990198928788e-11,
    "training_time_seconds": 22.953020183000262,
    "evaluation_time_seconds": 0.33069783299833944,
    "parameter_names": [
        "s",
        "t0",
        "x0"
    ],
    "timestamp": "2026-05-24T20:26:12.156814"
}