{
  "train": {
    "event_abs_mean": 0.015625,
    "event_active_fraction_gt_1e_6": 0.015625,
    "spike_mean": 0.05990658327937126,
    "spike_active_fraction_gt_0p5": 0.002125459723174572,
    "spike_count_per_sample_mean": 5.441176891326904,
    "first_spike_flat_index_mean": 422.5,
    "mem_abs_mean": 1.0516247749328613
  },
  "test": {
    "event_abs_mean": 0.015625,
    "event_active_fraction_gt_1e_6": 0.015625,
    "spike_mean": 0.05991619452834129,
    "spike_active_fraction_gt_0p5": 0.0021634616423398256,
    "spike_count_per_sample_mean": 5.538461685180664,
    "first_spike_flat_index_mean": 390.0769348144531,
    "mem_abs_mean": 1.0515906810760498
  }
}