{
    "train_mae": 0.002601217600829405,
    "train_rmse": 0.003769854364190825,
    "test_mae": 0.0028863086145068037,
    "test_rmse": 0.00441936301376458,
    "per_parameter_mae_train": {
        "s": 0.005392951769442452,
        "t0": 0.00046155130142129286,
        "x0": 0.0019491497316244711
    },
    "per_parameter_mae_test": {
        "s": 0.006232500537831975,
        "t0": 0.00029508648689769573,
        "x0": 0.00213133881879074
    },
    "per_parameter_rmse_train": {
        "s": 0.0060236530537841095,
        "t0": 0.0005326754270932713,
        "x0": 0.0024631822016720983
    },
    "per_parameter_rmse_test": {
        "s": 0.007205286447335691,
        "t0": 0.0003121455586208815,
        "x0": 0.0025649016948734926
    },
    "train_data_loss": 0.7936745882034302,
    "train_physics_loss": 0.0035551502369344234,
    "train_total_loss": 0.7936745882034302,
    "train_actual_physics_residual": 2.0537377354301611e-10,
    "test_data_loss": 0.7658958435058594,
    "test_physics_loss": 0.005086710676550865,
    "test_total_loss": 0.7658958435058594,
    "test_actual_physics_residual": 2.212605099138898e-10,
    "training_time_seconds": 1.5762753140002133,
    "evaluation_time_seconds": 0.027963165000073786,
    "parameter_names": [
        "s",
        "t0",
        "x0"
    ],
    "timestamp": "2026-05-26T13:56:20.480137"
}