{
  "train_observed_forward_residual": {
    "mean": 0.001404971353858121,
    "median": 0.0014113112850032202,
    "max": 0.0015681221141214108,
    "mse": 1.978924068547816e-06
  },
  "test_observed_forward_residual": {
    "mean": 0.0014175063345050636,
    "median": 0.0014397238121158348,
    "max": 0.0015429133201701377,
    "mse": 2.0176739207478878e-06
  },
  "train_clean_forward_residual": {
    "mean": 0.00011561225913382563,
    "median": 0.00010519435515026366,
    "max": 0.00024320608812533308,
    "mse": 1.669667513248246e-08
  },
  "test_clean_forward_residual": {
    "mean": 0.00015277444517309627,
    "median": 0.00016440525808134878,
    "max": 0.00021444003750522932,
    "mse": 2.4567068110459223e-08
  },
  "train_observation_noise_floor": {
    "mean": 0.001410856490247535,
    "median": 0.0014169152917322017,
    "max": 0.0015721282214450946,
    "mse": 1.995410567016613e-06
  },
  "test_observation_noise_floor": {
    "mean": 0.0014262986068045997,
    "median": 0.0014494687025661745,
    "max": 0.0015470605833430198,
    "mse": 2.0428450106932822e-06
  }
}
