{
    "train_mae": 0.0017362716036510295,
    "train_rmse": 0.0025655364862439806,
    "test_mae": 0.0028783974229791495,
    "test_rmse": 0.004254584072573743,
    "per_parameter_mae_train": {
        "s": 0.003391228611325662,
        "t0": 0.00022622710180961644,
        "x0": 0.00159135909781781
    },
    "per_parameter_mae_test": {
        "s": 0.0054288511123253835,
        "t0": 0.00037569059308551617,
        "x0": 0.002830650563526549
    },
    "per_parameter_rmse_train": {
        "s": 0.004021075038905221,
        "t0": 0.0003052096961799283,
        "x0": 0.0018664766164081623
    },
    "per_parameter_rmse_test": {
        "s": 0.006789937735412872,
        "t0": 0.00038015088544754476,
        "x0": 0.0028384305073938815
    },
    "train_data_loss": 0.34710317850112915,
    "train_physics_loss": 0.0015842483844608068,
    "train_total_loss": 0.34710317850112915,
    "train_actual_physics_residual": 2.0537377354301611e-10,
    "test_data_loss": 0.8098251223564148,
    "test_physics_loss": 0.004517160821706057,
    "test_total_loss": 0.8098251223564148,
    "test_actual_physics_residual": 2.212605099138898e-10,
    "training_time_seconds": 0.8579352680026204,
    "evaluation_time_seconds": 0.023168676998466253,
    "parameter_names": [
        "s",
        "t0",
        "x0"
    ],
    "timestamp": "2026-05-26T09:20:16.448559"
}