{
  "train": {
    "event_abs_mean": 0.015625,
    "event_active_fraction_gt_1e_6": 0.015625,
    "spike_mean": 0.04698442667722702,
    "spike_active_fraction_gt_0p5": 0.003102022223174572,
    "spike_count_per_sample_mean": 7.941176891326904,
    "first_spike_flat_index_mean": 182.2353057861328,
    "mem_abs_mean": 0.9248842597007751
  },
  "test": {
    "event_abs_mean": 0.015625,
    "event_active_fraction_gt_1e_6": 0.015625,
    "spike_mean": 0.046982455998659134,
    "spike_active_fraction_gt_0p5": 0.002854567253962159,
    "spike_count_per_sample_mean": 7.307692527770996,
    "first_spike_flat_index_mean": 292.0,
    "mem_abs_mean": 0.9248130917549133
  }
}