{
  "observation_mode": "event_traces",
  "time_axis_size": 128,
  "records": [
    {
      "fraction": 0.25,
      "kept_steps": 32,
      "active_test_mae": 0.00360414299405989,
      "test_mae": 0.003604142994059889
    },
    {
      "fraction": 0.5,
      "kept_steps": 64,
      "active_test_mae": 0.0029209312449963295,
      "test_mae": 0.00292093124499633
    },
    {
      "fraction": 0.75,
      "kept_steps": 96,
      "active_test_mae": 0.0028177207275134554,
      "test_mae": 0.0028177207275134554
    },
    {
      "fraction": 1.0,
      "kept_steps": 128,
      "active_test_mae": 0.002724548270259222,
      "test_mae": 0.002724548270259222
    }
  ]
}