{
    "train_mae": 5.7957397842992954e-06,
    "train_rmse": 1.0871376096626935e-05,
    "test_mae": 8.666160320469629e-06,
    "test_rmse": 1.5065298248723121e-05,
    "per_parameter_mae_train": {
        "alpha": 2.4359158249787072e-06,
        "beta": 0.0,
        "gamma": 1.495130352791918e-05
    },
    "per_parameter_mae_test": {
        "alpha": 2.0088102840519284e-06,
        "beta": 0.0,
        "gamma": 2.398967067735696e-05
    },
    "per_parameter_rmse_train": {
        "alpha": 2.9419236075848465e-06,
        "beta": 0.0,
        "gamma": 1.8598535968996846e-05
    },
    "per_parameter_rmse_test": {
        "alpha": 2.4428041764705256e-06,
        "beta": 0.0,
        "gamma": 2.597926753633285e-05
    },
    "train_data_loss": 1.181868182343115e-10,
    "train_physics_loss": 1.9770869856354565e-08,
    "train_total_loss": 1.9889056674588876e-08,
    "train_actual_physics_residual": 1.9770869856354565e-08,
    "test_data_loss": 2.2696321132297994e-10,
    "test_physics_loss": 2.0177751949375783e-08,
    "test_total_loss": 2.040471516069876e-08,
    "test_actual_physics_residual": 2.0177751949375783e-08,
    "training_time_seconds": 0.4726768020000236,
    "evaluation_time_seconds": 6.445000508392695e-06,
    "parameter_names": [
        "alpha",
        "beta",
        "gamma"
    ],
    "timestamp": "2026-07-01T15:29:00.339637"
}