{
    "train_mae": 0.002741875063935921,
    "train_rmse": 0.0039057903775250448,
    "test_mae": 0.0025474512077991625,
    "test_rmse": 0.004166076713581171,
    "per_parameter_mae_train": {
        "s": 0.005218817240695914,
        "t0": 0.0004256525018159146,
        "x0": 0.0025811554492959354
    },
    "per_parameter_mae_test": {
        "s": 0.005586441580277736,
        "t0": 0.000548777197383923,
        "x0": 0.0015071348457358278
    },
    "per_parameter_rmse_train": {
        "s": 0.006063761400908414,
        "t0": 0.0005140031203902318,
        "x0": 0.002955028575933576
    },
    "per_parameter_rmse_test": {
        "s": 0.00696023818062846,
        "t0": 0.0005700514607428394,
        "x0": 0.001816235488959694
    },
    "train_data_loss": 0.9678652286529541,
    "train_physics_loss": 0.0036026376765221357,
    "train_total_loss": 0.9678652286529541,
    "train_actual_physics_residual": 2.364869966520189e-10,
    "test_data_loss": 0.9467294812202454,
    "test_physics_loss": 0.004746625199913979,
    "test_total_loss": 0.9467294812202454,
    "test_actual_physics_residual": 3.2109151448800333e-10,
    "training_time_seconds": 0.5514046059979592,
    "evaluation_time_seconds": 0.04780433800260653,
    "parameter_names": [
        "s",
        "t0",
        "x0"
    ],
    "timestamp": "2026-05-26T09:20:32.052184"
}