{
    "train_mae": 0.002914836339016468,
    "train_rmse": 0.004228698111061218,
    "test_mae": 0.003015180537935885,
    "test_rmse": 0.004469762613968311,
    "per_parameter_mae_train": {
        "s": 0.00577888194379176,
        "t0": 0.000567898139814633,
        "x0": 0.002397728933443012
    },
    "per_parameter_mae_test": {
        "s": 0.006602960964777125,
        "t0": 0.00043973656702559193,
        "x0": 0.0020028440820049386
    },
    "per_parameter_rmse_train": {
        "s": 0.006737881759098711,
        "t0": 0.0006302240429484284,
        "x0": 0.0028016834581324006
    },
    "per_parameter_rmse_test": {
        "s": 0.007353524847109479,
        "t0": 0.0005157502125871951,
        "x0": 0.0023655881968014337
    },
    "train_data_loss": 1.001699447631836,
    "train_physics_loss": 0.004448193125426769,
    "train_total_loss": 1.001699447631836,
    "train_actual_physics_residual": 2.6961671784064833e-10,
    "test_data_loss": 0.8587351441383362,
    "test_physics_loss": 0.005298194475471973,
    "test_total_loss": 0.8587351441383362,
    "test_actual_physics_residual": 3.0572303022502467e-10,
    "training_time_seconds": 14.964658370999928,
    "evaluation_time_seconds": 0.19023196000000553,
    "parameter_names": [
        "s",
        "t0",
        "x0"
    ],
    "timestamp": "2026-05-26T03:33:13.602578"
}