{
    "train_mae": 0.0027450960719601616,
    "train_rmse": 0.0037851740967445703,
    "test_mae": 0.0027721807042259705,
    "test_rmse": 0.003945406223447912,
    "per_parameter_mae_train": {
        "s": 0.005329363547574573,
        "t0": 0.00048917743339297,
        "x0": 0.0024167472349129423
    },
    "per_parameter_mae_test": {
        "s": 0.0056791608180596365,
        "t0": 0.00023437915619396038,
        "x0": 0.002403002138424315
    },
    "per_parameter_rmse_train": {
        "s": 0.005954219190460084,
        "t0": 0.0005724383327008725,
        "x0": 0.002683694657596078
    },
    "per_parameter_rmse_test": {
        "s": 0.0063840125056808935,
        "t0": 0.0002648917371716093,
        "x0": 0.0024234082402584817
    },
    "train_data_loss": 0.8667113184928894,
    "train_physics_loss": 0.0034736646339297295,
    "train_total_loss": 0.8667113184928894,
    "train_actual_physics_residual": 2.0537377354301611e-10,
    "test_data_loss": 0.6185368299484253,
    "test_physics_loss": 0.003993206191807985,
    "test_total_loss": 0.6185368299484253,
    "test_actual_physics_residual": 2.212605099138898e-10,
    "training_time_seconds": 0.5589146019992768,
    "evaluation_time_seconds": 0.05371914999705041,
    "parameter_names": [
        "s",
        "t0",
        "x0"
    ],
    "timestamp": "2026-05-26T09:29:13.361486"
}