{
    "train_mae": 0.002960788517595957,
    "train_rmse": 0.00403625322941604,
    "test_mae": 0.0028882539202271635,
    "test_rmse": 0.004139771358923773,
    "per_parameter_mae_train": {
        "s": 0.005494498215924792,
        "t0": 0.000496215127648481,
        "x0": 0.0028916522092145985
    },
    "per_parameter_mae_test": {
        "s": 0.005587399467427923,
        "t0": 0.00019987738009475536,
        "x0": 0.002877484913158812
    },
    "per_parameter_rmse_train": {
        "s": 0.006197903409464205,
        "t0": 0.0005841241817304167,
        "x0": 0.003181008120578127
    },
    "per_parameter_rmse_test": {
        "s": 0.006544819721124972,
        "t0": 0.00023382893898979455,
        "x0": 0.002919551259656404
    },
    "train_data_loss": 1.002224087715149,
    "train_physics_loss": 0.003763812128454447,
    "train_total_loss": 1.002224087715149,
    "train_actual_physics_residual": 2.0537377354301611e-10,
    "test_data_loss": 0.7093310356140137,
    "test_physics_loss": 0.004196908324956894,
    "test_total_loss": 0.7093310356140137,
    "test_actual_physics_residual": 2.212605099138898e-10,
    "training_time_seconds": 0.09261424999931478,
    "evaluation_time_seconds": 0.019432493001659168,
    "parameter_names": [
        "s",
        "t0",
        "x0"
    ],
    "timestamp": "2026-05-26T09:13:01.319919"
}