{
    "train_mae": 8.39731615883861e-05,
    "train_rmse": 0.0002053749864143763,
    "test_mae": 0.00035910871404507786,
    "test_rmse": 0.0008478500584493231,
    "per_parameter_mae_train": {
        "a": 7.554678775716303e-05,
        "d": 0.0003389844369185406,
        "epsilon": 9.499490256914545e-11,
        "k": 0.0,
        "mu1": 8.929572893074418e-05,
        "mu2": 1.1920928966180355e-08
    },
    "per_parameter_mae_test": {
        "a": 0.00028475241037698303,
        "d": 0.0014600098988161337,
        "epsilon": 9.499490256914545e-11,
        "k": 0.0,
        "mu1": 0.0004098779591534818,
        "mu2": 1.1920928966180355e-08
    },
    "per_parameter_rmse_train": {
        "a": 9.395107366437356e-05,
        "d": 0.0004789060114382153,
        "epsilon": 9.499490256914543e-11,
        "k": 0.0,
        "mu1": 0.00012204727810060104,
        "mu2": 1.1920928966180355e-08
    },
    "per_parameter_rmse_test": {
        "a": 0.0003836103120933569,
        "d": 0.0019650371406171934,
        "epsilon": 9.499490256914545e-11,
        "k": 0.0,
        "mu1": 0.0005518790573881631,
        "mu2": 1.1920928966180354e-08
    },
    "train_data_loss": 0.009346356615424156,
    "train_physics_loss": 0.0,
    "train_total_loss": 0.009346356615424156,
    "train_actual_physics_residual": 0.0,
    "test_data_loss": 0.1683070808649063,
    "test_physics_loss": 0.0,
    "test_total_loss": 0.1683070808649063,
    "test_actual_physics_residual": 0.0,
    "training_time_seconds": 107.6030889810063,
    "evaluation_time_seconds": 0.42846408799960045,
    "parameter_names": [
        "a",
        "d",
        "epsilon",
        "k",
        "mu1",
        "mu2"
    ],
    "timestamp": "2026-06-18T02:41:34.889003"
}