{
    "train_mae": 0.002155180651814034,
    "train_rmse": 0.004928609932854038,
    "test_mae": 0.0021747775622990803,
    "test_rmse": 0.0050918690331148014,
    "per_parameter_mae_train": {
        "a": 0.0009011264789637068,
        "d": 0.010486547118407482,
        "epsilon": 9.499490256914545e-11,
        "k": 0.0,
        "mu1": 0.0015433982975891474,
        "mu2": 1.1920928966180355e-08
    },
    "per_parameter_mae_test": {
        "a": 0.001028151414444385,
        "d": 0.010246609359809358,
        "epsilon": 9.499490256914545e-11,
        "k": 0.0,
        "mu1": 0.0017738925836168697,
        "mu2": 1.1920928966180355e-08
    },
    "per_parameter_rmse_train": {
        "a": 0.0011065798767628209,
        "d": 0.011870138213990222,
        "epsilon": 9.499490256914543e-11,
        "k": 0.0,
        "mu1": 0.0019032800577779973,
        "mu2": 1.1920928966180357e-08
    },
    "per_parameter_rmse_test": {
        "a": 0.0011901972424830888,
        "d": 0.012242826700165434,
        "epsilon": 9.499490256914543e-11,
        "k": 0.0,
        "mu1": 0.0020638329428325063,
        "mu2": 1.1920928966180355e-08
    },
    "train_data_loss": 0.6620022058486938,
    "train_physics_loss": 0.0009755530627444386,
    "train_total_loss": 0.6620022058486938,
    "train_actual_physics_residual": 0.0009751527104526758,
    "test_data_loss": 0.738738477230072,
    "test_physics_loss": 0.0009752892074175179,
    "test_total_loss": 0.738738477230072,
    "test_actual_physics_residual": 0.0009747170261107385,
    "training_time_seconds": 76.37457303400151,
    "evaluation_time_seconds": 0.1832199189993844,
    "parameter_names": [
        "a",
        "d",
        "epsilon",
        "k",
        "mu1",
        "mu2"
    ],
    "timestamp": "2026-05-10T22:03:49.717865"
}