{
    "train_mae": 0.0028956273953798387,
    "train_rmse": 0.003937802397288,
    "test_mae": 0.0029644746014971268,
    "test_rmse": 0.004151230190418343,
    "per_parameter_mae_train": {
        "s": 0.005470060311566882,
        "t0": 0.000488516194364993,
        "x0": 0.0027283056802076405
    },
    "per_parameter_mae_test": {
        "s": 0.005827039941747381,
        "t0": 0.00021892478939079113,
        "x0": 0.002847459073353209
    },
    "per_parameter_rmse_train": {
        "s": 0.00609777022742361,
        "t0": 0.0005749927213329195,
        "x0": 0.0030009073268299595
    },
    "per_parameter_rmse_test": {
        "s": 0.006585056709727958,
        "t0": 0.00024968027442343266,
        "x0": 0.002876251757366306
    },
    "train_data_loss": 0.9443374276161194,
    "train_physics_loss": 0.0036431769840419292,
    "train_total_loss": 0.9443374276161194,
    "train_actual_physics_residual": 2.0537377354301611e-10,
    "test_data_loss": 0.7131013870239258,
    "test_physics_loss": 0.004248672630637884,
    "test_total_loss": 0.7131013870239258,
    "test_actual_physics_residual": 2.212605099138898e-10,
    "training_time_seconds": 0.6714317259998097,
    "evaluation_time_seconds": 0.03292176699983429,
    "parameter_names": [
        "s",
        "t0",
        "x0"
    ],
    "timestamp": "2026-05-26T13:23:10.417061"
}