{
    "train_mae": 0.0029183945534989,
    "train_rmse": 0.004240232231617017,
    "test_mae": 0.003012278250232591,
    "test_rmse": 0.004454002170817038,
    "per_parameter_mae_train": {
        "s": 0.005780579782461612,
        "t0": 0.000572979937869753,
        "x0": 0.0024016239401653343
    },
    "per_parameter_mae_test": {
        "s": 0.00659612018554598,
        "t0": 0.0004339491852665353,
        "x0": 0.002006765379885258
    },
    "per_parameter_rmse_train": {
        "s": 0.006757337735000594,
        "t0": 0.0006344470227492417,
        "x0": 0.0028061667528130186
    },
    "per_parameter_rmse_test": {
        "s": 0.007323540912128919,
        "t0": 0.0005119010175690462,
        "x0": 0.0023702556548850042
    },
    "train_data_loss": 1.0091955661773682,
    "train_physics_loss": 0.00447391951456666,
    "train_total_loss": 1.0091955661773682,
    "train_actual_physics_residual": 2.6961671784064833e-10,
    "test_data_loss": 0.8531196713447571,
    "test_physics_loss": 0.005255075637251139,
    "test_total_loss": 0.8531196713447571,
    "test_actual_physics_residual": 3.0572303022502467e-10,
    "training_time_seconds": 5.069410541000252,
    "evaluation_time_seconds": 0.06842901100026211,
    "parameter_names": [
        "s",
        "t0",
        "x0"
    ],
    "timestamp": "2026-05-26T01:25:46.756824"
}