{
    "train_mae": 0.000928609744610577,
    "train_rmse": 0.0015000954621752311,
    "test_mae": 0.0011876539762282433,
    "test_rmse": 0.0021309429889840082,
    "per_parameter_mae_train": {
        "s": 0.0019421147003710565,
        "t0": 0.00044018608902536327,
        "x0": 0.00040352844443531147
    },
    "per_parameter_mae_test": {
        "s": 0.00260424856819103,
        "t0": 0.00042266936339835305,
        "x0": 0.0005360439970953474
    },
    "per_parameter_rmse_train": {
        "s": 0.0024955083401335463,
        "t0": 0.000529660168376015,
        "x0": 0.0004927041884091967
    },
    "per_parameter_rmse_test": {
        "s": 0.003582356550633998,
        "t0": 0.0005654007829754709,
        "x0": 0.0006854178037085858
    },
    "train_data_loss": 0.2924489974975586,
    "train_physics_loss": 0.0006101769395172596,
    "train_total_loss": 0.2924489974975586,
    "train_actual_physics_residual": 2.6961671784064833e-10,
    "test_data_loss": 0.38351258635520935,
    "test_physics_loss": 0.0012574050342664123,
    "test_total_loss": 0.38351258635520935,
    "test_actual_physics_residual": 3.0572303022502467e-10,
    "training_time_seconds": 17.23048274499888,
    "evaluation_time_seconds": 0.1336804230013513,
    "parameter_names": [
        "s",
        "t0",
        "x0"
    ],
    "timestamp": "2026-05-24T03:00:12.927624"
}