{
    "train_mae": 0.0011148987888055678,
    "train_rmse": 0.002439480244949383,
    "test_mae": 0.0010486740389809212,
    "test_rmse": 0.002172722908457681,
    "per_parameter_mae_train": {
        "a": 0.0007937073676691917,
        "d": 0.004587599323242326,
        "epsilon": 9.499490256914545e-11,
        "k": 0.0,
        "mu1": 0.0013080740259980208,
        "mu2": 1.1920928966180355e-08
    },
    "per_parameter_mae_test": {
        "a": 0.0008055752369616947,
        "d": 0.004192487562688996,
        "epsilon": 9.499490256914545e-11,
        "k": 0.0,
        "mu1": 0.0012939694183109682,
        "mu2": 1.1920928966180355e-08
    },
    "per_parameter_rmse_train": {
        "a": 0.0009798805222168351,
        "d": 0.005669583464799266,
        "epsilon": 9.499490256914543e-11,
        "k": 0.0,
        "mu1": 0.0016130842168660972,
        "mu2": 1.1920928966180355e-08
    },
    "per_parameter_rmse_test": {
        "a": 0.0009495083238775845,
        "d": 0.005001734735318776,
        "epsilon": 9.499490256914545e-11,
        "k": 0.0,
        "mu1": 0.0015509457120968138,
        "mu2": 1.1920928966180354e-08
    },
    "train_data_loss": 0.3225175142288208,
    "train_physics_loss": 0.0,
    "train_total_loss": 0.3225175142288208,
    "train_actual_physics_residual": 0.0,
    "test_data_loss": 0.2898504137992859,
    "test_physics_loss": 0.0,
    "test_total_loss": 0.2898504137992859,
    "test_actual_physics_residual": 0.0,
    "training_time_seconds": 48.950253955001244,
    "evaluation_time_seconds": 0.19609679601853713,
    "parameter_names": [
        "a",
        "d",
        "epsilon",
        "k",
        "mu1",
        "mu2"
    ],
    "timestamp": "2026-06-15T14:36:33.250057"
}