{
  "train": {
    "event_abs_mean": 0.015625,
    "event_active_fraction_gt_1e_6": 0.015625,
    "spike_mean": 0.043701011687517166,
    "spike_active_fraction_gt_0p5": 0.003031250089406967,
    "spike_count_per_sample_mean": 7.759999752044678,
    "first_spike_flat_index_mean": 236.67999267578125,
    "mem_abs_mean": 0.9092744588851929
  },
  "test": {
    "event_abs_mean": 0.015625,
    "event_active_fraction_gt_1e_6": 0.015625,
    "spike_mean": 0.04368998855352402,
    "spike_active_fraction_gt_0p5": 0.0031250000465661287,
    "spike_count_per_sample_mean": 8.0,
    "first_spike_flat_index_mean": 253.57144165039062,
    "mem_abs_mean": 0.9091984629631042
  }
}