{
    "train_mae": 0.002744482921224676,
    "train_rmse": 0.003898932813715654,
    "test_mae": 0.0023389602029954084,
    "test_rmse": 0.004008555925122532,
    "per_parameter_mae_train": {
        "s": 0.0053774657316016765,
        "t0": 0.0003723702705464854,
        "x0": 0.0024836127615258663
    },
    "per_parameter_mae_test": {
        "s": 0.005170707383387255,
        "t0": 0.0005634292963121021,
        "x0": 0.0012827439292868686
    },
    "per_parameter_rmse_train": {
        "s": 0.006114415912853052,
        "t0": 0.00045549337892480143,
        "x0": 0.0028304549252745675
    },
    "per_parameter_rmse_test": {
        "s": 0.006700612735354468,
        "t0": 0.0006175972586856859,
        "x0": 0.00171053337043576
    },
    "train_data_loss": 0.8777325749397278,
    "train_physics_loss": 0.003663077484816313,
    "train_total_loss": 0.8777325749397278,
    "train_actual_physics_residual": 2.364869966520189e-10,
    "test_data_loss": 0.9705669283866882,
    "test_physics_loss": 0.004399120341986418,
    "test_total_loss": 0.9705669283866882,
    "test_actual_physics_residual": 3.2109151448800333e-10,
    "training_time_seconds": 11.668596059000265,
    "evaluation_time_seconds": 0.23566845400091552,
    "parameter_names": [
        "s",
        "t0",
        "x0"
    ],
    "timestamp": "2026-05-26T22:20:17.794030"
}