{
    "train_mae": 0.00019195936711105202,
    "train_rmse": 0.0004439944558832363,
    "test_mae": 0.00044235025908638927,
    "test_rmse": 0.0010014037146252354,
    "per_parameter_mae_train": {
        "a": 0.0001378245768669679,
        "d": 0.0007847530422050159,
        "epsilon": 9.499490256914545e-11,
        "k": 0.0,
        "mu1": 0.00022916656767045968,
        "mu2": 1.1920928966180355e-08
    },
    "per_parameter_mae_test": {
        "a": 0.00031710643387712194,
        "d": 0.0017952748808811954,
        "epsilon": 9.499490256914545e-11,
        "k": 0.0,
        "mu1": 0.0005417082238361492,
        "mu2": 1.1920928966180355e-08
    },
    "per_parameter_rmse_train": {
        "a": 0.00018563793586644678,
        "d": 0.0010276689969452794,
        "epsilon": 9.499490256914543e-11,
        "k": 0.0,
        "mu1": 0.00030367984864478135,
        "mu2": 1.1920928966180357e-08
    },
    "per_parameter_rmse_test": {
        "a": 0.0004281711890157717,
        "d": 0.0023037828157799903,
        "epsilon": 9.499490256914543e-11,
        "k": 0.0,
        "mu1": 0.0007253347974989483,
        "mu2": 1.1920928966180355e-08
    },
    "train_data_loss": 0.04489490017294884,
    "train_physics_loss": 0.0,
    "train_total_loss": 0.04489490017294884,
    "train_actual_physics_residual": 0.0,
    "test_data_loss": 0.24383549392223358,
    "test_physics_loss": 0.0,
    "test_total_loss": 0.24383549392223358,
    "test_actual_physics_residual": 0.0,
    "training_time_seconds": 202.86277728599816,
    "evaluation_time_seconds": 0.24897674300154904,
    "parameter_names": [
        "a",
        "d",
        "epsilon",
        "k",
        "mu1",
        "mu2"
    ],
    "timestamp": "2026-06-19T19:08:08.365224"
}