{
    "train_mae": 5.176623439637022e-06,
    "train_rmse": 9.265265668939391e-06,
    "test_mae": 1.1593454243497531e-05,
    "test_rmse": 2.1609739205914835e-05,
    "per_parameter_mae_train": {
        "alpha": 2.1420423782192445e-06,
        "beta": 0.0,
        "gamma": 1.3387827940691821e-05
    },
    "per_parameter_mae_test": {
        "alpha": 3.5601373550456624e-06,
        "beta": 0.0,
        "gamma": 3.122022537544693e-05
    },
    "per_parameter_rmse_train": {
        "alpha": 2.7493249322272466e-06,
        "beta": 0.0,
        "gamma": 1.5810650086733132e-05
    },
    "per_parameter_rmse_test": {
        "alpha": 4.621060601151612e-06,
        "beta": 0.0,
        "gamma": 3.714280932513644e-05
    },
    "train_data_loss": 8.58451479160269e-11,
    "train_physics_loss": 1.9895987990973952e-08,
    "train_total_loss": 1.9981833138889977e-08,
    "train_actual_physics_residual": 1.9895987990973952e-08,
    "test_data_loss": 4.669808285476527e-10,
    "test_physics_loss": 2.0881166526232913e-08,
    "test_total_loss": 2.1348147354780565e-08,
    "test_actual_physics_residual": 2.0881166526232913e-08,
    "training_time_seconds": 0.4389832799997748,
    "evaluation_time_seconds": 5.887999577680603e-06,
    "parameter_names": [
        "alpha",
        "beta",
        "gamma"
    ],
    "timestamp": "2026-07-01T15:28:30.260939"
}