{
    "train_mae": 0.0007245622673852362,
    "train_rmse": 0.0012640643663804736,
    "test_mae": 0.0014463287977119176,
    "test_rmse": 0.0025145586553037384,
    "per_parameter_mae_train": {
        "s": 0.0016025757880350254,
        "t0": 0.00011902280548022154,
        "x0": 0.0004520882086404619
    },
    "per_parameter_mae_test": {
        "s": 0.003104839577525045,
        "t0": 0.00044801407637538816,
        "x0": 0.0007861327392353196
    },
    "per_parameter_rmse_train": {
        "s": 0.0021015035541107727,
        "t0": 0.00014643622623804447,
        "x0": 0.0005965026494187223
    },
    "per_parameter_rmse_test": {
        "s": 0.004171574871757954,
        "t0": 0.0006553404209795695,
        "x0": 0.0010665400671502053
    },
    "train_data_loss": 0.06558766216039658,
    "train_physics_loss": 0.00043271243339404464,
    "train_total_loss": 0.06558766216039658,
    "train_actual_physics_residual": 2.6961671784064833e-10,
    "test_data_loss": 0.5379727482795715,
    "test_physics_loss": 0.001705058035440743,
    "test_total_loss": 0.5379727482795715,
    "test_actual_physics_residual": 3.0572303022502467e-10,
    "training_time_seconds": 35.34854710500076,
    "evaluation_time_seconds": 0.14320760400005383,
    "parameter_names": [
        "s",
        "t0",
        "x0"
    ],
    "timestamp": "2026-05-24T03:46:46.021458"
}