{
  "train": {
    "event_abs_mean": 0.014910130761563778,
    "event_active_fraction_gt_1e_6": 0.014910130761563778,
    "spike_mean": 0.036464571952819824,
    "spike_active_fraction_gt_0p5": 0.0008425245760008693,
    "spike_count_per_sample_mean": 2.156862735748291,
    "first_spike_flat_index_mean": 1194.0208740234375,
    "mem_abs_mean": 1.1440355777740479
  },
  "test": {
    "event_abs_mean": 0.01497395895421505,
    "event_active_fraction_gt_1e_6": 0.01497395895421505,
    "spike_mean": 0.036462459713220596,
    "spike_active_fraction_gt_0p5": 0.0008713942370377481,
    "spike_count_per_sample_mean": 2.230769395828247,
    "first_spike_flat_index_mean": 1369.3846435546875,
    "mem_abs_mean": 1.1440730094909668
  }
}