{
    "train_mae": 0.002745196206769769,
    "train_rmse": 0.003960305624257797,
    "test_mae": 0.0026640354986126667,
    "test_rmse": 0.004342296069285507,
    "per_parameter_mae_train": {
        "s": 0.00515655184457775,
        "t0": 0.00043570295309882935,
        "x0": 0.0026433338226327274
    },
    "per_parameter_mae_test": {
        "s": 0.0058740592216353716,
        "t0": 0.0005497361935436128,
        "x0": 0.001568311080659016
    },
    "per_parameter_rmse_train": {
        "s": 0.006136459656828223,
        "t0": 0.0005228242900752816,
        "x0": 0.0030203608318230372
    },
    "per_parameter_rmse_test": {
        "s": 0.007267097925607161,
        "t0": 0.0005702197182301659,
        "x0": 0.00185222640964184
    },
    "train_data_loss": 1.0011719465255737,
    "train_physics_loss": 0.0036895412486046553,
    "train_total_loss": 1.0011719465255737,
    "train_actual_physics_residual": 2.364869966520189e-10,
    "test_data_loss": 0.9904923439025879,
    "test_physics_loss": 0.005174384918063879,
    "test_total_loss": 0.9904923439025879,
    "test_actual_physics_residual": 3.2109151448800333e-10,
    "training_time_seconds": 2.298820667000655,
    "evaluation_time_seconds": 0.07605186900036642,
    "parameter_names": [
        "s",
        "t0",
        "x0"
    ],
    "timestamp": "2026-05-26T14:17:29.744208"
}