{
    "train_mae": 0.002921868133281632,
    "train_rmse": 0.004031777560331612,
    "test_mae": 0.0028572042464711997,
    "test_rmse": 0.004134050455377305,
    "per_parameter_mae_train": {
        "s": 0.005411707364331775,
        "t0": 0.0005005855140502932,
        "x0": 0.0028533115214628285
    },
    "per_parameter_mae_test": {
        "s": 0.005449086889226629,
        "t0": 0.00028609363611720867,
        "x0": 0.0028364322140697618
    },
    "per_parameter_rmse_train": {
        "s": 0.00621573807610637,
        "t0": 0.0005842112686660521,
        "x0": 0.003128735887029404
    },
    "per_parameter_rmse_test": {
        "s": 0.006559430525023413,
        "t0": 0.00031097198584732955,
        "x0": 0.0028545204701009136
    },
    "train_data_loss": 0.9933463335037231,
    "train_physics_loss": 0.003785505425184965,
    "train_total_loss": 0.9933463335037231,
    "train_actual_physics_residual": 2.0537377354301611e-10,
    "test_data_loss": 0.7394666075706482,
    "test_physics_loss": 0.004215667489916086,
    "test_total_loss": 0.7394666075706482,
    "test_actual_physics_residual": 2.212605099138898e-10,
    "training_time_seconds": 0.3926706819984247,
    "evaluation_time_seconds": 0.019680569999763975,
    "parameter_names": [
        "s",
        "t0",
        "x0"
    ],
    "timestamp": "2026-05-26T08:08:56.820880"
}