{
    "train_mae": 4.1601797189744085e-05,
    "train_rmse": 0.00010604975978026217,
    "test_mae": 6.655879361383213e-05,
    "test_rmse": 0.00018490551322111862,
    "per_parameter_mae_train": {
        "a": 2.5559958058260208e-05,
        "beta": 0.0,
        "d": 0.00020323227936916872,
        "epsilon": 2.2351741811588166e-10,
        "gamma": 2.0818322193617478e-05,
        "k": 0.0
    },
    "per_parameter_mae_test": {
        "a": 3.3508239794136084e-05,
        "beta": 0.0,
        "d": 0.0003383042248917889,
        "epsilon": 2.2351741811588166e-10,
        "gamma": 2.7540073479649652e-05,
        "k": 0.0
    },
    "per_parameter_rmse_train": {
        "a": 3.166534563352693e-05,
        "beta": 0.0,
        "d": 0.00025631385444433764,
        "epsilon": 2.2351741811588166e-10,
        "gamma": 2.7925314724351487e-05,
        "k": 0.0
    },
    "per_parameter_rmse_test": {
        "a": 4.00665024458096e-05,
        "beta": 0.0,
        "d": 0.00044985351359812297,
        "epsilon": 2.2351741811588164e-10,
        "gamma": 3.415822891376178e-05,
        "k": 0.0
    },
    "train_data_loss": 0.0002669928362593055,
    "train_physics_loss": 0.0,
    "train_total_loss": 0.0002669928362593055,
    "train_actual_physics_residual": 0.0,
    "test_data_loss": 0.0006653061136603355,
    "test_physics_loss": 0.0,
    "test_total_loss": 0.0006653061136603355,
    "test_actual_physics_residual": 0.0,
    "training_time_seconds": 138.81533882299937,
    "evaluation_time_seconds": 0.48825925099936285,
    "parameter_names": [
        "a",
        "beta",
        "d",
        "epsilon",
        "gamma",
        "k"
    ],
    "timestamp": "2026-06-08T22:10:28.415530"
}