{
    "train_mae": 6.092385403026294e-06,
    "train_rmse": 1.1682811756156013e-05,
    "test_mae": 6.947243218829209e-06,
    "test_rmse": 1.2479635883924241e-05,
    "per_parameter_mae_train": {
        "alpha": 2.231436470188086e-06,
        "beta": 0.0,
        "gamma": 1.6045719738890797e-05
    },
    "per_parameter_mae_test": {
        "alpha": 1.8541472506556595e-06,
        "beta": 0.0,
        "gamma": 1.8987582405831966e-05
    },
    "per_parameter_rmse_train": {
        "alpha": 2.7538313252457122e-06,
        "beta": 0.0,
        "gamma": 2.0046961979846896e-05
    },
    "per_parameter_rmse_test": {
        "alpha": 2.503827479913166e-06,
        "beta": 0.0,
        "gamma": 2.1469857552783637e-05
    },
    "train_data_loss": 1.3648809052977716e-10,
    "train_physics_loss": 9.901603477348237e-11,
    "train_total_loss": 2.3550412530325955e-10,
    "train_actual_physics_residual": 9.901603477348237e-11,
    "test_data_loss": 1.557413117953296e-10,
    "test_physics_loss": 1.0096888599899061e-10,
    "test_total_loss": 2.567101977943202e-10,
    "test_actual_physics_residual": 1.0096888599899061e-10,
    "training_time_seconds": 1.6396116139994774,
    "evaluation_time_seconds": 6.539999958476983e-06,
    "parameter_names": [
        "alpha",
        "beta",
        "gamma"
    ],
    "timestamp": "2026-07-01T15:36:41.699481"
}