{
  "observation_mode": "event_traces",
  "time_axis_size": 128,
  "records": [
    {
      "fraction": 0.25,
      "kept_steps": 32,
      "active_test_mae": 0.00648245528936073,
      "test_mae": 0.0021608189264922814
    },
    {
      "fraction": 0.5,
      "kept_steps": 64,
      "active_test_mae": 0.006475706209583086,
      "test_mae": 0.0021585692332330665
    },
    {
      "fraction": 0.75,
      "kept_steps": 96,
      "active_test_mae": 0.006421076260160103,
      "test_mae": 0.002140359250092072
    },
    {
      "fraction": 1.0,
      "kept_steps": 128,
      "active_test_mae": 0.006421076260160103,
      "test_mae": 0.002140359250092072
    }
  ]
}