{
    "train_mae": 0.0007266045345002714,
    "train_rmse": 0.0017704133223829601,
    "test_mae": 0.0009985382461335248,
    "test_rmse": 0.0022339216110854707,
    "per_parameter_mae_train": {
        "a": 0.0003941556265059029,
        "beta": 0.0,
        "d": 0.0036741220950831216,
        "epsilon": 2.2351741811588166e-10,
        "gamma": 0.0002913492618951857,
        "k": 0.0
    },
    "per_parameter_mae_test": {
        "a": 0.0010065915345427612,
        "beta": 0.0,
        "d": 0.004318250509764898,
        "epsilon": 2.2351741811588166e-10,
        "gamma": 0.0006663872089760714,
        "k": 0.0
    },
    "per_parameter_rmse_train": {
        "a": 0.00048516690551753697,
        "beta": 0.0,
        "d": 0.004294062182111412,
        "epsilon": 2.2351741811588166e-10,
        "gamma": 0.0003630744309056947,
        "k": 0.0
    },
    "per_parameter_rmse_test": {
        "a": 0.0011582594494521806,
        "beta": 0.0,
        "d": 0.005288627922766266,
        "epsilon": 2.2351741811588164e-10,
        "gamma": 0.0007945340327134313,
        "k": 0.0
    },
    "train_data_loss": 0.26543229818344116,
    "train_physics_loss": 0.0,
    "train_total_loss": 0.26543229818344116,
    "train_actual_physics_residual": 0.0,
    "test_data_loss": 0.701577365398407,
    "test_physics_loss": 0.0,
    "test_total_loss": 0.701577365398407,
    "test_actual_physics_residual": 0.0,
    "training_time_seconds": 256.79178665200004,
    "evaluation_time_seconds": 1.2859282599999915,
    "parameter_names": [
        "a",
        "beta",
        "d",
        "epsilon",
        "gamma",
        "k"
    ],
    "timestamp": "2026-06-10T13:34:17.681160"
}