{
  "train": {
    "event_abs_mean": 0.01513671875,
    "event_active_fraction_gt_1e_6": 0.01513671875,
    "spike_mean": 0.10288495570421219,
    "spike_active_fraction_gt_0p5": 0.00852864608168602,
    "spike_count_per_sample_mean": 21.83333396911621,
    "first_spike_flat_index_mean": 141.1666717529297,
    "mem_abs_mean": 1.5192910432815552
  },
  "test": {
    "event_abs_mean": 0.015625,
    "event_active_fraction_gt_1e_6": 0.015625,
    "spike_mean": 0.1029096245765686,
    "spike_active_fraction_gt_0p5": 0.00927734375,
    "spike_count_per_sample_mean": 23.75,
    "first_spike_flat_index_mean": 150.25,
    "mem_abs_mean": 1.5178754329681396
  }
}