{
  "train": {
    "event_abs_mean": 0.015625,
    "event_active_fraction_gt_1e_6": 0.015625,
    "spike_mean": 0.12905927002429962,
    "spike_active_fraction_gt_0p5": 0.05486749857664108,
    "spike_count_per_sample_mean": 140.46078491210938,
    "first_spike_flat_index_mean": 556.37255859375,
    "mem_abs_mean": 2.1663966178894043
  },
  "test": {
    "event_abs_mean": 0.015625,
    "event_active_fraction_gt_1e_6": 0.015625,
    "spike_mean": 0.1290483921766281,
    "spike_active_fraction_gt_0p5": 0.05512319877743721,
    "spike_count_per_sample_mean": 141.11538696289062,
    "first_spike_flat_index_mean": 556.7692260742188,
    "mem_abs_mean": 2.16634202003479
  }
}