{
    "train_mae": 0.002436040912485985,
    "train_rmse": 0.00362385294677468,
    "test_mae": 0.002186865547809546,
    "test_rmse": 0.0037397812022734165,
    "per_parameter_mae_train": {
        "s": 0.005054753568086179,
        "t0": 0.0003962699469894476,
        "x0": 0.00185709922238233
    },
    "per_parameter_mae_test": {
        "s": 0.0049182221081187005,
        "t0": 0.0005254622019588349,
        "x0": 0.0011169123333511024
    },
    "per_parameter_rmse_train": {
        "s": 0.005831820854577668,
        "t0": 0.0004825613087399006,
        "x0": 0.00227022700251821
    },
    "per_parameter_rmse_test": {
        "s": 0.006259557167216617,
        "t0": 0.0005823956438497695,
        "x0": 0.001560977164152217
    },
    "train_data_loss": 0.7742482423782349,
    "train_physics_loss": 0.0033323036041110754,
    "train_total_loss": 0.7742482423782349,
    "train_actual_physics_residual": 2.364869966520189e-10,
    "test_data_loss": 0.8504452705383301,
    "test_physics_loss": 0.0038390452973544598,
    "test_total_loss": 0.8504452705383301,
    "test_actual_physics_residual": 3.2109151448800333e-10,
    "training_time_seconds": 7.280137943000227,
    "evaluation_time_seconds": 0.13755568499982473,
    "parameter_names": [
        "s",
        "t0",
        "x0"
    ],
    "timestamp": "2026-05-26T16:37:59.558856"
}