{
  "train": {
    "event_abs_mean": 0.015625,
    "event_active_fraction_gt_1e_6": 0.015625,
    "spike_mean": 0.10647502541542053,
    "spike_active_fraction_gt_0p5": 0.005906250327825546,
    "spike_count_per_sample_mean": 15.119999885559082,
    "first_spike_flat_index_mean": 378.5199890136719,
    "mem_abs_mean": 1.322045087814331
  },
  "test": {
    "event_abs_mean": 0.015625,
    "event_active_fraction_gt_1e_6": 0.015625,
    "spike_mean": 0.10646842420101166,
    "spike_active_fraction_gt_0p5": 0.005970982369035482,
    "spike_count_per_sample_mean": 15.285715103149414,
    "first_spike_flat_index_mean": 422.71429443359375,
    "mem_abs_mean": 1.3221683502197266
  }
}