{
  "observation_mode": "event_traces",
  "time_axis_size": 128,
  "records": [
    {
      "fraction": 0.25,
      "kept_steps": 32,
      "active_test_mae": 0.0029989929098256356,
      "test_mae": 0.002998992909825635
    },
    {
      "fraction": 0.5,
      "kept_steps": 64,
      "active_test_mae": 0.003013835962925318,
      "test_mae": 0.0030138359629253175
    },
    {
      "fraction": 0.75,
      "kept_steps": 96,
      "active_test_mae": 0.0030143975265577447,
      "test_mae": 0.0030143975265577447
    },
    {
      "fraction": 1.0,
      "kept_steps": 128,
      "active_test_mae": 0.0030143975265577447,
      "test_mae": 0.0030143975265577447
    }
  ]
}