{
    "train_mae": 0.03441160490585533,
    "train_rmse": 0.05890080471292187,
    "test_mae": 0.037024263079055694,
    "test_rmse": 0.06392020886694035,
    "per_parameter_mae_train": {
        "D": 0.0016619897530504785,
        "r": 0.06716122005866018
    },
    "per_parameter_mae_test": {
        "D": 0.0018522480484345896,
        "r": 0.0721962781096768
    },
    "per_parameter_rmse_train": {
        "D": 0.0019683410325833264,
        "r": 0.08327505764176309
    },
    "per_parameter_rmse_test": {
        "D": 0.002113671730717695,
        "r": 0.09037211182107743
    },
    "train_data_loss": 0.33222004771232605,
    "train_physics_loss": 0.00010941562504740432,
    "train_total_loss": 0.3323294520378113,
    "train_actual_physics_residual": 2.939054320449941e-05,
    "test_data_loss": 0.3832215368747711,
    "test_physics_loss": 9.095569839701056e-05,
    "test_total_loss": 0.38331249356269836,
    "test_actual_physics_residual": 3.247561471653171e-05,
    "training_time_seconds": 12.845463617999997,
    "evaluation_time_seconds": 0.14066199499995946,
    "parameter_names": [
        "D",
        "r"
    ],
    "timestamp": "2026-05-12T09:44:22.117476"
}