{
  "observation_mode": "event_traces",
  "time_axis_size": 128,
  "records": [
    {
      "fraction": 0.25,
      "kept_steps": 32,
      "active_test_mae": 0.002854875207542386,
      "test_mae": 0.002854875207542386
    },
    {
      "fraction": 0.5,
      "kept_steps": 64,
      "active_test_mae": 0.0028165800780473103,
      "test_mae": 0.0028165800780473103
    },
    {
      "fraction": 0.75,
      "kept_steps": 96,
      "active_test_mae": 0.0028136946019104913,
      "test_mae": 0.0028136946019104913
    },
    {
      "fraction": 1.0,
      "kept_steps": 128,
      "active_test_mae": 0.0028136946019104913,
      "test_mae": 0.0028136946019104913
    }
  ]
}