{
    "train_mae": 0.002733126400531184,
    "train_rmse": 0.003991220263565853,
    "test_mae": 0.0028136946019104913,
    "test_rmse": 0.004006621616544491,
    "per_parameter_mae_train": {
        "s": 0.00534928062780516,
        "t0": 0.0005333587023699921,
        "x0": 0.0023167398714183996
    },
    "per_parameter_mae_test": {
        "s": 0.005649994972085626,
        "t0": 0.0007315619329621415,
        "x0": 0.0020595269006837068
    },
    "per_parameter_rmse_train": {
        "s": 0.006309717817933898,
        "t0": 0.0005956467004389449,
        "x0": 0.002760830245270383
    },
    "per_parameter_rmse_test": {
        "s": 0.006473810265572326,
        "t0": 0.0007571442322484852,
        "x0": 0.002382344137908707
    },
    "train_data_loss": 1.0094444751739502,
    "train_physics_loss": 0.0039008285384625196,
    "train_total_loss": 1.0094444751739502,
    "train_actual_physics_residual": 2.6906588068698056e-10,
    "test_data_loss": 1.1477036476135254,
    "test_physics_loss": 0.004106363747268915,
    "test_total_loss": 1.1477036476135254,
    "test_actual_physics_residual": 2.949215871517197e-10,
    "training_time_seconds": 0.8884013399983814,
    "evaluation_time_seconds": 0.057523316998413065,
    "parameter_names": [
        "s",
        "t0",
        "x0"
    ],
    "timestamp": "2026-05-26T09:07:04.246801"
}