{
    "train_mae": 0.00266802987617598,
    "train_rmse": 0.00383028921857606,
    "test_mae": 0.0024739888379030454,
    "test_rmse": 0.004082028027880469,
    "per_parameter_mae_train": {
        "s": 0.005190216547946891,
        "t0": 0.00043026888174287737,
        "x0": 0.0023836041988381717
    },
    "per_parameter_mae_test": {
        "s": 0.005539456090296221,
        "t0": 0.0005585151062241024,
        "x0": 0.0013239953171888133
    },
    "per_parameter_rmse_train": {
        "s": 0.006034678184326581,
        "t0": 0.0005162349709864245,
        "x0": 0.002707306255332692
    },
    "per_parameter_rmse_test": {
        "s": 0.00686908508381624,
        "t0": 0.0005805552514290727,
        "x0": 0.001570822769295277
    },
    "train_data_loss": 0.9162324070930481,
    "train_physics_loss": 0.0035681629087775946,
    "train_total_loss": 0.9162324070930481,
    "train_actual_physics_residual": 2.364869966520189e-10,
    "test_data_loss": 0.9198939204216003,
    "test_physics_loss": 0.004623113200068474,
    "test_total_loss": 0.9198939204216003,
    "test_actual_physics_residual": 3.2109151448800333e-10,
    "training_time_seconds": 0.5183072190011444,
    "evaluation_time_seconds": 0.05708499599859351,
    "parameter_names": [
        "s",
        "t0",
        "x0"
    ],
    "timestamp": "2026-05-26T09:18:09.622225"
}