{
    "train_mae": 0.0027387003174782084,
    "train_rmse": 0.003992479750143164,
    "test_mae": 0.00285352105186898,
    "test_rmse": 0.004021386097034699,
    "per_parameter_mae_train": {
        "s": 0.005404575578432776,
        "t0": 0.0005088089335417219,
        "x0": 0.002302716440460128
    },
    "per_parameter_mae_test": {
        "s": 0.005524819878732904,
        "t0": 0.0007433946011932253,
        "x0": 0.00229234867568081
    },
    "per_parameter_rmse_train": {
        "s": 0.006323930544410787,
        "t0": 0.0005954819549708929,
        "x0": 0.002733676531099101
    },
    "per_parameter_rmse_test": {
        "s": 0.006408541943746184,
        "t0": 0.000763994263794571,
        "x0": 0.0026194543982300585
    },
    "train_data_loss": 1.0041016340255737,
    "train_physics_loss": 0.003918420057743788,
    "train_total_loss": 1.0041016340255737,
    "train_actual_physics_residual": 2.6906588068698056e-10,
    "test_data_loss": 1.203487753868103,
    "test_physics_loss": 0.004023981746286154,
    "test_total_loss": 1.203487753868103,
    "test_actual_physics_residual": 2.949215871517197e-10,
    "training_time_seconds": 5.165663895000762,
    "evaluation_time_seconds": 0.16576118300054077,
    "parameter_names": [
        "s",
        "t0",
        "x0"
    ],
    "timestamp": "2026-05-26T16:42:13.973932"
}