{
    "train_mae": 0.000251527828650586,
    "train_rmse": 0.0005529138092062487,
    "test_mae": 0.0018963012660872475,
    "test_rmse": 0.004291849726013974,
    "per_parameter_mae_train": {
        "s": 0.0007545819958356441,
        "t0": 1.4901161138336505e-09,
        "x0": 0.0
    },
    "per_parameter_mae_test": {
        "s": 0.005688902308145629,
        "t0": 1.4901161138336505e-09,
        "x0": 0.0
    },
    "per_parameter_rmse_train": {
        "s": 0.000957674809750508,
        "t0": 1.4901161138336503e-09,
        "x0": 0.0
    },
    "per_parameter_rmse_test": {
        "s": 0.007433701783906619,
        "t0": 1.4901161138336505e-09,
        "x0": 0.0
    },
    "train_data_loss": 0.020161358639597893,
    "train_physics_loss": 8.986191096482798e-05,
    "train_total_loss": 0.020161358639597893,
    "train_actual_physics_residual": 2.7325863793947747e-10,
    "test_data_loss": 1.2147735357284546,
    "test_physics_loss": 0.005414357874542475,
    "test_total_loss": 1.2147735357284546,
    "test_actual_physics_residual": 3.07907949137487e-10,
    "training_time_seconds": 3.9559462510005687,
    "evaluation_time_seconds": 0.07610712500172667,
    "parameter_names": [
        "s",
        "t0",
        "x0"
    ],
    "timestamp": "2026-05-24T21:24:59.524262"
}