{
    "train_mae": 8.806122263318775e-05,
    "train_rmse": 0.00023031547684413702,
    "test_mae": 0.00026523411224840414,
    "test_rmse": 0.0008591714582401434,
    "per_parameter_mae_train": {
        "a": 5.67056624326589e-05,
        "beta": 0.0,
        "d": 0.00042810940375051363,
        "epsilon": 2.2351741811588166e-10,
        "gamma": 4.355204609853587e-05,
        "k": 0.0
    },
    "per_parameter_mae_test": {
        "a": 0.0001533137821807029,
        "beta": 0.0,
        "d": 0.0013415022938887244,
        "epsilon": 2.2351741811588166e-10,
        "gamma": 9.658837390357916e-05,
        "k": 0.0
    },
    "per_parameter_rmse_train": {
        "a": 7.19423255009854e-05,
        "beta": 0.0,
        "d": 0.0005569700137694002,
        "epsilon": 2.2351741811588166e-10,
        "gamma": 5.366580668198035e-05,
        "k": 0.0
    },
    "per_parameter_rmse_test": {
        "a": 0.00021809886753038985,
        "beta": 0.0,
        "d": 0.002088831353815651,
        "epsilon": 2.2351741811588164e-10,
        "gamma": 0.0001351666646239082,
        "k": 0.0
    },
    "train_data_loss": 0.0012185436207801104,
    "train_physics_loss": 0.0,
    "train_total_loss": 0.0012185436207801104,
    "train_actual_physics_residual": 0.0,
    "test_data_loss": 0.01437376532703638,
    "test_physics_loss": 0.0,
    "test_total_loss": 0.01437376532703638,
    "test_actual_physics_residual": 0.0,
    "training_time_seconds": 255.01235091099988,
    "evaluation_time_seconds": 1.241973422999763,
    "parameter_names": [
        "a",
        "beta",
        "d",
        "epsilon",
        "gamma",
        "k"
    ],
    "timestamp": "2026-06-09T01:05:29.442525"
}