{
  "observation_mode": "event_traces",
  "time_axis_size": 128,
  "records": [
    {
      "fraction": 0.25,
      "kept_steps": 32,
      "active_test_mae": 0.0035561638988998814,
      "test_mae": 0.003556163898899881
    },
    {
      "fraction": 0.5,
      "kept_steps": 64,
      "active_test_mae": 0.002900136284495681,
      "test_mae": 0.002900136284495681
    },
    {
      "fraction": 0.75,
      "kept_steps": 96,
      "active_test_mae": 0.003015529716881998,
      "test_mae": 0.003015529716881998
    },
    {
      "fraction": 1.0,
      "kept_steps": 128,
      "active_test_mae": 0.003015529716881998,
      "test_mae": 0.003015529716881998
    }
  ]
}