{
    "train_mae": 0.00282448717296265,
    "train_rmse": 0.003982074212598304,
    "test_mae": 0.002494756089553538,
    "test_rmse": 0.004064942353958458,
    "per_parameter_mae_train": {
        "s": 0.005361219889621695,
        "t0": 0.00044352218842368894,
        "x0": 0.0026687194408425664
    },
    "per_parameter_mae_test": {
        "s": 0.0054279102550737045,
        "t0": 0.0005530378651167067,
        "x0": 0.0015033201484702028
    },
    "per_parameter_rmse_train": {
        "s": 0.006173355786880481,
        "t0": 0.0005239287676550613,
        "x0": 0.0030308286125965526
    },
    "per_parameter_rmse_test": {
        "s": 0.006780186740654068,
        "t0": 0.0005731567094484685,
        "x0": 0.0018088195518870746
    },
    "train_data_loss": 1.0089243650436401,
    "train_physics_loss": 0.003734039608389139,
    "train_total_loss": 1.0089243650436401,
    "train_actual_physics_residual": 2.364869966520189e-10,
    "test_data_loss": 0.9281468391418457,
    "test_physics_loss": 0.004504225216805935,
    "test_total_loss": 0.9281468391418457,
    "test_actual_physics_residual": 3.2109151448800333e-10,
    "training_time_seconds": 0.6509006410001348,
    "evaluation_time_seconds": 0.08609565100005057,
    "parameter_names": [
        "s",
        "t0",
        "x0"
    ],
    "timestamp": "2026-05-26T19:08:17.552849"
}