{
  "train": {
    "event_abs_mean": 0.015625,
    "event_active_fraction_gt_1e_6": 0.015625,
    "spike_mean": 0.10325197875499725,
    "spike_active_fraction_gt_0p5": 0.00937500037252903,
    "spike_count_per_sample_mean": 24.0,
    "first_spike_flat_index_mean": 143.95999145507812,
    "mem_abs_mean": 1.5182231664657593
  },
  "test": {
    "event_abs_mean": 0.015625,
    "event_active_fraction_gt_1e_6": 0.015625,
    "spike_mean": 0.10323026031255722,
    "spike_active_fraction_gt_0p5": 0.00920758955180645,
    "spike_count_per_sample_mean": 23.571430206298828,
    "first_spike_flat_index_mean": 147.0,
    "mem_abs_mean": 1.518397569656372
  }
}