{
    "train_mae": 0.0026663327450249783,
    "train_rmse": 0.003870000257887782,
    "test_mae": 0.002848795473365249,
    "test_rmse": 0.004000686571683446,
    "per_parameter_mae_train": {
        "s": 0.005215169356342153,
        "t0": 0.0005127046703266099,
        "x0": 0.0022711242084061715
    },
    "per_parameter_mae_test": {
        "s": 0.005502656120821809,
        "t0": 0.0007365767468254556,
        "x0": 0.002307153552448482
    },
    "per_parameter_rmse_train": {
        "s": 0.0061089969392985706,
        "t0": 0.0005868450698857212,
        "x0": 0.002695640044172444
    },
    "per_parameter_rmse_test": {
        "s": 0.0063596660287012635,
        "t0": 0.0007597907504373613,
        "x0": 0.0026445878986106116
    },
    "train_data_loss": 0.9628793597221375,
    "train_physics_loss": 0.0036565938498824835,
    "train_total_loss": 0.9628793597221375,
    "train_actual_physics_residual": 2.6906588068698056e-10,
    "test_data_loss": 1.1980937719345093,
    "test_physics_loss": 0.003962836228311062,
    "test_total_loss": 1.1980937719345093,
    "test_actual_physics_residual": 2.949215871517197e-10,
    "training_time_seconds": 1.6927793750001001,
    "evaluation_time_seconds": 0.05193172000053892,
    "parameter_names": [
        "s",
        "t0",
        "x0"
    ],
    "timestamp": "2026-05-26T14:14:50.474862"
}