{
    "train_mae": 0.0027305309802775775,
    "train_rmse": 0.0039938991416950675,
    "test_mae": 0.002754699124969248,
    "test_rmse": 0.00394990650357772,
    "per_parameter_mae_train": {
        "s": 0.005409465496741407,
        "t0": 0.0005061104009582927,
        "x0": 0.0022760170431330327
    },
    "per_parameter_mae_test": {
        "s": 0.005506828445956086,
        "t0": 0.0007451368908097367,
        "x0": 0.002012132038141921
    },
    "per_parameter_rmse_train": {
        "s": 0.006334497311873747,
        "t0": 0.0005979033061608711,
        "x0": 0.0027148382096257515
    },
    "per_parameter_rmse_test": {
        "s": 0.006389926838638796,
        "t0": 0.0007678830371298895,
        "x0": 0.0023204471119050475
    },
    "train_data_loss": 1.0033842325210571,
    "train_physics_loss": 0.003931525629013777,
    "train_total_loss": 1.0033842325210571,
    "train_actual_physics_residual": 2.6906588068698056e-10,
    "test_data_loss": 1.1412745714187622,
    "test_physics_loss": 0.0040006390772759914,
    "test_total_loss": 1.1412745714187622,
    "test_actual_physics_residual": 2.949215871517197e-10,
    "training_time_seconds": 5.182584002999647,
    "evaluation_time_seconds": 0.1855583350006782,
    "parameter_names": [
        "s",
        "t0",
        "x0"
    ],
    "timestamp": "2026-05-26T17:13:42.261357"
}