{
  "train": {
    "event_abs_mean": 0.015625,
    "event_active_fraction_gt_1e_6": 0.015625,
    "spike_mean": 0.07655219733715057,
    "spike_active_fraction_gt_0p5": 0.0043275123462080956,
    "spike_count_per_sample_mean": 11.078432083129883,
    "first_spike_flat_index_mean": 33.0588264465332,
    "mem_abs_mean": 1.096133828163147
  },
  "test": {
    "event_abs_mean": 0.015625,
    "event_active_fraction_gt_1e_6": 0.015625,
    "spike_mean": 0.0765499547123909,
    "spike_active_fraction_gt_0p5": 0.0042968750931322575,
    "spike_count_per_sample_mean": 11.0,
    "first_spike_flat_index_mean": 33.92307662963867,
    "mem_abs_mean": 1.0961589813232422
  }
}