{
  "train_observed_forward_residual": {
    "mean": 0.00014363053635311156,
    "median": 0.00014191382635243182,
    "max": 0.00017401140756615922,
    "mse": 2.0729466374522175e-08
  },
  "test_observed_forward_residual": {
    "mean": 0.0001417431221437618,
    "median": 0.00014397410775579675,
    "max": 0.00015428645806460597,
    "mse": 2.0174670495767296e-08
  },
  "train_clean_forward_residual": {
    "mean": 2.2025090963529024e-05,
    "median": 1.3012174327943696e-05,
    "max": 7.992035267254634e-05,
    "mse": 9.94053137785213e-10
  },
  "test_clean_forward_residual": {
    "mean": 1.551412335641067e-05,
    "median": 1.6694976695083913e-05,
    "max": 2.2075918872503573e-05,
    "mse": 2.5333612698541667e-10
  },
  "train_observation_noise_floor": {
    "mean": 0.0001410856490247488,
    "median": 0.00014169152917321902,
    "max": 0.00015721282214449435,
    "mse": 1.9954105670164806e-08
  },
  "test_observation_noise_floor": {
    "mean": 0.00014262986068046195,
    "median": 0.00014494687025660969,
    "max": 0.00015470605833434176,
    "mse": 2.0428450106933678e-08
  }
}
