{
    "train_mae": 2.530211674841946e-06,
    "train_rmse": 4.660952497994398e-06,
    "test_mae": 2.3265614881095603e-06,
    "test_rmse": 3.937504712431406e-06,
    "per_parameter_mae_train": {
        "alpha": 5.918416951544714e-07,
        "beta": 0.0,
        "gamma": 6.998793329371367e-06
    },
    "per_parameter_mae_test": {
        "alpha": 6.42133468842232e-07,
        "beta": 0.0,
        "gamma": 6.337550995486449e-06
    },
    "per_parameter_rmse_train": {
        "alpha": 7.16469840918521e-07,
        "beta": 0.0,
        "gamma": 8.041150759234332e-06
    },
    "per_parameter_rmse_test": {
        "alpha": 7.356459590921518e-07,
        "beta": 0.0,
        "gamma": 6.780166303574712e-06
    },
    "train_data_loss": 2.1724478188560222e-11,
    "train_physics_loss": 1.0680329389493135e-12,
    "train_total_loss": 2.2792511127509534e-11,
    "train_actual_physics_residual": 1.0680329389493135e-12,
    "test_data_loss": 1.550394336041953e-11,
    "test_physics_loss": 1.0947756708168e-12,
    "test_total_loss": 1.659871903123633e-11,
    "test_actual_physics_residual": 1.0947756708168e-12,
    "training_time_seconds": 1.68806678799956,
    "evaluation_time_seconds": 5.949000296823215e-06,
    "parameter_names": [
        "alpha",
        "beta",
        "gamma"
    ],
    "timestamp": "2026-07-01T15:36:35.865443"
}