{
  "train_observed_forward_residual": {
    "mean": 1.4595863174269935e-05,
    "median": 1.4671412503298964e-05,
    "max": 1.6050101872736172e-05,
    "mse": 2.136065877898627e-10
  },
  "test_observed_forward_residual": {
    "mean": 1.4756013220141049e-05,
    "median": 1.4625275197539214e-05,
    "max": 1.6497248270300407e-05,
    "mse": 2.1895513416335998e-10
  },
  "train_clean_forward_residual": {
    "mean": 3.7780899622936194e-06,
    "median": 3.777800337845246e-06,
    "max": 7.243336119365635e-06,
    "mse": 1.8439758835799585e-11
  },
  "test_clean_forward_residual": {
    "mean": 3.4539206342708195e-06,
    "median": 3.891054601320076e-06,
    "max": 4.992362245574309e-06,
    "mse": 1.3442467837862724e-11
  },
  "train_observation_noise_floor": {
    "mean": 1.4108564902479847e-05,
    "median": 1.4169152917293253e-05,
    "max": 1.5721282214395744e-05,
    "mse": 1.995410567017737e-10
  },
  "test_observation_noise_floor": {
    "mean": 1.4262986068046467e-05,
    "median": 1.4494687025685124e-05,
    "max": 1.5470605833418225e-05,
    "mse": 2.042845010693216e-10
  }
}
