{
    "train_mae": 0.0018134416781434523,
    "train_rmse": 0.0030027942930306,
    "test_mae": 0.0018670007203218147,
    "test_rmse": 0.0028540864084669396,
    "per_parameter_mae_train": {
        "s": 0.004130166210460978,
        "t0": 0.0004553168104360913,
        "x0": 0.0008548420135332872
    },
    "per_parameter_mae_test": {
        "s": 0.0036759396663702624,
        "t0": 0.0007277426507238415,
        "x0": 0.0011973198438713405
    },
    "per_parameter_rmse_train": {
        "s": 0.005062264956698331,
        "t0": 0.0005517845362173576,
        "x0": 0.0010579830020122473
    },
    "per_parameter_rmse_test": {
        "s": 0.004682136262890825,
        "t0": 0.0007620256988530133,
        "x0": 0.0013908071509010364
    },
    "train_data_loss": 0.5531417727470398,
    "train_physics_loss": 0.002510881284251809,
    "train_total_loss": 0.5531417727470398,
    "train_actual_physics_residual": 2.6906588068698056e-10,
    "test_data_loss": 0.8210132122039795,
    "test_physics_loss": 0.002147957682609558,
    "test_total_loss": 0.8210132122039795,
    "test_actual_physics_residual": 2.949215871517197e-10,
    "training_time_seconds": 1.8452573089998623,
    "evaluation_time_seconds": 0.039209443999425275,
    "parameter_names": [
        "s",
        "t0",
        "x0"
    ],
    "timestamp": "2026-05-26T09:34:10.461669"
}