{
  "observation_mode": "event_traces",
  "time_axis_size": 128,
  "records": [
    {
      "fraction": 0.25,
      "kept_steps": 32,
      "active_test_mae": 0.006585079571344508,
      "test_mae": 0.002195027020486874
    },
    {
      "fraction": 0.5,
      "kept_steps": 64,
      "active_test_mae": 0.006589105177353185,
      "test_mae": 0.0021963688891564327
    },
    {
      "fraction": 0.75,
      "kept_steps": 96,
      "active_test_mae": 0.006589105177353185,
      "test_mae": 0.0021963688891564327
    },
    {
      "fraction": 1.0,
      "kept_steps": 128,
      "active_test_mae": 0.006589105177353185,
      "test_mae": 0.0021963688891564327
    }
  ]
}