{
    "train_mae": 0.0017305553426597985,
    "train_rmse": 0.002821216864143432,
    "test_mae": 0.0020404975824848026,
    "test_rmse": 0.003256983059443965,
    "per_parameter_mae_train": {
        "s": 0.0037268845145908545,
        "t0": 0.000548818241268409,
        "x0": 0.0009159632721201314
    },
    "per_parameter_mae_test": {
        "s": 0.004523395357976557,
        "t0": 0.00045418997688392913,
        "x0": 0.0011439074125939223
    },
    "per_parameter_rmse_train": {
        "s": 0.0046982799285542,
        "t0": 0.0006191329732517667,
        "x0": 0.0011919034599996159
    },
    "per_parameter_rmse_test": {
        "s": 0.005428336693398206,
        "t0": 0.0005457207822863878,
        "x0": 0.0014349792749033968
    },
    "train_data_loss": 0.5453615188598633,
    "train_physics_loss": 0.0021627945825457573,
    "train_total_loss": 0.5453615188598633,
    "train_actual_physics_residual": 2.6961671784064833e-10,
    "test_data_loss": 0.554639995098114,
    "test_physics_loss": 0.00288715329952538,
    "test_total_loss": 0.554639995098114,
    "test_actual_physics_residual": 3.0572303022502467e-10,
    "training_time_seconds": 28.185387788998923,
    "evaluation_time_seconds": 0.10708365000027698,
    "parameter_names": [
        "s",
        "t0",
        "x0"
    ],
    "timestamp": "2026-05-24T03:38:11.889474"
}