{
    "train_mae": 0.0027878602047941223,
    "train_rmse": 0.004042233305892978,
    "test_mae": 0.0030326227860654744,
    "test_rmse": 0.004534853972728468,
    "per_parameter_mae_train": {
        "s": 0.005492318281837194,
        "t0": 0.0005556872437076489,
        "x0": 0.0023155750888375235
    },
    "per_parameter_mae_test": {
        "s": 0.006641328016121777,
        "t0": 0.00043280122273302464,
        "x0": 0.002023739119341623
    },
    "per_parameter_rmse_train": {
        "s": 0.006430629716766828,
        "t0": 0.0006166480007217005,
        "x0": 0.002699203028090466
    },
    "per_parameter_rmse_test": {
        "s": 0.007472268420469546,
        "t0": 0.0005112316996427605,
        "x0": 0.0023661252003322696
    },
    "train_data_loss": 0.9337776899337769,
    "train_physics_loss": 0.004051761236041784,
    "train_total_loss": 0.9337776899337769,
    "train_actual_physics_residual": 2.6961671784064833e-10,
    "test_data_loss": 0.8678340315818787,
    "test_physics_loss": 0.005470684263855219,
    "test_total_loss": 0.8678340315818787,
    "test_actual_physics_residual": 3.0572303022502467e-10,
    "training_time_seconds": 6.462794729999587,
    "evaluation_time_seconds": 0.08627180999974371,
    "parameter_names": [
        "s",
        "t0",
        "x0"
    ],
    "timestamp": "2026-05-24T20:13:52.865480"
}