{
    "train_mae": 0.0027772949277732497,
    "train_rmse": 0.00404209974125146,
    "test_mae": 0.002793566229805534,
    "test_rmse": 0.00400054168008307,
    "per_parameter_mae_train": {
        "s": 0.00548631996019785,
        "t0": 0.0005310823308629084,
        "x0": 0.0023144824922589906
    },
    "per_parameter_mae_test": {
        "s": 0.005385941056406244,
        "t0": 0.0007348086667376472,
        "x0": 0.00225994896627271
    },
    "per_parameter_rmse_train": {
        "s": 0.006408940861355023,
        "t0": 0.0005951507115828047,
        "x0": 0.0027544479702531627
    },
    "per_parameter_rmse_test": {
        "s": 0.006385522452756828,
        "t0": 0.0007585369438231058,
        "x0": 0.0025812256608904933
    },
    "train_data_loss": 1.0178487300872803,
    "train_physics_loss": 0.004024474415928125,
    "train_total_loss": 1.0178487300872803,
    "train_actual_physics_residual": 2.6906588068698056e-10,
    "test_data_loss": 1.1842682361602783,
    "test_physics_loss": 0.003995125647634268,
    "test_total_loss": 1.1842682361602783,
    "test_actual_physics_residual": 2.949215871517197e-10,
    "training_time_seconds": 5.579578023000067,
    "evaluation_time_seconds": 0.24477720400136604,
    "parameter_names": [
        "s",
        "t0",
        "x0"
    ],
    "timestamp": "2026-05-26T17:07:46.867141"
}