{
    "train_mae": 0.0014179312623957,
    "train_rmse": 0.0021371720348444434,
    "test_mae": 0.0012073129391240653,
    "test_rmse": 0.002017412224961647,
    "per_parameter_mae_train": {
        "s": 0.0027793556241654076,
        "t0": 0.000533839912108684,
        "x0": 0.0009405982509130087
    },
    "per_parameter_mae_test": {
        "s": 0.0022542990769140758,
        "t0": 0.0004655837225557019,
        "x0": 0.0009020560179024182
    },
    "per_parameter_rmse_train": {
        "s": 0.00341410914058763,
        "t0": 0.0006071046032765143,
        "x0": 0.0012952975319979112
    },
    "per_parameter_rmse_test": {
        "s": 0.0032565048129686676,
        "t0": 0.0005619004302994486,
        "x0": 0.0011354737186810235
    },
    "train_data_loss": 0.46754127740859985,
    "train_physics_loss": 0.001142069697380066,
    "train_total_loss": 0.46754127740859985,
    "train_actual_physics_residual": 2.6961671784064833e-10,
    "test_data_loss": 0.3987526595592499,
    "test_physics_loss": 0.00103906134609133,
    "test_total_loss": 0.3987526595592499,
    "test_actual_physics_residual": 3.0572303022502467e-10,
    "training_time_seconds": 10.46669014100189,
    "evaluation_time_seconds": 0.05046111999763525,
    "parameter_names": [
        "s",
        "t0",
        "x0"
    ],
    "timestamp": "2026-05-24T05:37:28.136464"
}