{
  "observation_mode": "event_traces",
  "time_axis_size": 128,
  "records": [
    {
      "fraction": 0.25,
      "kept_steps": 32,
      "active_test_mae": 0.002701651946321791,
      "test_mae": 0.002701651946321791
    },
    {
      "fraction": 0.5,
      "kept_steps": 64,
      "active_test_mae": 0.002706349059786831,
      "test_mae": 0.002706349059786831
    },
    {
      "fraction": 0.75,
      "kept_steps": 96,
      "active_test_mae": 0.002711363682609617,
      "test_mae": 0.002711363682609617
    },
    {
      "fraction": 1.0,
      "kept_steps": 128,
      "active_test_mae": 0.002711363682609617,
      "test_mae": 0.002711363682609617
    }
  ]
}