{
    "train_mae": 0.002748907418058952,
    "train_rmse": 0.003961121085600657,
    "test_mae": 0.0026569639381013245,
    "test_rmse": 0.004313085958061587,
    "per_parameter_mae_train": {
        "s": 0.0051844277448463046,
        "t0": 0.0004317089281223857,
        "x0": 0.002630585581208167
    },
    "per_parameter_mae_test": {
        "s": 0.0058115938684421475,
        "t0": 0.0005462067470779843,
        "x0": 0.0016130911987838417
    },
    "per_parameter_rmse_train": {
        "s": 0.006139319258676829,
        "t0": 0.0005226215947797894,
        "x0": 0.0030177916550153065
    },
    "per_parameter_rmse_test": {
        "s": 0.00720648133117084,
        "t0": 0.0005681142542744503,
        "x0": 0.0018846762221825981
    },
    "train_data_loss": 1.0006577968597412,
    "train_physics_loss": 0.0036929799243807793,
    "train_total_loss": 1.0006577968597412,
    "train_actual_physics_residual": 2.364869966520189e-10,
    "test_data_loss": 0.9842256903648376,
    "test_physics_loss": 0.00508842384442687,
    "test_total_loss": 0.9842256903648376,
    "test_actual_physics_residual": 3.2109151448800333e-10,
    "training_time_seconds": 5.605842209000002,
    "evaluation_time_seconds": 0.076540758000192,
    "parameter_names": [
        "s",
        "t0",
        "x0"
    ],
    "timestamp": "2026-05-26T14:17:44.086861"
}