{
    "train_mae": 0.0020966162407833385,
    "train_rmse": 0.002838343090651871,
    "test_mae": 0.0020216031809061827,
    "test_rmse": 0.0027717091248827177,
    "per_parameter_mae_train": {
        "s": 0.003946158292701933,
        "t0": 0.0004615252243892036,
        "x0": 0.0018821652052588799
    },
    "per_parameter_mae_test": {
        "s": 0.004143774970967962,
        "t0": 0.0002714351432872089,
        "x0": 0.0016495994284633775
    },
    "per_parameter_rmse_train": {
        "s": 0.004383964604780172,
        "t0": 0.0005310201495466899,
        "x0": 0.002160427375674473
    },
    "per_parameter_rmse_test": {
        "s": 0.004484285796663265,
        "t0": 0.0003181598260229166,
        "x0": 0.0016843603052267466
    },
    "train_data_loss": 0.5965984463691711,
    "train_physics_loss": 0.0018830903572961688,
    "train_total_loss": 0.5965984463691711,
    "train_actual_physics_residual": 2.0537377354301611e-10,
    "test_data_loss": 0.367973268032074,
    "test_physics_loss": 0.001970240380614996,
    "test_total_loss": 0.367973268032074,
    "test_actual_physics_residual": 2.212605099138898e-10,
    "training_time_seconds": 0.17113628600054653,
    "evaluation_time_seconds": 0.05098910200104001,
    "parameter_names": [
        "s",
        "t0",
        "x0"
    ],
    "timestamp": "2026-05-26T09:54:20.904235"
}