{
    "train_mae": 0.0028923864674615485,
    "train_rmse": 0.004196969955383187,
    "test_mae": 0.0030033631501794563,
    "test_rmse": 0.004484093894801247,
    "per_parameter_mae_train": {
        "s": 0.005776605977698309,
        "t0": 0.0005636907006481073,
        "x0": 0.0023368627240382286
    },
    "per_parameter_mae_test": {
        "s": 0.006577124643753331,
        "t0": 0.0004471984816546816,
        "x0": 0.001985766325130356
    },
    "per_parameter_rmse_train": {
        "s": 0.006724106416047582,
        "t0": 0.0006274976561074882,
        "x0": 0.002690039036225087
    },
    "per_parameter_rmse_test": {
        "s": 0.007327142359552266,
        "t0": 0.0005241738141816249,
        "x0": 0.0025218090386788937
    },
    "train_data_loss": 0.9713438153266907,
    "train_physics_loss": 0.004430023487657309,
    "train_total_loss": 0.9713438153266907,
    "train_actual_physics_residual": 2.6961671784064833e-10,
    "test_data_loss": 0.8957901000976562,
    "test_physics_loss": 0.0052602458745241165,
    "test_total_loss": 0.8957901000976562,
    "test_actual_physics_residual": 3.0572303022502467e-10,
    "training_time_seconds": 9.153183945996716,
    "evaluation_time_seconds": 0.07803001499996753,
    "parameter_names": [
        "s",
        "t0",
        "x0"
    ],
    "timestamp": "2026-05-26T01:55:33.100771"
}