{
    "train_mae": 0.0029218777353356117,
    "train_rmse": 0.004235389354469821,
    "test_mae": 0.003016868858603201,
    "test_rmse": 0.004474672850933666,
    "per_parameter_mae_train": {
        "s": 0.005787161145822914,
        "t0": 0.0005703547038829545,
        "x0": 0.002408117356300966
    },
    "per_parameter_mae_test": {
        "s": 0.006603919224066206,
        "t0": 0.00043660703661409174,
        "x0": 0.0020100803151293046
    },
    "per_parameter_rmse_train": {
        "s": 0.006744598667494074,
        "t0": 0.0006318259902038868,
        "x0": 0.002815449108829512
    },
    "per_parameter_rmse_test": {
        "s": 0.007358318501334924,
        "t0": 0.0005138478412360615,
        "x0": 0.002378907437799477
    },
    "train_data_loss": 1.0073591470718384,
    "train_physics_loss": 0.0044570667669177055,
    "train_total_loss": 1.0073591470718384,
    "train_actual_physics_residual": 2.6961671784064833e-10,
    "test_data_loss": 0.8602942824363708,
    "test_physics_loss": 0.005305103957653046,
    "test_total_loss": 0.8602942824363708,
    "test_actual_physics_residual": 3.0572303022502467e-10,
    "training_time_seconds": 4.447026253998047,
    "evaluation_time_seconds": 0.0854148639991763,
    "parameter_names": [
        "s",
        "t0",
        "x0"
    ],
    "timestamp": "2026-05-26T01:23:10.171104"
}