{
    "train_mae": 0.0027589634081768067,
    "train_rmse": 0.003966373342739011,
    "test_mae": 0.0026506928406467537,
    "test_rmse": 0.004143970021661939,
    "per_parameter_mae_train": {
        "s": 0.005457475445542672,
        "t0": 0.0005220402478145554,
        "x0": 0.0022973745311731927
    },
    "per_parameter_mae_test": {
        "s": 0.005130448039062869,
        "t0": 0.0007438141261929906,
        "x0": 0.0020778163566844013
    },
    "per_parameter_rmse_train": {
        "s": 0.006279817678058479,
        "t0": 0.0005840142815657355,
        "x0": 0.0027238152894870434
    },
    "per_parameter_rmse_test": {
        "s": 0.006711216630593376,
        "t0": 0.0007753995820672739,
        "x0": 0.002424002773652568
    },
    "train_data_loss": 0.9842089414596558,
    "train_physics_loss": 0.0038639402482658625,
    "train_total_loss": 0.9842089414596558,
    "train_actual_physics_residual": 2.6906588068698056e-10,
    "test_data_loss": 1.2093514204025269,
    "test_physics_loss": 0.0044130622409284115,
    "test_total_loss": 1.2093514204025269,
    "test_actual_physics_residual": 2.949215871517197e-10,
    "training_time_seconds": 20.03256136500022,
    "evaluation_time_seconds": 0.19815998999911244,
    "parameter_names": [
        "s",
        "t0",
        "x0"
    ],
    "timestamp": "2026-05-26T17:42:34.072108"
}