{
    "train_mae": 0.0015248662276616215,
    "train_rmse": 0.0023797746432838375,
    "test_mae": 0.0013655417806297556,
    "test_rmse": 0.0019992404569673574,
    "per_parameter_mae_train": {
        "s": 0.0032293408923344167,
        "t0": 0.00040491435790065283,
        "x0": 0.0009403434327497953
    },
    "per_parameter_mae_test": {
        "s": 0.002295877449851158,
        "t0": 0.0003712133186412128,
        "x0": 0.0014295345733968956
    },
    "per_parameter_rmse_train": {
        "s": 0.003918250864295269,
        "t0": 0.0004981852288403267,
        "x0": 0.0011786024353720107
    },
    "per_parameter_rmse_test": {
        "s": 0.002995641655351476,
        "t0": 0.0004312164774161309,
        "x0": 0.0016825785677504139
    },
    "train_data_loss": 0.42148154973983765,
    "train_physics_loss": 0.0015042598824948072,
    "train_total_loss": 0.42148154973983765,
    "train_actual_physics_residual": 2.0537377354301611e-10,
    "test_data_loss": 0.35293668508529663,
    "test_physics_loss": 0.0008792412700131536,
    "test_total_loss": 0.35293668508529663,
    "test_actual_physics_residual": 2.212605099138898e-10,
    "training_time_seconds": 3.5749409300005937,
    "evaluation_time_seconds": 0.07014199800050847,
    "parameter_names": [
        "s",
        "t0",
        "x0"
    ],
    "timestamp": "2026-05-26T19:10:56.952471"
}