{
    "train_mae": 0.015487866900356962,
    "train_rmse": 0.021064641451000246,
    "test_mae": 0.023917521757378175,
    "test_rmse": 0.037419110543406,
    "per_parameter_mae_train": {
        "beta": 0.006693348514008397,
        "rho": 0.02143447901375642,
        "sigma": 0.018335773173306067
    },
    "per_parameter_mae_test": {
        "beta": 0.009733009635047486,
        "rho": 0.041405296814110246,
        "sigma": 0.02061425882297679
    },
    "per_parameter_rmse_train": {
        "beta": 0.008271084653293667,
        "rho": 0.027685218688881724,
        "sigma": 0.022277234639524662
    },
    "per_parameter_rmse_test": {
        "beta": 0.012391592392274768,
        "rho": 0.05653074237183871,
        "sigma": 0.029176927638999837
    },
    "train_data_loss": 0.0015943885082378983,
    "train_physics_loss": 0.001258642179891467,
    "train_total_loss": 0.0028530308045446873,
    "train_actual_physics_residual": 0.0010048438562080264,
    "test_data_loss": 0.00473168957978487,
    "test_physics_loss": 0.0028542589861899614,
    "test_total_loss": 0.007585948333144188,
    "test_actual_physics_residual": 0.0010150832822546363,
    "training_time_seconds": 11.922098521999942,
    "evaluation_time_seconds": 0.13239948999989792,
    "parameter_names": [
        "beta",
        "rho",
        "sigma"
    ],
    "timestamp": "2026-05-11T20:52:04.461396"
}