{
  "train": {
    "event_abs_mean": 0.015625,
    "event_active_fraction_gt_1e_6": 0.015625,
    "spike_mean": 0.03840397670865059,
    "spike_active_fraction_gt_0p5": 0.0036093750968575478,
    "spike_count_per_sample_mean": 9.239999771118164,
    "first_spike_flat_index_mean": 909.0,
    "mem_abs_mean": 1.3381426334381104
  },
  "test": {
    "event_abs_mean": 0.015625,
    "event_active_fraction_gt_1e_6": 0.015625,
    "spike_mean": 0.03838266804814339,
    "spike_active_fraction_gt_0p5": 0.003292410634458065,
    "spike_count_per_sample_mean": 8.428571701049805,
    "first_spike_flat_index_mean": 909.0000610351562,
    "mem_abs_mean": 1.3383501768112183
  }
}