{
  "train_polynomial_residual": {
    "mean": 0.0003370310719479149,
    "median": 0.00037258564967516825,
    "max": 0.0006148038083196689,
    "mse": 1.487910686442859e-07
  },
  "test_polynomial_residual": {
    "mean": 0.0003390196881901468,
    "median": 0.00037339167619940966,
    "max": 0.0005683294760402065,
    "mse": 1.601151702775919e-07
  },
  "train_forward_linear_error": {
    "mean": 0.00021849626238286757,
    "median": 0.0001997544669103943,
    "max": 0.0005148470943498761,
    "mse": 7.568919641305287e-08
  },
  "test_forward_linear_error": {
    "mean": 0.00011081550122295721,
    "median": 8.305844012459559e-05,
    "max": 0.0003043333075780703,
    "mse": 2.0260324412576717e-08
  },
  "train_forward_quadratic_error": {
    "mean": 1.7795695335729017e-06,
    "median": 1.4418113393408465e-06,
    "max": 4.929808848700558e-06,
    "mse": 5.394095299289755e-12
  },
  "test_forward_quadratic_error": {
    "mean": 8.691172342668875e-07,
    "median": 7.397940818891844e-07,
    "max": 2.291446571050968e-06,
    "mse": 1.3366464625187529e-12
  },
  "train_observed_forward_residual": {
    "mean": 0.0003366667022762125,
    "median": 0.0003731741310106494,
    "max": 0.0006136750525941353,
    "mse": 1.4846606510314744e-07
  },
  "test_observed_forward_residual": {
    "mean": 0.0003385797501951942,
    "median": 0.00037302762875072537,
    "max": 0.000567293878159611,
    "mse": 1.5966591766797856e-07
  },
  "train_clean_forward_residual": {
    "mean": 0.0003366667022762125,
    "median": 0.0003731741310106494,
    "max": 0.0006136750525941353,
    "mse": 1.4846606510314744e-07
  },
  "test_clean_forward_residual": {
    "mean": 0.0003385797501951942,
    "median": 0.00037302762875072537,
    "max": 0.000567293878159611,
    "mse": 1.5966591766797856e-07
  },
  "train_observation_noise_floor": {
    "mean": 0.0,
    "median": 0.0,
    "max": 0.0,
    "mse": 0.0
  },
  "test_observation_noise_floor": {
    "mean": 0.0,
    "median": 0.0,
    "max": 0.0,
    "mse": 0.0
  }
}
