{
  "train_observed_forward_residual": {
    "mean": 0.00014075835585759152,
    "median": 0.0001427137659896963,
    "max": 0.00015272206652273198,
    "mse": 1.9861045154013184e-08
  },
  "test_observed_forward_residual": {
    "mean": 0.00013702737540642032,
    "median": 0.00013623551927017337,
    "max": 0.00014565016281175395,
    "mse": 1.8808218155968903e-08
  },
  "train_clean_forward_residual": {
    "mean": 1.1761571634144889e-05,
    "median": 1.2677999367537979e-05,
    "max": 2.1261443818020504e-05,
    "mse": 1.6516814457367816e-10
  },
  "test_clean_forward_residual": {
    "mean": 1.2541831290731519e-05,
    "median": 1.1651400022568486e-05,
    "max": 2.0679781240625177e-05,
    "mse": 1.7059754862450254e-10
  },
  "train_observation_noise_floor": {
    "mean": 0.00014134642406194532,
    "median": 0.00014339923449353657,
    "max": 0.0001531237899332567,
    "mse": 2.0025988529165427e-08
  },
  "test_observation_noise_floor": {
    "mean": 0.00013765334995130869,
    "median": 0.00013693375603809714,
    "max": 0.00014597991709933597,
    "mse": 1.8979072195758936e-08
  }
}
