{
    "train_mae": 0.002917254192625483,
    "train_rmse": 0.004230988620737463,
    "test_mae": 0.0030122200783917765,
    "test_rmse": 0.004469069791009562,
    "per_parameter_mae_train": {
        "s": 0.005790141378061684,
        "t0": 0.0005668917270747858,
        "x0": 0.0023947294727399795
    },
    "per_parameter_mae_test": {
        "s": 0.0065953453251639,
        "t0": 0.0004417502297123067,
        "x0": 0.001999564680299123
    },
    "per_parameter_rmse_train": {
        "s": 0.006744429840273798,
        "t0": 0.0006297218087118289,
        "x0": 0.0027964103239129187
    },
    "per_parameter_rmse_test": {
        "s": 0.00735149249529459,
        "t0": 0.0005175848285153599,
        "x0": 0.0023675764882387204
    },
    "train_data_loss": 1.0005552768707275,
    "train_physics_loss": 0.004456843249499798,
    "train_total_loss": 1.0005552768707275,
    "train_actual_physics_residual": 2.6961671784064833e-10,
    "test_data_loss": 0.860515296459198,
    "test_physics_loss": 0.005295266397297382,
    "test_total_loss": 0.860515296459198,
    "test_actual_physics_residual": 3.0572303022502467e-10,
    "training_time_seconds": 40.7096727950011,
    "evaluation_time_seconds": 0.14410328599842614,
    "parameter_names": [
        "s",
        "t0",
        "x0"
    ],
    "timestamp": "2026-05-24T03:58:40.653571"
}