{
  "train": {
    "event_abs_mean": 0.015625,
    "event_active_fraction_gt_1e_6": 0.015625,
    "spike_mean": 0.05782731994986534,
    "spike_active_fraction_gt_0p5": 0.004258578643202782,
    "spike_count_per_sample_mean": 10.901961326599121,
    "first_spike_flat_index_mean": 169.97059631347656,
    "mem_abs_mean": 0.8429251909255981
  },
  "test": {
    "event_abs_mean": 0.015625,
    "event_active_fraction_gt_1e_6": 0.015625,
    "spike_mean": 0.057838935405015945,
    "spike_active_fraction_gt_0p5": 0.0041917068883776665,
    "spike_count_per_sample_mean": 10.730769157409668,
    "first_spike_flat_index_mean": 159.11538696289062,
    "mem_abs_mean": 0.842772901058197
  }
}