{
  "observation_mode": "event_traces",
  "time_axis_size": 128,
  "records": [
    {
      "fraction": 0.25,
      "kept_steps": 32,
      "active_test_mae": 0.0024013598447999267,
      "test_mae": 0.0024013598447999267
    },
    {
      "fraction": 0.5,
      "kept_steps": 64,
      "active_test_mae": 0.002486813391982464,
      "test_mae": 0.002486813391982464
    },
    {
      "fraction": 0.75,
      "kept_steps": 96,
      "active_test_mae": 0.002486813391982464,
      "test_mae": 0.002486813391982464
    },
    {
      "fraction": 1.0,
      "kept_steps": 128,
      "active_test_mae": 0.002486813391982464,
      "test_mae": 0.002486813391982464
    }
  ]
}