{
    "train_mae": 0.0027836168316735695,
    "train_rmse": 0.004058101498562941,
    "test_mae": 0.0026936142981819353,
    "test_rmse": 0.003944597622841518,
    "per_parameter_mae_train": {
        "s": 0.005499844370969239,
        "t0": 0.0005113208018315946,
        "x0": 0.0023396853222198747
    },
    "per_parameter_mae_test": {
        "s": 0.005340980814354899,
        "t0": 0.000741127332205423,
        "x0": 0.0019987347479854833
    },
    "per_parameter_rmse_train": {
        "s": 0.006418165399927509,
        "t0": 0.0005929977896480875,
        "x0": 0.0028035816090426573
    },
    "per_parameter_rmse_test": {
        "s": 0.006385647183137294,
        "t0": 0.0007611485162470817,
        "x0": 0.002307317534949729
    },
    "train_data_loss": 1.0285890102386475,
    "train_physics_loss": 0.004036067519336939,
    "train_total_loss": 1.0285890102386475,
    "train_actual_physics_residual": 2.6906588068698056e-10,
    "test_data_loss": 1.1283243894577026,
    "test_physics_loss": 0.003995282109826803,
    "test_total_loss": 1.1283243894577026,
    "test_actual_physics_residual": 2.949215871517197e-10,
    "training_time_seconds": 7.15223805399728,
    "evaluation_time_seconds": 0.231036083001527,
    "parameter_names": [
        "s",
        "t0",
        "x0"
    ],
    "timestamp": "2026-05-24T12:58:56.517397"
}