{
  "observation_mode": "event_traces",
  "time_axis_size": 128,
  "records": [
    {
      "fraction": 0.25,
      "kept_steps": 32,
      "active_test_mae": 0.0012579186272823966,
      "test_mae": 0.0008386124181882645
    },
    {
      "fraction": 0.5,
      "kept_steps": 64,
      "active_test_mae": 0.0012232126244612652,
      "test_mae": 0.0008154750829741769
    },
    {
      "fraction": 0.75,
      "kept_steps": 96,
      "active_test_mae": 0.001226763399237284,
      "test_mae": 0.0008178422661581892
    },
    {
      "fraction": 1.0,
      "kept_steps": 128,
      "active_test_mae": 0.001226763399237284,
      "test_mae": 0.0008178422661581892
    }
  ]
}