{
    "train_mae": 0.0027317554340532454,
    "train_rmse": 0.0039529096476204496,
    "test_mae": 0.0026829993549691514,
    "test_rmse": 0.004376526832556907,
    "per_parameter_mae_train": {
        "s": 0.005124158946426763,
        "t0": 0.00043204241775906036,
        "x0": 0.002639064937973914
    },
    "per_parameter_mae_test": {
        "s": 0.005964096295043226,
        "t0": 0.0005494711657480936,
        "x0": 0.0015354306041161345
    },
    "per_parameter_rmse_train": {
        "s": 0.006126726928803423,
        "t0": 0.0005209277764454398,
        "x0": 0.003011367702283312
    },
    "per_parameter_rmse_test": {
        "s": 0.007334096310256213,
        "t0": 0.0005705145862476474,
        "x0": 0.0018296190223750556
    },
    "train_data_loss": 0.9957132935523987,
    "train_physics_loss": 0.0036778466310352087,
    "train_total_loss": 0.9957132935523987,
    "train_actual_physics_residual": 2.364869966520189e-10,
    "test_data_loss": 0.996527373790741,
    "test_physics_loss": 0.00527023384347558,
    "test_total_loss": 0.996527373790741,
    "test_actual_physics_residual": 3.2109151448800333e-10,
    "training_time_seconds": 1.1596465109996643,
    "evaluation_time_seconds": 0.059880476001126226,
    "parameter_names": [
        "s",
        "t0",
        "x0"
    ],
    "timestamp": "2026-05-26T05:43:00.618624"
}