{
    "train_mae": 0.0026889236230800443,
    "train_rmse": 0.003934608291761155,
    "test_mae": 0.0028331204069919616,
    "test_rmse": 0.004004250509703345,
    "per_parameter_mae_train": {
        "s": 0.005296424517763481,
        "t0": 0.0004823722283264174,
        "x0": 0.0022879741231502347
    },
    "per_parameter_mae_test": {
        "s": 0.005500987190768098,
        "t0": 0.0007440347780029764,
        "x0": 0.002254339252204811
    },
    "per_parameter_rmse_train": {
        "s": 0.006233013394958798,
        "t0": 0.0005687217070608965,
        "x0": 0.002696206013450908
    },
    "per_parameter_rmse_test": {
        "s": 0.00639683129768548,
        "t0": 0.0007633047263640269,
        "x0": 0.0025690429496293588
    },
    "train_data_loss": 0.9558967351913452,
    "train_physics_loss": 0.0038065628614276648,
    "train_total_loss": 0.9558967351913452,
    "train_actual_physics_residual": 2.6906588068698056e-10,
    "test_data_loss": 1.1895700693130493,
    "test_physics_loss": 0.00400928920134902,
    "test_total_loss": 1.1895700693130493,
    "test_actual_physics_residual": 2.949215871517197e-10,
    "training_time_seconds": 1.8142577169999186,
    "evaluation_time_seconds": 0.05030591399986406,
    "parameter_names": [
        "s",
        "t0",
        "x0"
    ],
    "timestamp": "2026-05-26T13:24:04.995923"
}