{
    "train_mae": 0.002225013006214676,
    "train_rmse": 0.0036582051958892804,
    "test_mae": 0.0022901876373048282,
    "test_rmse": 0.0037538031185564936,
    "per_parameter_mae_train": {
        "s": 0.005322245919100636,
        "t0": 0.0005056577683516481,
        "x0": 0.0008471353311917439
    },
    "per_parameter_mae_test": {
        "s": 0.005086918308486134,
        "t0": 0.0007331448947781957,
        "x0": 0.0010504997086501554
    },
    "per_parameter_rmse_train": {
        "s": 0.006224847770259611,
        "t0": 0.0005738381946730892,
        "x0": 0.00103410624653479
    },
    "per_parameter_rmse_test": {
        "s": 0.006338000960031208,
        "t0": 0.0007708662616989897,
        "x0": 0.0012282599870837964
    },
    "train_data_loss": 0.6840452551841736,
    "train_physics_loss": 0.003796591889113188,
    "train_total_loss": 0.6840452551841736,
    "train_actual_physics_residual": 2.6906588068698056e-10,
    "test_data_loss": 0.9672372341156006,
    "test_physics_loss": 0.00393588375300169,
    "test_total_loss": 0.9672372341156006,
    "test_actual_physics_residual": 2.949215871517197e-10,
    "training_time_seconds": 14.968917292999777,
    "evaluation_time_seconds": 0.15678513000011662,
    "parameter_names": [
        "s",
        "t0",
        "x0"
    ],
    "timestamp": "2026-05-26T18:53:30.321265"
}