{
    "train_mae": 0.0025877700602125833,
    "train_rmse": 0.0037632413194405023,
    "test_mae": 0.002771115529021193,
    "test_rmse": 0.003989851079265606,
    "per_parameter_mae_train": {
        "s": 0.005124150918105388,
        "t0": 0.00047520304209190244,
        "x0": 0.0021639562204404605
    },
    "per_parameter_mae_test": {
        "s": 0.005457595009371614,
        "t0": 0.0007325815162607513,
        "x0": 0.002123170061431214
    },
    "per_parameter_rmse_train": {
        "s": 0.0059587675491711645,
        "t0": 0.0005597920200880072,
        "x0": 0.00258179741153781
    },
    "per_parameter_rmse_test": {
        "s": 0.0064064546185889255,
        "t0": 0.0007537492792188656,
        "x0": 0.002479099866521805
    },
    "train_data_loss": 0.8914753198623657,
    "train_physics_loss": 0.0034789617639034986,
    "train_total_loss": 0.8914753198623657,
    "train_actual_physics_residual": 2.6906588068698056e-10,
    "test_data_loss": 1.1565712690353394,
    "test_physics_loss": 0.004021361470222473,
    "test_total_loss": 1.1565712690353394,
    "test_actual_physics_residual": 2.949215871517197e-10,
    "training_time_seconds": 4.86039814600008,
    "evaluation_time_seconds": 0.061277974000404356,
    "parameter_names": [
        "s",
        "t0",
        "x0"
    ],
    "timestamp": "2026-05-26T06:26:48.207171"
}