{
    "train_mae": 5.7790758170154595e-05,
    "train_rmse": 0.00013513923545082252,
    "test_mae": 6.591124509857407e-05,
    "test_rmse": 0.00014630763611877962,
    "per_parameter_mae_train": {
        "a": 3.980100532840505e-05,
        "d": 0.00023688920671589215,
        "epsilon": 9.499490256914545e-11,
        "k": 0.0,
        "mu1": 7.004232105276158e-05,
        "mu2": 1.1920928966180355e-08
    },
    "per_parameter_mae_test": {
        "a": 4.824885509478311e-05,
        "d": 0.0002637697177806012,
        "epsilon": 9.499490256914545e-11,
        "k": 0.0,
        "mu1": 8.343688179219138e-05,
        "mu2": 1.1920928966180355e-08
    },
    "per_parameter_rmse_train": {
        "a": 5.230611305544346e-05,
        "d": 0.0003135847142258115,
        "epsilon": 9.499490256914543e-11,
        "k": 0.0,
        "mu1": 9.221916909312712e-05,
        "mu2": 1.1920928966180357e-08
    },
    "per_parameter_rmse_test": {
        "a": 6.232693930017711e-05,
        "d": 0.0003353418252819651,
        "epsilon": 9.499490256914543e-11,
        "k": 0.0,
        "mu1": 0.00010998526734024795,
        "mu2": 1.1920928966180355e-08
    },
    "train_data_loss": 0.003965232986956835,
    "train_physics_loss": 0.0,
    "train_total_loss": 0.003965232986956835,
    "train_actual_physics_residual": 0.0,
    "test_data_loss": 0.005378667265176773,
    "test_physics_loss": 0.0,
    "test_total_loss": 0.005378667265176773,
    "test_actual_physics_residual": 0.0,
    "training_time_seconds": 54.298308295001334,
    "evaluation_time_seconds": 0.046140868002112256,
    "parameter_names": [
        "a",
        "d",
        "epsilon",
        "k",
        "mu1",
        "mu2"
    ],
    "timestamp": "2026-06-19T18:30:18.074601"
}