{
  "train": {
    "event_abs_mean": 0.015625,
    "event_active_fraction_gt_1e_6": 0.015625,
    "spike_mean": 0.0329764150083065,
    "spike_active_fraction_gt_0p5": 0.003228400833904743,
    "spike_count_per_sample_mean": 8.2647066116333,
    "first_spike_flat_index_mean": 828.1961059570312,
    "mem_abs_mean": 1.7042570114135742
  },
  "test": {
    "event_abs_mean": 0.015625,
    "event_active_fraction_gt_1e_6": 0.015625,
    "spike_mean": 0.032961405813694,
    "spike_active_fraction_gt_0p5": 0.003155048005282879,
    "spike_count_per_sample_mean": 8.076923370361328,
    "first_spike_flat_index_mean": 839.269287109375,
    "mem_abs_mean": 1.704348087310791
  }
}