{
    "train_mae": 0.0008180687015532497,
    "train_rmse": 0.001356167348528972,
    "test_mae": 0.0014415819453458042,
    "test_rmse": 0.002376212493101202,
    "per_parameter_mae_train": {
        "s": 0.0017491838108522994,
        "t0": 0.00027174675268403945,
        "x0": 0.00043327554112341013
    },
    "per_parameter_mae_test": {
        "s": 0.003212995980871198,
        "t0": 0.0006029248240563953,
        "x0": 0.0005088250311098195
    },
    "per_parameter_rmse_train": {
        "s": 0.002263227910280238,
        "t0": 0.00033471398656042303,
        "x0": 0.0005322927812564108
    },
    "per_parameter_rmse_test": {
        "s": 0.00400035229900212,
        "t0": 0.0006634581843023025,
        "x0": 0.0007043877899718576
    },
    "train_data_loss": 0.19250644743442535,
    "train_physics_loss": 0.0005018719239160419,
    "train_total_loss": 0.19250644743442535,
    "train_actual_physics_residual": 2.364869966520189e-10,
    "test_data_loss": 0.6972340941429138,
    "test_physics_loss": 0.0015679553616791964,
    "test_total_loss": 0.6972340941429138,
    "test_actual_physics_residual": 3.2109151448800333e-10,
    "training_time_seconds": 3.3251617130008526,
    "evaluation_time_seconds": 0.10439851800038014,
    "parameter_names": [
        "s",
        "t0",
        "x0"
    ],
    "timestamp": "2026-05-26T10:46:17.939494"
}