{
  "train": {
    "event_abs_mean": 0.015625,
    "event_active_fraction_gt_1e_6": 0.015625,
    "spike_mean": 0.06543023884296417,
    "spike_active_fraction_gt_0p5": 0.005562500096857548,
    "spike_count_per_sample_mean": 14.239999771118164,
    "first_spike_flat_index_mean": 656.0799560546875,
    "mem_abs_mean": 1.6536979675292969
  },
  "test": {
    "event_abs_mean": 0.015625,
    "event_active_fraction_gt_1e_6": 0.015625,
    "spike_mean": 0.06542564183473587,
    "spike_active_fraction_gt_0p5": 0.005078124813735485,
    "spike_count_per_sample_mean": 13.000000953674316,
    "first_spike_flat_index_mean": 659.4285888671875,
    "mem_abs_mean": 1.6537692546844482
  }
}