{
  "observation_mode": "event_traces",
  "time_axis_size": 128,
  "records": [
    {
      "fraction": 0.25,
      "kept_steps": 32,
      "active_test_mae": 0.0030306863369171347,
      "test_mae": 0.0030306863369171347
    },
    {
      "fraction": 0.5,
      "kept_steps": 64,
      "active_test_mae": 0.003021949193883545,
      "test_mae": 0.003021949193883545
    },
    {
      "fraction": 0.75,
      "kept_steps": 96,
      "active_test_mae": 0.003022097536853635,
      "test_mae": 0.003022097536853635
    },
    {
      "fraction": 1.0,
      "kept_steps": 128,
      "active_test_mae": 0.003022097536853635,
      "test_mae": 0.003022097536853635
    }
  ]
}