{
    "train_mae": 0.0029294394610711446,
    "train_rmse": 0.004240901421920913,
    "test_mae": 0.003022097536853635,
    "test_rmse": 0.004543353027765342,
    "per_parameter_mae_train": {
        "s": 0.00583344810253288,
        "t0": 0.0005638624292263756,
        "x0": 0.0023910078514541777
    },
    "per_parameter_mae_test": {
        "s": 0.006607826782186752,
        "t0": 0.00044688278845060765,
        "x0": 0.0020115830399235458
    },
    "per_parameter_rmse_train": {
        "s": 0.006766665326482193,
        "t0": 0.0006282948222935115,
        "x0": 0.0027880496026820058
    },
    "per_parameter_rmse_test": {
        "s": 0.007478283737514516,
        "t0": 0.0005219419412252681,
        "x0": 0.0023935369552044524
    },
    "train_data_loss": 0.9992549419403076,
    "train_physics_loss": 0.004486278165131807,
    "train_total_loss": 0.9992549419403076,
    "train_actual_physics_residual": 2.6961671784064833e-10,
    "test_data_loss": 0.8833732604980469,
    "test_physics_loss": 0.0054794964380562305,
    "test_total_loss": 0.8833732604980469,
    "test_actual_physics_residual": 3.0572303022502467e-10,
    "training_time_seconds": 6.614006606999965,
    "evaluation_time_seconds": 0.058640538000020115,
    "parameter_names": [
        "s",
        "t0",
        "x0"
    ],
    "timestamp": "2026-05-26T03:25:27.330149"
}