{
    "train_mae": 0.0029172300859336294,
    "train_rmse": 0.004226111377504398,
    "test_mae": 0.003016013368581384,
    "test_rmse": 0.004484214245080178,
    "per_parameter_mae_train": {
        "s": 0.005794456286856012,
        "t0": 0.0005631236324603455,
        "x0": 0.002394110338484531
    },
    "per_parameter_mae_test": {
        "s": 0.006596129355491331,
        "t0": 0.0004457104682497609,
        "x0": 0.0020062002820030603
    },
    "per_parameter_rmse_train": {
        "s": 0.006736254975250266,
        "t0": 0.000627190852433359,
        "x0": 0.002794557687408925
    },
    "per_parameter_rmse_test": {
        "s": 0.007377628092020633,
        "t0": 0.0005195497683961204,
        "x0": 0.0023717512435598035
    },
    "train_data_loss": 0.9966248273849487,
    "train_physics_loss": 0.004446045029908419,
    "train_total_loss": 0.9966248273849487,
    "train_actual_physics_residual": 2.6961671784064833e-10,
    "test_data_loss": 0.8658971786499023,
    "test_physics_loss": 0.005332983564585447,
    "test_total_loss": 0.8658971786499023,
    "test_actual_physics_residual": 3.0572303022502467e-10,
    "training_time_seconds": 8.179646794000291,
    "evaluation_time_seconds": 0.09524040599990258,
    "parameter_names": [
        "s",
        "t0",
        "x0"
    ],
    "timestamp": "2026-05-26T04:45:50.707670"
}