{
    "train_mae": 0.0012828297777468332,
    "train_rmse": 0.0028881236584415303,
    "test_mae": 0.0009837485253963681,
    "test_rmse": 0.002091819045031063,
    "per_parameter_mae_train": {
        "a": 0.0007556948766965678,
        "d": 0.005682972717387173,
        "epsilon": 9.499490256914545e-11,
        "k": 0.0,
        "mu1": 0.0012582990564733896,
        "mu2": 1.1920928966180355e-08
    },
    "per_parameter_mae_test": {
        "a": 0.0006759052503503505,
        "d": 0.003896890114207885,
        "epsilon": 9.499490256914545e-11,
        "k": 0.0,
        "mu1": 0.0013296837718961049,
        "mu2": 1.1920928966180355e-08
    },
    "per_parameter_rmse_train": {
        "a": 0.0009653360112889251,
        "d": 0.00683130675514528,
        "epsilon": 9.499490256914543e-11,
        "k": 0.0,
        "mu1": 0.0015649038312213525,
        "mu2": 1.1920928966180355e-08
    },
    "per_parameter_rmse_test": {
        "a": 0.0008302334924110465,
        "d": 0.004771942720367866,
        "epsilon": 9.499490256914545e-11,
        "k": 0.0,
        "mu1": 0.001671381621411749,
        "mu2": 1.1920928966180354e-08
    },
    "train_data_loss": 0.34164074063301086,
    "train_physics_loss": 0.0,
    "train_total_loss": 0.34164074063301086,
    "train_actual_physics_residual": 0.0,
    "test_data_loss": 0.28095388412475586,
    "test_physics_loss": 0.0,
    "test_total_loss": 0.28095388412475586,
    "test_actual_physics_residual": 0.0,
    "training_time_seconds": 114.45866194499831,
    "evaluation_time_seconds": 0.4492873010021867,
    "parameter_names": [
        "a",
        "d",
        "epsilon",
        "k",
        "mu1",
        "mu2"
    ],
    "timestamp": "2026-06-18T01:26:59.888997"
}