{
    "train_mae": 0.002869435146050881,
    "train_rmse": 0.004167203175241013,
    "test_mae": 0.002994469370751692,
    "test_rmse": 0.00448282757515074,
    "per_parameter_mae_train": {
        "s": 0.005752258535792085,
        "t0": 0.0005142554109282327,
        "x0": 0.0023417914914323247
    },
    "per_parameter_mae_test": {
        "s": 0.0065799214770851,
        "t0": 0.0004630037421478867,
        "x0": 0.0019404828930220898
    },
    "per_parameter_rmse_train": {
        "s": 0.0066696380151631506,
        "t0": 0.0005789611241352492,
        "x0": 0.0026976804248552044
    },
    "per_parameter_rmse_test": {
        "s": 0.007387364863984102,
        "t0": 0.0005323464501941008,
        "x0": 0.0023303812625693875
    },
    "train_data_loss": 0.9183890223503113,
    "train_physics_loss": 0.004358544014394283,
    "train_total_loss": 0.9183890223503113,
    "train_actual_physics_residual": 2.6961671784064833e-10,
    "test_data_loss": 0.8700146675109863,
    "test_physics_loss": 0.005347071215510368,
    "test_total_loss": 0.8700146675109863,
    "test_actual_physics_residual": 3.0572303022502467e-10,
    "training_time_seconds": 3.7632170450001468,
    "evaluation_time_seconds": 0.016652598999826296,
    "parameter_names": [
        "s",
        "t0",
        "x0"
    ],
    "timestamp": "2026-05-24T14:09:40.707612"
}