{
  "train_polynomial_residual": {
    "mean": 1.4135349233819677e-05,
    "median": 1.4269032164392386e-05,
    "max": 1.533621458609067e-05,
    "mse": 2.0036512259059126e-10
  },
  "test_polynomial_residual": {
    "mean": 1.3722985762813032e-05,
    "median": 1.3638386264302804e-05,
    "max": 1.4580987046806759e-05,
    "mse": 1.886457402205824e-10
  },
  "train_forward_linear_error": {
    "mean": 0.00021975851854844091,
    "median": 0.00020019749624919839,
    "max": 0.0005136672691139572,
    "mse": 7.573422998561572e-08
  },
  "test_forward_linear_error": {
    "mean": 0.00011358443694803052,
    "median": 8.341295915436278e-05,
    "max": 0.0003053644261007466,
    "mse": 2.0642994691773452e-08
  },
  "train_forward_quadratic_error": {
    "mean": 1.4291805375933738e-05,
    "median": 1.441028248257596e-05,
    "max": 1.551912082295797e-05,
    "mse": 2.0479734121495156e-10
  },
  "test_forward_quadratic_error": {
    "mean": 1.383468748164077e-05,
    "median": 1.3858839045202032e-05,
    "max": 1.4679479748398358e-05,
    "mse": 1.9174038195528314e-10
  },
  "train_observed_forward_residual": {
    "mean": 1.4200414089099818e-05,
    "median": 1.4335996349133437e-05,
    "max": 1.5361742917097155e-05,
    "mse": 2.021708143023818e-10
  },
  "test_observed_forward_residual": {
    "mean": 1.3744151790890245e-05,
    "median": 1.3666460198886274e-05,
    "max": 1.4742936865966852e-05,
    "mse": 1.8926585766248494e-10
  },
  "train_clean_forward_residual": {
    "mean": 1.7036196676408865e-06,
    "median": 1.2998418318525321e-06,
    "max": 6.15305400351209e-06,
    "mse": 4.433174579853388e-12
  },
  "test_clean_forward_residual": {
    "mean": 1.6784501556205832e-06,
    "median": 1.697715074939247e-06,
    "max": 2.46251609345116e-06,
    "mse": 3.095347313136996e-12
  },
  "train_observation_noise_floor": {
    "mean": 1.4134642406195077e-05,
    "median": 1.4339923449345069e-05,
    "max": 1.5312378993319748e-05,
    "mse": 2.0025988529165444e-10
  },
  "test_observation_noise_floor": {
    "mean": 1.376533499511875e-05,
    "median": 1.3693375603748957e-05,
    "max": 1.4597991709935976e-05,
    "mse": 1.8979072195724866e-10
  }
}
