{
    "train_mae": 0.002948646347789265,
    "train_rmse": 0.004042107228236567,
    "test_mae": 0.0028816781619686615,
    "test_rmse": 0.004150719330621928,
    "per_parameter_mae_train": {
        "s": 0.005454255146593941,
        "t0": 0.0005018545962786359,
        "x0": 0.0028898293004952177
    },
    "per_parameter_mae_test": {
        "s": 0.005537897809941961,
        "t0": 0.00021911664184116192,
        "x0": 0.0028880200341228623
    },
    "per_parameter_rmse_train": {
        "s": 0.006208980256411007,
        "t0": 0.000588178992568559,
        "x0": 0.0031809593178609256
    },
    "per_parameter_rmse_test": {
        "s": 0.006564258867632327,
        "t0": 0.00024988170394488456,
        "x0": 0.002921211655724319
    },
    "train_data_loss": 1.0080397129058838,
    "train_physics_loss": 0.003777278121560812,
    "train_total_loss": 1.0080397129058838,
    "train_actual_physics_residual": 2.0537377354301611e-10,
    "test_data_loss": 0.7194411158561707,
    "test_physics_loss": 0.004221876617521048,
    "test_total_loss": 0.7194411158561707,
    "test_actual_physics_residual": 2.212605099138898e-10,
    "training_time_seconds": 1.706886854000004,
    "evaluation_time_seconds": 0.07845598099993367,
    "parameter_names": [
        "s",
        "t0",
        "x0"
    ],
    "timestamp": "2026-05-26T17:00:35.031271"
}