{
  "observation_mode": "event_traces",
  "time_axis_size": 128,
  "records": [
    {
      "fraction": 0.25,
      "kept_steps": 32,
      "active_test_mae": 0.0027865297639271453,
      "test_mae": 0.0027865297639271458
    },
    {
      "fraction": 0.5,
      "kept_steps": 64,
      "active_test_mae": 0.0019267610540258868,
      "test_mae": 0.0019267610540258868
    },
    {
      "fraction": 0.75,
      "kept_steps": 96,
      "active_test_mae": 0.0019267610540258868,
      "test_mae": 0.0019267610540258868
    },
    {
      "fraction": 1.0,
      "kept_steps": 128,
      "active_test_mae": 0.0019267610540258868,
      "test_mae": 0.0019267610540258868
    }
  ]
}