{
  "observation_mode": "event_traces",
  "time_axis_size": 128,
  "records": [
    {
      "fraction": 0.25,
      "kept_steps": 32,
      "active_test_mae": 0.0028938061501160186,
      "test_mae": 0.0028938061501160186
    },
    {
      "fraction": 0.5,
      "kept_steps": 64,
      "active_test_mae": 0.002756219395291124,
      "test_mae": 0.002756219395291124
    },
    {
      "fraction": 0.75,
      "kept_steps": 96,
      "active_test_mae": 0.0028697742672904245,
      "test_mae": 0.0028697742672904245
    },
    {
      "fraction": 1.0,
      "kept_steps": 128,
      "active_test_mae": 0.0028697742672904245,
      "test_mae": 0.0028697742672904245
    }
  ]
}