{
    "train_mae": 5.5325686083994206e-05,
    "train_rmse": 0.00010145452271099987,
    "test_mae": 4.0478662280412926e-05,
    "test_rmse": 7.690427237023447e-05,
    "per_parameter_mae_train": {
        "alpha": 4.072446074760982e-05,
        "beta": 0.0,
        "gamma": 0.0001252525975043728
    },
    "per_parameter_mae_test": {
        "alpha": 2.520077686986509e-05,
        "beta": 0.0,
        "gamma": 9.623520997137369e-05
    },
    "per_parameter_rmse_train": {
        "alpha": 5.483764254915129e-05,
        "beta": 0.0,
        "gamma": 0.00016694877506349625
    },
    "per_parameter_rmse_test": {
        "alpha": 3.311799500723422e-05,
        "beta": 0.0,
        "gamma": 0.0001290193773550564
    },
    "train_data_loss": 1.0293020178516787e-08,
    "train_physics_loss": 5.5745746571392233e-08,
    "train_total_loss": 6.603876674990902e-08,
    "train_actual_physics_residual": 5.5745746571392233e-08,
    "test_data_loss": 5.9142671087952104e-09,
    "test_physics_loss": 1.980470510456311e-08,
    "test_total_loss": 2.571897221335832e-08,
    "test_actual_physics_residual": 1.980470510456311e-08,
    "training_time_seconds": 0.475877247000426,
    "evaluation_time_seconds": 6.891999873914756e-06,
    "parameter_names": [
        "alpha",
        "beta",
        "gamma"
    ],
    "timestamp": "2026-07-01T15:28:12.297936"
}