{
  "train_polynomial_residual": {
    "mean": 0.00018638173850420126,
    "median": 0.00016343298258545124,
    "max": 0.0005115068929611522,
    "mse": 5.589197563872431e-08
  },
  "test_polynomial_residual": {
    "mean": 0.00011053811542938135,
    "median": 8.030473260468003e-05,
    "max": 0.0003044647808311673,
    "mse": 1.99402951696635e-08
  },
  "train_forward_linear_error": {
    "mean": 0.00021975851854844091,
    "median": 0.00020019749624919839,
    "max": 0.0005136672691139572,
    "mse": 7.573422998561572e-08
  },
  "test_forward_linear_error": {
    "mean": 0.00011358443694803052,
    "median": 8.341295915436278e-05,
    "max": 0.0003053644261007466,
    "mse": 2.0642994691773452e-08
  },
  "train_forward_quadratic_error": {
    "mean": 1.4291805375933738e-05,
    "median": 1.441028248257596e-05,
    "max": 1.551912082295797e-05,
    "mse": 2.0479734121495156e-10
  },
  "test_forward_quadratic_error": {
    "mean": 1.383468748164077e-05,
    "median": 1.3858839045202032e-05,
    "max": 1.4679479748398358e-05,
    "mse": 1.9174038195528314e-10
  },
  "train_observed_forward_residual": {
    "mean": 0.00018620664120209786,
    "median": 0.00016215863126910963,
    "max": 0.0005119675131812599,
    "mse": 5.5745746571392233e-08
  },
  "test_observed_forward_residual": {
    "mean": 0.00011041257194235583,
    "median": 7.970892223438352e-05,
    "max": 0.00030220949120904204,
    "mse": 1.980470510456311e-08
  },
  "train_clean_forward_residual": {
    "mean": 0.00018461517241570206,
    "median": 0.00016109529804446984,
    "max": 0.0005108679382441986,
    "mse": 5.540522852133987e-08
  },
  "test_clean_forward_residual": {
    "mean": 0.00010919526958270608,
    "median": 7.809833376838197e-05,
    "max": 0.0003025984548121091,
    "mse": 1.9805276237348346e-08
  },
  "train_observation_noise_floor": {
    "mean": 1.4134642406195077e-05,
    "median": 1.4339923449345069e-05,
    "max": 1.5312378993319748e-05,
    "mse": 2.0025988529165444e-10
  },
  "test_observation_noise_floor": {
    "mean": 1.376533499511875e-05,
    "median": 1.3693375603748957e-05,
    "max": 1.4597991709935976e-05,
    "mse": 1.8979072195724866e-10
  }
}
