{
    "train_mae": 0.00011279805097824304,
    "train_rmse": 0.00025557714411884516,
    "test_mae": 0.0001625927047075552,
    "test_rmse": 0.00040860022108466074,
    "per_parameter_mae_train": {
        "a": 8.345007431769895e-05,
        "d": 0.0004592649274156797,
        "epsilon": 9.499490256914545e-11,
        "k": 0.0,
        "mu1": 0.0001340612882122109,
        "mu2": 1.1920928966180355e-08
    },
    "per_parameter_mae_test": {
        "a": 0.00012514279580105604,
        "d": 0.0006621330957787916,
        "epsilon": 9.499490256914545e-11,
        "k": 0.0,
        "mu1": 0.00018826832074161486,
        "mu2": 1.1920928966180355e-08
    },
    "per_parameter_rmse_train": {
        "a": 0.0001076008251247115,
        "d": 0.0005930059592955294,
        "epsilon": 9.499490256914543e-11,
        "k": 0.0,
        "mu1": 0.00016936367410404842,
        "mu2": 1.1920928966180357e-08
    },
    "per_parameter_rmse_test": {
        "a": 0.00016900810043273966,
        "d": 0.0009534149903230451,
        "epsilon": 9.499490256914543e-11,
        "k": 0.0,
        "mu1": 0.00025330014231324276,
        "mu2": 1.1920928966180355e-08
    },
    "train_data_loss": 0.003634963184595108,
    "train_physics_loss": 0.0,
    "train_total_loss": 0.003634963184595108,
    "train_actual_physics_residual": 0.0,
    "test_data_loss": 0.008696562610566616,
    "test_physics_loss": 0.0,
    "test_total_loss": 0.008696562610566616,
    "test_actual_physics_residual": 0.0,
    "training_time_seconds": 116.95687242999702,
    "evaluation_time_seconds": 0.14787294599955203,
    "parameter_names": [
        "a",
        "d",
        "epsilon",
        "k",
        "mu1",
        "mu2"
    ],
    "timestamp": "2026-06-19T18:55:05.566801"
}