{
    "train_mae": 0.0016399757080483807,
    "train_rmse": 0.004609380077102259,
    "test_mae": 0.0015785590977115413,
    "test_rmse": 0.0044853532659861715,
    "per_parameter_mae_train": {
        "a": 0.00019501136486437575,
        "beta": 0.0,
        "d": 0.009574343024006983,
        "epsilon": 4.749745128457272e-11,
        "gamma": 7.049981192147587e-05,
        "k": 0.0
    },
    "per_parameter_mae_test": {
        "a": 0.00016667867606031533,
        "beta": 0.0,
        "d": 0.009239083603119449,
        "epsilon": 4.749745128457272e-11,
        "gamma": 6.559225959203483e-05,
        "k": 0.0
    },
    "per_parameter_rmse_train": {
        "a": 0.0002472527478482189,
        "beta": 0.0,
        "d": 0.011287528785980784,
        "epsilon": 4.7497451284572716e-11,
        "gamma": 9.417088435401255e-05,
        "k": 0.0
    },
    "per_parameter_rmse_test": {
        "a": 0.0002118680740340535,
        "beta": 0.0,
        "d": 0.010984426255249665,
        "epsilon": 4.7497451284572716e-11,
        "gamma": 8.863005327648267e-05,
        "k": 0.0
    },
    "train_data_loss": 0.3094993531703949,
    "train_physics_loss": 2.102425469274749e-06,
    "train_total_loss": 0.3094993531703949,
    "train_actual_physics_residual": 2.1023390672780806e-06,
    "test_data_loss": 0.2925715148448944,
    "test_physics_loss": 2.5011231628013775e-06,
    "test_total_loss": 0.2925715148448944,
    "test_actual_physics_residual": 2.5013162030518288e-06,
    "training_time_seconds": 116.34502509099912,
    "evaluation_time_seconds": 0.2969766729984258,
    "parameter_names": [
        "a",
        "beta",
        "d",
        "epsilon",
        "gamma",
        "k"
    ],
    "timestamp": "2026-05-11T01:35:25.930060"
}