{
    "train_mae": 0.0015531382457638356,
    "train_rmse": 0.002565047778321071,
    "test_mae": 0.0017690863841757349,
    "test_rmse": 0.00294589485713634,
    "per_parameter_mae_train": {
        "s": 0.0033067513328634743,
        "t0": 0.0005401738881936528,
        "x0": 0.00081248951623438
    },
    "per_parameter_mae_test": {
        "s": 0.0038694382491941083,
        "t0": 0.00044065427786486384,
        "x0": 0.000997166625468233
    },
    "per_parameter_rmse_train": {
        "s": 0.0042786296288995955,
        "t0": 0.0006099245919784287,
        "x0": 0.001029432273640207
    },
    "per_parameter_rmse_test": {
        "s": 0.004932454396680193,
        "t0": 0.0005288616941436724,
        "x0": 0.0011941894577682047
    },
    "train_data_loss": 0.4928493797779083,
    "train_physics_loss": 0.0017936869990080595,
    "train_total_loss": 0.4928493797779083,
    "train_actual_physics_residual": 2.6961671784064833e-10,
    "test_data_loss": 0.4747653901576996,
    "test_physics_loss": 0.002383762039244175,
    "test_total_loss": 0.4747653901576996,
    "test_actual_physics_residual": 3.0572303022502467e-10,
    "training_time_seconds": 18.26796584199974,
    "evaluation_time_seconds": 0.1599556080000184,
    "parameter_names": [
        "s",
        "t0",
        "x0"
    ],
    "timestamp": "2026-05-26T04:03:55.390890"
}