{
    "train_mae": 0.0009607779874717802,
    "train_rmse": 0.0016309024606448467,
    "test_mae": 0.0012127656230738807,
    "test_rmse": 0.002355637607593019,
    "per_parameter_mae_train": {
        "s": 0.002063792324805219,
        "t0": 0.00045595366739046135,
        "x0": 0.0003625879702196609
    },
    "per_parameter_mae_test": {
        "s": 0.002745872150100658,
        "t0": 0.0004381502709552912,
        "x0": 0.0004542744481656928
    },
    "per_parameter_rmse_train": {
        "s": 0.002735827997228955,
        "t0": 0.0005388515795451694,
        "x0": 0.0004521201756304719
    },
    "per_parameter_rmse_test": {
        "s": 0.004004413922424177,
        "t0": 0.0005496937515814754,
        "x0": 0.0005564095005365982
    },
    "train_data_loss": 0.30830782651901245,
    "train_physics_loss": 0.0007333557587116957,
    "train_total_loss": 0.30830782651901245,
    "train_actual_physics_residual": 2.6961671784064833e-10,
    "test_data_loss": 0.38539034128189087,
    "test_physics_loss": 0.0015711388550698757,
    "test_total_loss": 0.38539034128189087,
    "test_actual_physics_residual": 3.0572303022502467e-10,
    "training_time_seconds": 33.86453633700148,
    "evaluation_time_seconds": 0.17628038699695026,
    "parameter_names": [
        "s",
        "t0",
        "x0"
    ],
    "timestamp": "2026-05-24T04:52:55.246322"
}