{
    "train_mae": 0.002162711776762313,
    "train_rmse": 0.003236123356368842,
    "test_mae": 0.0026903757212939396,
    "test_rmse": 0.004036615909584375,
    "per_parameter_mae_train": {
        "s": 0.00432951775553008,
        "t0": 0.0004438083271365026,
        "x0": 0.0017148092476203568
    },
    "per_parameter_mae_test": {
        "s": 0.005052687590295117,
        "t0": 0.0008361400015853176,
        "x0": 0.002182299572001385
    },
    "per_parameter_rmse_train": {
        "s": 0.005153480865103107,
        "t0": 0.0005216521438657347,
        "x0": 0.002141727607966108
    },
    "per_parameter_rmse_test": {
        "s": 0.00646806887514412,
        "t0": 0.0008994959099281688,
        "x0": 0.0024975580351502243
    },
    "train_data_loss": 0.6848623156547546,
    "train_physics_loss": 0.0026021890807896852,
    "train_total_loss": 0.6848623156547546,
    "train_actual_physics_residual": 2.6906588068698056e-10,
    "test_data_loss": 1.3962258100509644,
    "test_physics_loss": 0.004099082201719284,
    "test_total_loss": 1.3962258100509644,
    "test_actual_physics_residual": 2.949215871517197e-10,
    "training_time_seconds": 3.9386251920000177,
    "evaluation_time_seconds": 0.050724155999887444,
    "parameter_names": [
        "s",
        "t0",
        "x0"
    ],
    "timestamp": "2026-05-26T13:58:39.282741"
}