{
  "train": {
    "event_abs_mean": 0.015625,
    "event_active_fraction_gt_1e_6": 0.015625,
    "spike_mean": 0.04077313467860222,
    "spike_active_fraction_gt_0p5": 0.00439453125,
    "spike_count_per_sample_mean": 11.25,
    "first_spike_flat_index_mean": 394.0,
    "mem_abs_mean": 0.8548696041107178
  },
  "test": {
    "event_abs_mean": 0.015625,
    "event_active_fraction_gt_1e_6": 0.015625,
    "spike_mean": 0.04077478125691414,
    "spike_active_fraction_gt_0p5": 0.004199218936264515,
    "spike_count_per_sample_mean": 10.75,
    "first_spike_flat_index_mean": 394.0,
    "mem_abs_mean": 0.8548994064331055
  }
}