{
    "train_mae": 0.0011122344413310888,
    "train_rmse": 0.0024617959371016425,
    "test_mae": 0.0011196313756709213,
    "test_rmse": 0.002419005860486239,
    "per_parameter_mae_train": {
        "a": 0.000749044023576196,
        "d": 0.004583630806011534,
        "epsilon": 9.499490256914545e-11,
        "k": 0.0,
        "mu1": 0.0013407198024749341,
        "mu2": 1.1920928966180355e-08
    },
    "per_parameter_mae_test": {
        "a": 0.0008379821928014702,
        "d": 0.0045405325475405215,
        "epsilon": 9.499490256914545e-11,
        "k": 0.0,
        "mu1": 0.0013392614977596681,
        "mu2": 1.1920928966180355e-08
    },
    "per_parameter_rmse_train": {
        "a": 0.0009501609758140331,
        "d": 0.005726605960251274,
        "epsilon": 9.499490256914543e-11,
        "k": 0.0,
        "mu1": 0.0016327319778498574,
        "mu2": 1.1920928966180355e-08
    },
    "per_parameter_rmse_test": {
        "a": 0.0009780140696162255,
        "d": 0.005618334117305327,
        "epsilon": 9.499490256914545e-11,
        "k": 0.0,
        "mu1": 0.001608523031919088,
        "mu2": 1.1920928966180354e-08
    },
    "train_data_loss": 0.32055234909057617,
    "train_physics_loss": 0.0,
    "train_total_loss": 0.32055234909057617,
    "train_actual_physics_residual": 0.0,
    "test_data_loss": 0.3200645446777344,
    "test_physics_loss": 0.0,
    "test_total_loss": 0.3200645446777344,
    "test_actual_physics_residual": 0.0,
    "training_time_seconds": 107.14725985800033,
    "evaluation_time_seconds": 0.4212208989993087,
    "parameter_names": [
        "a",
        "d",
        "epsilon",
        "k",
        "mu1",
        "mu2"
    ],
    "timestamp": "2026-06-18T04:30:47.186314"
}