{
    "train_mae": 2.8295523883137364e-05,
    "train_rmse": 6.692340452502566e-05,
    "test_mae": 9.972332323362817e-05,
    "test_rmse": 0.00026922166386510215,
    "per_parameter_mae_train": {
        "a": 2.294723543798905e-05,
        "beta": 0.0,
        "d": 0.00013014795600619969,
        "epsilon": 2.2351741811588166e-10,
        "gamma": 1.6677728337217323e-05,
        "k": 0.0
    },
    "per_parameter_mae_test": {
        "a": 8.52792503769767e-05,
        "beta": 0.0,
        "d": 0.000468384194101662,
        "epsilon": 2.2351741811588166e-10,
        "gamma": 4.467627140571223e-05,
        "k": 0.0
    },
    "per_parameter_rmse_train": {
        "a": 2.7591374681291043e-05,
        "beta": 0.0,
        "d": 0.00016017221932212525,
        "epsilon": 2.2351741811588166e-10,
        "gamma": 2.135482708646966e-05,
        "k": 0.0
    },
    "per_parameter_rmse_test": {
        "a": 0.00013184186644633162,
        "beta": 0.0,
        "d": 0.0006421071294237201,
        "epsilon": 2.2351741811588164e-10,
        "gamma": 7.20970343418649e-05,
        "k": 0.0
    },
    "train_data_loss": 0.0001315323606831953,
    "train_physics_loss": 0.0,
    "train_total_loss": 0.0001315323606831953,
    "train_actual_physics_residual": 0.0,
    "test_data_loss": 0.002171373926103115,
    "test_physics_loss": 0.0,
    "test_total_loss": 0.002171373926103115,
    "test_actual_physics_residual": 0.0,
    "training_time_seconds": 208.29858939399992,
    "evaluation_time_seconds": 1.077019588999974,
    "parameter_names": [
        "a",
        "beta",
        "d",
        "epsilon",
        "gamma",
        "k"
    ],
    "timestamp": "2026-06-08T23:39:06.995701"
}