{
    "train_mae": 0.0021875299665411584,
    "train_rmse": 0.003925319438968391,
    "test_mae": 0.0023922219235891495,
    "test_rmse": 0.004310835982412836,
    "per_parameter_mae_train": {
        "s": 0.005829235282609416,
        "t0": 0.0005614235284616922,
        "x0": 0.00017193108855236794
    },
    "per_parameter_mae_test": {
        "s": 0.006596211884999481,
        "t0": 0.0004527244883606585,
        "x0": 0.00012772939740730954
    },
    "per_parameter_rmse_train": {
        "s": 0.006765319802443966,
        "t0": 0.0006269989542366546,
        "x0": 0.0002484318334574933
    },
    "per_parameter_rmse_test": {
        "s": 0.00744538561902562,
        "t0": 0.000528784193214644,
        "x0": 0.00019115664468845973
    },
    "train_data_loss": 0.6693954467773438,
    "train_physics_loss": 0.004484493751078844,
    "train_total_loss": 0.6693954467773438,
    "train_actual_physics_residual": 2.6961671784064833e-10,
    "test_data_loss": 0.6434524059295654,
    "test_physics_loss": 0.0054313912987709045,
    "test_total_loss": 0.6434524059295654,
    "test_actual_physics_residual": 3.0572303022502467e-10,
    "training_time_seconds": 15.459725175998756,
    "evaluation_time_seconds": 0.04879613299999619,
    "parameter_names": [
        "s",
        "t0",
        "x0"
    ],
    "timestamp": "2026-05-24T05:53:35.315200"
}