{
    "train_mae": 0.0024191865666723556,
    "train_rmse": 0.0035109991202601763,
    "test_mae": 0.002956542837569985,
    "test_rmse": 0.0043812802537065995,
    "per_parameter_mae_train": {
        "s": 0.004738969606966866,
        "t0": 0.00035842098568038966,
        "x0": 0.002160169107369811
    },
    "per_parameter_mae_test": {
        "s": 0.0055130724753930105,
        "t0": 0.0003570455151417143,
        "x0": 0.0029995105221752305
    },
    "per_parameter_rmse_train": {
        "s": 0.005584288630094883,
        "t0": 0.0004361316393658203,
        "x0": 0.0023678796752242912
    },
    "per_parameter_rmse_test": {
        "s": 0.006896380845880386,
        "t0": 0.00038309414111850555,
        "x0": 0.0031432499251845872
    },
    "train_data_loss": 0.6429122090339661,
    "train_physics_loss": 0.00305544538423419,
    "train_total_loss": 0.6429122090339661,
    "train_actual_physics_residual": 2.0537377354301611e-10,
    "test_data_loss": 0.885057806968689,
    "test_physics_loss": 0.0046599023044109344,
    "test_total_loss": 0.885057806968689,
    "test_actual_physics_residual": 2.212605099138898e-10,
    "training_time_seconds": 1.289052725000147,
    "evaluation_time_seconds": 0.02598426499935158,
    "parameter_names": [
        "s",
        "t0",
        "x0"
    ],
    "timestamp": "2026-05-26T06:18:15.587079"
}