{
  "train_polynomial_residual": {
    "mean": 0.00012839709101319474,
    "median": 9.258262792477407e-05,
    "max": 0.0003685621765779612,
    "mse": 2.8597264391400057e-08
  },
  "test_polynomial_residual": {
    "mean": 4.609137149364734e-05,
    "median": 3.24385790793658e-05,
    "max": 0.00010787010065709152,
    "mse": 3.1573653645837306e-09
  },
  "train_forward_linear_error": {
    "mean": 0.005443948716150168,
    "median": 0.004798356236799153,
    "max": 0.013205410110053026,
    "mse": 4.6906656850778956e-05
  },
  "test_forward_linear_error": {
    "mean": 0.0027646314030065804,
    "median": 0.002010414040720575,
    "max": 0.007390799990038939,
    "mse": 1.2392644217604061e-05
  },
  "train_forward_quadratic_error": {
    "mean": 0.00022400194821282977,
    "median": 0.00019014390628958316,
    "max": 0.0006423957873294776,
    "mse": 8.40038502760611e-08
  },
  "test_forward_quadratic_error": {
    "mean": 0.00011323464238570029,
    "median": 9.096008775691764e-05,
    "max": 0.0002754684578731141,
    "mse": 2.109892519231445e-08
  },
  "train_observed_forward_residual": {
    "mean": 0.00015966253542602532,
    "median": 0.00010752516249396164,
    "max": 0.0006357516817139803,
    "mse": 5.4249174992743685e-08
  },
  "test_observed_forward_residual": {
    "mean": 9.171887520086719e-05,
    "median": 5.211395445772524e-05,
    "max": 0.00027342940255472165,
    "mse": 1.572335687385216e-08
  },
  "train_clean_forward_residual": {
    "mean": 0.00015712344382340382,
    "median": 0.00010646704131887174,
    "max": 0.0006367924471966835,
    "mse": 5.421326517618444e-08
  },
  "test_clean_forward_residual": {
    "mean": 8.880011411033293e-05,
    "median": 5.1635510663302236e-05,
    "max": 0.0002721780789329343,
    "mse": 1.5592749987441793e-08
  },
  "train_observation_noise_floor": {
    "mean": 1.4108564902479159e-05,
    "median": 1.4169152917293253e-05,
    "max": 1.5721282214395744e-05,
    "mse": 1.9954105670175514e-10
  },
  "test_observation_noise_floor": {
    "mean": 1.4262986068045213e-05,
    "median": 1.4494687025683646e-05,
    "max": 1.5470605833418225e-05,
    "mse": 2.042845010692848e-10
  }
}
