{
    "train_mae": 0.0029862365965064672,
    "train_rmse": 0.004043777389273386,
    "test_mae": 0.0029659839649497205,
    "test_rmse": 0.004176439524189705,
    "per_parameter_mae_train": {
        "s": 0.005557063224724028,
        "t0": 0.00050176394754804,
        "x0": 0.002899882617247334
    },
    "per_parameter_mae_test": {
        "s": 0.005843162998159124,
        "t0": 0.0001807759540893919,
        "x0": 0.0028740129426006455
    },
    "per_parameter_rmse_train": {
        "s": 0.006162899847059136,
        "t0": 0.0005917932009350333,
        "x0": 0.003274882135961783
    },
    "per_parameter_rmse_test": {
        "s": 0.0065642410602291396,
        "t0": 0.00021812987337269902,
        "x0": 0.0030316826943441867
    },
    "train_data_loss": 1.027269959449768,
    "train_physics_loss": 0.0037214166950434446,
    "train_total_loss": 1.027269959449768,
    "train_actual_physics_residual": 2.0537377354301611e-10,
    "test_data_loss": 0.7267391085624695,
    "test_physics_loss": 0.004221854265779257,
    "test_total_loss": 0.7267391085624695,
    "test_actual_physics_residual": 2.212605099138898e-10,
    "training_time_seconds": 0.13480882400017435,
    "evaluation_time_seconds": 0.027502091999849654,
    "parameter_names": [
        "s",
        "t0",
        "x0"
    ],
    "timestamp": "2026-05-26T13:34:06.292587"
}