{
  "train_polynomial_residual": {
    "mean": 0.00012265472778775428,
    "median": 8.978304871830277e-05,
    "max": 0.0003670354019897977,
    "mse": 2.7961768344980834e-08
  },
  "test_polynomial_residual": {
    "mean": 3.621634849121791e-05,
    "median": 2.3107417849218006e-05,
    "max": 0.00010268759754371912,
    "mse": 2.522150324835398e-09
  },
  "train_forward_linear_error": {
    "mean": 0.0054437011390251555,
    "median": 0.004796763080102691,
    "max": 0.013204284370082921,
    "mse": 4.6904449051605216e-05
  },
  "test_forward_linear_error": {
    "mean": 0.0027639591627001098,
    "median": 0.0020112927422857247,
    "max": 0.007389721898817053,
    "mse": 1.2388269994717958e-05
  },
  "train_forward_quadratic_error": {
    "mean": 0.00022173136975414911,
    "median": 0.00018987157049405237,
    "max": 0.0006411746250002838,
    "mse": 8.361070947966403e-08
  },
  "test_forward_quadratic_error": {
    "mean": 0.00010898550895991806,
    "median": 8.881429525929072e-05,
    "max": 0.0002762812676207339,
    "mse": 2.078322736473341e-08
  },
  "train_observed_forward_residual": {
    "mean": 0.00016595085522266352,
    "median": 0.00013194936085565243,
    "max": 0.0006386817673217513,
    "mse": 5.60009481172139e-08
  },
  "test_observed_forward_residual": {
    "mean": 0.00010057311796310416,
    "median": 7.692366657024985e-05,
    "max": 0.0002758706829217422,
    "mse": 1.837713592903494e-08
  },
  "train_clean_forward_residual": {
    "mean": 0.00016595085522266352,
    "median": 0.00013194936085565243,
    "max": 0.0006386817673217513,
    "mse": 5.60009481172139e-08
  },
  "test_clean_forward_residual": {
    "mean": 0.00010057311796310416,
    "median": 7.692366657024985e-05,
    "max": 0.0002758706829217422,
    "mse": 1.837713592903494e-08
  },
  "train_observation_noise_floor": {
    "mean": 0.0,
    "median": 0.0,
    "max": 0.0,
    "mse": 0.0
  },
  "test_observation_noise_floor": {
    "mean": 0.0,
    "median": 0.0,
    "max": 0.0,
    "mse": 0.0
  }
}
