{
  "train_polynomial_residual": {
    "mean": 0.0014042456753216599,
    "median": 0.0014111489871771671,
    "max": 0.0015681305840590726,
    "mse": 1.9767757308567032e-06
  },
  "test_polynomial_residual": {
    "mean": 0.0014175095439946295,
    "median": 0.001439723904116836,
    "max": 0.0015429248625697947,
    "mse": 2.0176847649139324e-06
  },
  "train_forward_linear_error": {
    "mean": 0.0014393598579408187,
    "median": 0.0014380991058596177,
    "max": 0.0016032385393494628,
    "mse": 2.07850992432573e-06
  },
  "test_forward_linear_error": {
    "mean": 0.0014395643187521442,
    "median": 0.0014499504432429631,
    "max": 0.0015580924980630767,
    "mse": 2.0794206660505973e-06
  },
  "train_forward_quadratic_error": {
    "mean": 0.0014109137416538353,
    "median": 0.0014169829650272601,
    "max": 0.0015721319929765615,
    "mse": 1.995567488498586e-06
  },
  "test_forward_quadratic_error": {
    "mean": 0.0014263218977693737,
    "median": 0.0014494693017343848,
    "max": 0.0015471346288881973,
    "mse": 2.042927578050557e-06
  },
  "train_observed_forward_residual": {
    "mean": 0.001404233689013494,
    "median": 0.0014113060436054736,
    "max": 0.0015681221141214108,
    "mse": 1.976743948009876e-06
  },
  "test_observed_forward_residual": {
    "mean": 0.001417504966758337,
    "median": 0.0014397238121158348,
    "max": 0.001542909697911746,
    "mse": 2.017669801126965e-06
  },
  "train_clean_forward_residual": {
    "mean": 0.0001227207524005444,
    "median": 0.00011242736427293998,
    "max": 0.0002464420589738815,
    "mse": 1.887992442099106e-08
  },
  "test_clean_forward_residual": {
    "mean": 0.0001529558901241049,
    "median": 0.0001649421546789807,
    "max": 0.00021563539016084094,
    "mse": 2.463811297958719e-08
  },
  "train_observation_noise_floor": {
    "mean": 0.001410856490247535,
    "median": 0.0014169152917322017,
    "max": 0.0015721282214450946,
    "mse": 1.995410567016613e-06
  },
  "test_observation_noise_floor": {
    "mean": 0.0014262986068045997,
    "median": 0.0014494687025661745,
    "max": 0.0015470605833430198,
    "mse": 2.0428450106932822e-06
  }
}
