{
  "train": {
    "event_abs_mean": 0.014910130761563778,
    "event_active_fraction_gt_1e_6": 0.014910130761563778,
    "spike_mean": 0.03649158403277397,
    "spike_active_fraction_gt_0p5": 0.0008501838892698288,
    "spike_count_per_sample_mean": 2.1764707565307617,
    "first_spike_flat_index_mean": 1193.9375,
    "mem_abs_mean": 1.1437290906906128
  },
  "test": {
    "event_abs_mean": 0.01497395895421505,
    "event_active_fraction_gt_1e_6": 0.01497395895421505,
    "spike_mean": 0.036489542573690414,
    "spike_active_fraction_gt_0p5": 0.0008713942370377481,
    "spike_count_per_sample_mean": 2.230769395828247,
    "first_spike_flat_index_mean": 1369.3846435546875,
    "mem_abs_mean": 1.1437711715698242
  }
}