{
    "train_mae": 0.08754028618542986,
    "train_rmse": 0.16257491290072182,
    "test_mae": 0.09091881339739165,
    "test_rmse": 0.16537151881307172,
    "per_parameter_mae_train": {
        "beta": 0.23991893152219265,
        "rho": 0.015224327935171594,
        "sigma": 0.007477599098925357
    },
    "per_parameter_mae_test": {
        "beta": 0.23416847694441606,
        "rho": 0.023800021054996796,
        "sigma": 0.01478794219276207
    },
    "per_parameter_rmse_train": {
        "beta": 0.2807523585156899,
        "rho": 0.018964504518610117,
        "sigma": 0.010500841407858104
    },
    "per_parameter_rmse_test": {
        "beta": 0.28289231685013616,
        "rho": 0.02905451061961917,
        "sigma": 0.034219733830686
    },
    "train_data_loss": 0.33386150002479553,
    "train_physics_loss": 0.7091257572174072,
    "train_total_loss": 1.0429872274398804,
    "train_actual_physics_residual": 0.0010207050945609808,
    "test_data_loss": 0.34047070145606995,
    "test_physics_loss": 0.7497708797454834,
    "test_total_loss": 1.090241551399231,
    "test_actual_physics_residual": 0.0010315636172890663,
    "training_time_seconds": 13.253898317999756,
    "evaluation_time_seconds": 0.15427443399994445,
    "parameter_names": [
        "beta",
        "rho",
        "sigma"
    ],
    "timestamp": "2026-05-11T20:54:09.094782"
}