{
  "train_polynomial_residual": {
    "mean": 0.0001261537089201127,
    "median": 9.203042632839698e-05,
    "max": 0.0003677307297844045,
    "mse": 2.8197167111915483e-08
  },
  "test_polynomial_residual": {
    "mean": 4.17975920609314e-05,
    "median": 2.5579845198605674e-05,
    "max": 0.00010422212831850513,
    "mse": 2.737088980023076e-09
  },
  "train_forward_linear_error": {
    "mean": 0.005443948716150168,
    "median": 0.004798356236799153,
    "max": 0.013205410110053026,
    "mse": 4.6906656850778956e-05
  },
  "test_forward_linear_error": {
    "mean": 0.0027646314030065804,
    "median": 0.002010414040720575,
    "max": 0.007390799990038939,
    "mse": 1.2392644217604061e-05
  },
  "train_forward_quadratic_error": {
    "mean": 0.00022400194821282977,
    "median": 0.00019014390628958316,
    "max": 0.0006423957873294776,
    "mse": 8.40038502760611e-08
  },
  "test_forward_quadratic_error": {
    "mean": 0.00011323464238570029,
    "median": 9.096008775691764e-05,
    "max": 0.0002754684578731141,
    "mse": 2.109892519231445e-08
  },
  "train_observed_forward_residual": {
    "mean": 0.0001682349363547114,
    "median": 0.00013261148603696275,
    "max": 0.0006388234912524675,
    "mse": 5.6199009621472823e-08
  },
  "test_observed_forward_residual": {
    "mean": 0.00010421738678616418,
    "median": 7.817479218479233e-05,
    "max": 0.0002761495780177694,
    "mse": 1.857969103557974e-08
  },
  "train_clean_forward_residual": {
    "mean": 0.00016602031069064987,
    "median": 0.00013036751925751258,
    "max": 0.0006398530179204752,
    "mse": 5.615969845213548e-08
  },
  "test_clean_forward_residual": {
    "mean": 0.00010157565207358073,
    "median": 7.83090874815017e-05,
    "max": 0.0002748322466710327,
    "mse": 1.8479538593765307e-08
  },
  "train_observation_noise_floor": {
    "mean": 1.4108564902479159e-05,
    "median": 1.4169152917293253e-05,
    "max": 1.5721282214395744e-05,
    "mse": 1.9954105670175514e-10
  },
  "test_observation_noise_floor": {
    "mean": 1.4262986068045213e-05,
    "median": 1.4494687025683646e-05,
    "max": 1.5470605833418225e-05,
    "mse": 2.042845010692848e-10
  }
}
