{
  "train": {
    "event_abs_mean": 0.014804687350988388,
    "event_active_fraction_gt_1e_6": 0.014804687350988388,
    "spike_mean": 0.06251345574855804,
    "spike_active_fraction_gt_0p5": 0.004609375260770321,
    "spike_count_per_sample_mean": 11.800000190734863,
    "first_spike_flat_index_mean": 1283.0399169921875,
    "mem_abs_mean": 1.309885859489441
  },
  "test": {
    "event_abs_mean": 0.01506696455180645,
    "event_active_fraction_gt_1e_6": 0.01506696455180645,
    "spike_mean": 0.06239782273769379,
    "spike_active_fraction_gt_0p5": 0.004910714458674192,
    "spike_count_per_sample_mean": 12.571429252624512,
    "first_spike_flat_index_mean": 701.857177734375,
    "mem_abs_mean": 1.3084803819656372
  }
}