{
  "observation_mode": "event_traces",
  "time_axis_size": 128,
  "records": [
    {
      "fraction": 0.25,
      "kept_steps": 32,
      "active_test_mae": 0.0025365251087485496,
      "test_mae": 0.0025365251087485496
    },
    {
      "fraction": 0.5,
      "kept_steps": 64,
      "active_test_mae": 0.0023392347989106633,
      "test_mae": 0.0023392347989106633
    },
    {
      "fraction": 0.75,
      "kept_steps": 96,
      "active_test_mae": 0.0023392347989106633,
      "test_mae": 0.0023392347989106633
    },
    {
      "fraction": 1.0,
      "kept_steps": 128,
      "active_test_mae": 0.0023392347989106633,
      "test_mae": 0.0023392347989106633
    }
  ]
}