{
  "train": {
    "event_abs_mean": 0.015380859375,
    "event_active_fraction_gt_1e_6": 0.015380859375,
    "spike_mean": 0.1132340207695961,
    "spike_active_fraction_gt_0p5": 0.01083984412252903,
    "spike_count_per_sample_mean": 27.75,
    "first_spike_flat_index_mean": 20.58333396911621,
    "mem_abs_mean": 0.9705906510353088
  },
  "test": {
    "event_abs_mean": 0.015625,
    "event_active_fraction_gt_1e_6": 0.015625,
    "spike_mean": 0.11331452429294586,
    "spike_active_fraction_gt_0p5": 0.01132812537252903,
    "spike_count_per_sample_mean": 29.0,
    "first_spike_flat_index_mean": 25.25,
    "mem_abs_mean": 0.9707567095756531
  }
}