{
    "train_mae": 0.00027660309672995255,
    "train_rmse": 0.0008187099200643624,
    "test_mae": 0.00045689320791169734,
    "test_rmse": 0.0014521622517953813,
    "per_parameter_mae_train": {
        "a": 2.0077179643338756e-05,
        "d": 0.0015380617254266917,
        "epsilon": 1.341104512164737e-09,
        "k": 0.0,
        "mu1": 0.00010147833420517268,
        "mu2": 0.0
    },
    "per_parameter_mae_test": {
        "a": 4.259144041684236e-05,
        "d": 0.0024819105093547055,
        "epsilon": 1.341104512164737e-09,
        "k": 0.0,
        "mu1": 0.0002168559565941242,
        "mu2": 0.0
    },
    "per_parameter_rmse_train": {
        "a": 2.6442121743646436e-05,
        "d": 0.002001035273023805,
        "epsilon": 1.3411045121647371e-09,
        "k": 0.0,
        "mu1": 0.0001299009221722863,
        "mu2": 0.0
    },
    "per_parameter_rmse_test": {
        "a": 5.7610803111541245e-05,
        "d": 0.003545348106635823,
        "epsilon": 1.3411045121647371e-09,
        "k": 0.0,
        "mu1": 0.0002825580141730649,
        "mu2": 0.0
    },
    "train_data_loss": 0.0004239690606482327,
    "train_physics_loss": 0.0016588548896834254,
    "train_total_loss": 0.0004239690606482327,
    "train_actual_physics_residual": 0.001658676192164421,
    "test_data_loss": 0.001822270336560905,
    "test_physics_loss": 0.0016456997254863381,
    "test_total_loss": 0.001822270336560905,
    "test_actual_physics_residual": 0.0016455514123663306,
    "training_time_seconds": 98.84721281999737,
    "evaluation_time_seconds": 0.1942225650018372,
    "parameter_names": [
        "a",
        "d",
        "epsilon",
        "k",
        "mu1",
        "mu2"
    ],
    "timestamp": "2026-05-11T02:33:59.302884"
}