{
  "train": {
    "event_abs_mean": 0.015625,
    "event_active_fraction_gt_1e_6": 0.015625,
    "spike_mean": 0.1083846464753151,
    "spike_active_fraction_gt_0p5": 0.011421875096857548,
    "spike_count_per_sample_mean": 29.239999771118164,
    "first_spike_flat_index_mean": 142.1999969482422,
    "mem_abs_mean": 1.4879329204559326
  },
  "test": {
    "event_abs_mean": 0.015625,
    "event_active_fraction_gt_1e_6": 0.015625,
    "spike_mean": 0.10836589336395264,
    "spike_active_fraction_gt_0p5": 0.011439732275903225,
    "spike_count_per_sample_mean": 29.285715103149414,
    "first_spike_flat_index_mean": 147.0,
    "mem_abs_mean": 1.4880841970443726
  }
}