{
    "train_mae": 8.245917461294402e-06,
    "train_rmse": 2.7043825811589428e-05,
    "test_mae": 1.300758740813939e-06,
    "test_rmse": 2.45895439471664e-06,
    "per_parameter_mae_train": {
        "alpha": 2.9983675482725404e-06,
        "beta": 0.0,
        "gamma": 2.1739384835610664e-05
    },
    "per_parameter_mae_test": {
        "alpha": 4.793724888786853e-07,
        "beta": 0.0,
        "gamma": 3.422903733563132e-06
    },
    "per_parameter_rmse_train": {
        "alpha": 7.024051200072767e-06,
        "beta": 0.0,
        "gamma": 4.631164268649437e-05
    },
    "per_parameter_rmse_test": {
        "alpha": 5.850704824619011e-07,
        "beta": 0.0,
        "gamma": 4.218656501356875e-06
    },
    "train_data_loss": 7.313685145275906e-10,
    "train_physics_loss": 5.36261040590486e-12,
    "train_total_loss": 7.367311249334954e-10,
    "train_actual_physics_residual": 5.36261040590486e-12,
    "test_data_loss": 6.0464567152962766e-12,
    "test_physics_loss": 1.0532507806178266e-12,
    "test_total_loss": 7.0997074959141034e-12,
    "test_actual_physics_residual": 1.0532507806178266e-12,
    "training_time_seconds": 4.465538156000548,
    "evaluation_time_seconds": 6.137000127637293e-06,
    "parameter_names": [
        "alpha",
        "beta",
        "gamma"
    ],
    "timestamp": "2026-07-01T15:34:16.116461"
}