{
    "train_mae": 0.0025740116405793784,
    "train_rmse": 0.0038211628453091407,
    "test_mae": 0.00267165019506316,
    "test_rmse": 0.0045795999227914806,
    "per_parameter_mae_train": {
        "s": 0.004745893679868274,
        "t0": 0.00048487348133481367,
        "x0": 0.002491267760535048
    },
    "per_parameter_mae_test": {
        "s": 0.004817545875508977,
        "t0": 0.00013563713603737676,
        "x0": 0.003061767573643126
    },
    "per_parameter_rmse_train": {
        "s": 0.005934950886775317,
        "t0": 0.000577940037663747,
        "x0": 0.002871619709422412
    },
    "per_parameter_rmse_test": {
        "s": 0.007035497689218881,
        "t0": 0.00018034164639613246,
        "x0": 0.003658887196138482
    },
    "train_data_loss": 0.9054088592529297,
    "train_physics_loss": 0.003451223485171795,
    "train_total_loss": 0.9054088592529297,
    "train_actual_physics_residual": 2.0537377354301611e-10,
    "test_data_loss": 0.9069160223007202,
    "test_physics_loss": 0.005400239024311304,
    "test_total_loss": 0.9069160223007202,
    "test_actual_physics_residual": 2.212605099138898e-10,
    "training_time_seconds": 1.7425983930006623,
    "evaluation_time_seconds": 0.12282238699845038,
    "parameter_names": [
        "s",
        "t0",
        "x0"
    ],
    "timestamp": "2026-05-26T17:22:23.445399"
}