{
  "observation_mode": "event_traces",
  "time_axis_size": 128,
  "records": [
    {
      "fraction": 0.25,
      "kept_steps": 32,
      "active_test_mae": 0.00875900631407672,
      "test_mae": 0.0029196692680642775
    },
    {
      "fraction": 0.5,
      "kept_steps": 64,
      "active_test_mae": 0.0021301240850130246,
      "test_mae": 0.0007100418583763795
    },
    {
      "fraction": 0.75,
      "kept_steps": 96,
      "active_test_mae": 0.0021301240850130246,
      "test_mae": 0.0007100418583763795
    },
    {
      "fraction": 1.0,
      "kept_steps": 128,
      "active_test_mae": 0.0021301240850130246,
      "test_mae": 0.0007100418583763795
    }
  ]
}