{
  "train": {
    "event_abs_mean": 0.015625,
    "event_active_fraction_gt_1e_6": 0.015625,
    "spike_mean": 0.062331415712833405,
    "spike_active_fraction_gt_0p5": 0.0042968750931322575,
    "spike_count_per_sample_mean": 11.0,
    "first_spike_flat_index_mean": 151.0,
    "mem_abs_mean": 1.3047378063201904
  },
  "test": {
    "event_abs_mean": 0.015625,
    "event_active_fraction_gt_1e_6": 0.015625,
    "spike_mean": 0.062331411987543106,
    "spike_active_fraction_gt_0p5": 0.0042968750931322575,
    "spike_count_per_sample_mean": 11.0,
    "first_spike_flat_index_mean": 151.0,
    "mem_abs_mean": 1.3047376871109009
  }
}