{
    "train_mae": 0.002771960311841971,
    "train_rmse": 0.004036722531540504,
    "test_mae": 0.0027168296435893654,
    "test_rmse": 0.003951888318178504,
    "per_parameter_mae_train": {
        "s": 0.005495029250646207,
        "t0": 0.0005131401640669908,
        "x0": 0.002307711520812715
    },
    "per_parameter_mae_test": {
        "s": 0.005288968884329359,
        "t0": 0.0007380840565923718,
        "x0": 0.0021234359898463654
    },
    "per_parameter_rmse_train": {
        "s": 0.006402631567705258,
        "t0": 0.0005876250444378416,
        "x0": 0.0027470697488986085
    },
    "per_parameter_rmse_test": {
        "s": 0.006347594990802569,
        "t0": 0.0007579814209956999,
        "x0": 0.0024465824809784473
    },
    "train_data_loss": 1.0069059133529663,
    "train_physics_loss": 0.004016553517431021,
    "train_total_loss": 1.0069059133529663,
    "train_actual_physics_residual": 2.6906588068698056e-10,
    "test_data_loss": 1.1492393016815186,
    "test_physics_loss": 0.003947807941585779,
    "test_total_loss": 1.1492393016815186,
    "test_actual_physics_residual": 2.949215871517197e-10,
    "training_time_seconds": 2.3896183319993725,
    "evaluation_time_seconds": 0.018225887000880903,
    "parameter_names": [
        "s",
        "t0",
        "x0"
    ],
    "timestamp": "2026-05-26T08:13:57.747620"
}