{
  "train": {
    "event_abs_mean": 0.015234374441206455,
    "event_active_fraction_gt_1e_6": 0.015234374441206455,
    "spike_mean": 0.07828030735254288,
    "spike_active_fraction_gt_0p5": 0.006296875420957804,
    "spike_count_per_sample_mean": 16.119998931884766,
    "first_spike_flat_index_mean": 17.279998779296875,
    "mem_abs_mean": 1.1000423431396484
  },
  "test": {
    "event_abs_mean": 0.014787946827709675,
    "event_active_fraction_gt_1e_6": 0.014787946827709675,
    "spike_mean": 0.07819468528032303,
    "spike_active_fraction_gt_0p5": 0.0056361607275903225,
    "spike_count_per_sample_mean": 14.428571701049805,
    "first_spike_flat_index_mean": 25.285715103149414,
    "mem_abs_mean": 1.0990949869155884
  }
}