{
    "train_mae": 0.002918548517235057,
    "train_rmse": 0.0042298186780576974,
    "test_mae": 0.0030156044568677974,
    "test_rmse": 0.004476874108278135,
    "per_parameter_mae_train": {
        "s": 0.005787945355953194,
        "t0": 0.0005692586361883402,
        "x0": 0.0023984415595636357
    },
    "per_parameter_mae_test": {
        "s": 0.006605446019966992,
        "t0": 0.000441714409613283,
        "x0": 0.0019996529410231177
    },
    "per_parameter_rmse_train": {
        "s": 0.006739320286472157,
        "t0": 0.000631946376819696,
        "x0": 0.0028029099166592252
    },
    "per_parameter_rmse_test": {
        "s": 0.007366159791600743,
        "t0": 0.0005181177536909062,
        "x0": 0.0023661042373547777
    },
    "train_data_loss": 1.003966212272644,
    "train_physics_loss": 0.004450093023478985,
    "train_total_loss": 1.003966212272644,
    "train_actual_physics_residual": 2.6961671784064833e-10,
    "test_data_loss": 0.8622663617134094,
    "test_physics_loss": 0.005316417198628187,
    "test_total_loss": 0.8622663617134094,
    "test_actual_physics_residual": 3.0572303022502467e-10,
    "training_time_seconds": 5.208926021998195,
    "evaluation_time_seconds": 0.06260269799895468,
    "parameter_names": [
        "s",
        "t0",
        "x0"
    ],
    "timestamp": "2026-05-26T01:28:35.808995"
}