{
  "observation_mode": "event_traces",
  "time_axis_size": 128,
  "records": [
    {
      "fraction": 0.25,
      "kept_steps": 32,
      "active_test_mae": 0.0025652089736815506,
      "test_mae": 0.0025652089736815506
    },
    {
      "fraction": 0.5,
      "kept_steps": 64,
      "active_test_mae": 0.0025501162261294965,
      "test_mae": 0.0025501162261294965
    },
    {
      "fraction": 0.75,
      "kept_steps": 96,
      "active_test_mae": 0.0025498100427459184,
      "test_mae": 0.0025498100427459184
    },
    {
      "fraction": 1.0,
      "kept_steps": 128,
      "active_test_mae": 0.0025498100427459184,
      "test_mae": 0.0025498100427459184
    }
  ]
}