{
    "train_mae": 0.0011568324454698507,
    "train_rmse": 0.003305187480697606,
    "test_mae": 0.0015490469089076372,
    "test_rmse": 0.0049958627738741195,
    "per_parameter_mae_train": {
        "a": 9.838327310886548e-05,
        "d": 0.0063140994348495965,
        "epsilon": 1.341104505225843e-09,
        "k": 0.0,
        "mu1": 0.0005285106237561366,
        "mu2": 0.0
    },
    "per_parameter_mae_test": {
        "a": 0.00010181571656109414,
        "d": 0.008672069594121675,
        "epsilon": 1.341104505225843e-09,
        "k": 0.0,
        "mu1": 0.0005203948016585482,
        "mu2": 0.0
    },
    "per_parameter_rmse_train": {
        "a": 0.00012128222362813994,
        "d": 0.008069062149816843,
        "epsilon": 1.341104505225843e-09,
        "k": 0.0,
        "mu1": 0.0006489316913083674,
        "mu2": 0.0
    },
    "per_parameter_rmse_test": {
        "a": 0.00012718380632910375,
        "d": 0.012219213595982312,
        "epsilon": 1.3411045052258428e-09,
        "k": 0.0,
        "mu1": 0.0006530792505156881,
        "mu2": 0.0
    },
    "train_data_loss": 0.001449659583158791,
    "train_physics_loss": 0.0019274071091786027,
    "train_total_loss": 0.001449659583158791,
    "train_actual_physics_residual": 0.0019254310755059123,
    "test_data_loss": 0.0018945118645206094,
    "test_physics_loss": 0.0019403115147724748,
    "test_total_loss": 0.0018945118645206094,
    "test_actual_physics_residual": 0.0019396020798012614,
    "training_time_seconds": 151.05309143499835,
    "evaluation_time_seconds": 0.2729463899995608,
    "parameter_names": [
        "a",
        "d",
        "epsilon",
        "k",
        "mu1",
        "mu2"
    ],
    "timestamp": "2026-05-11T01:59:54.181687"
}