{
    "train_mae": 0.0020001191736856794,
    "train_rmse": 0.0031299304731622897,
    "test_mae": 0.001975092446039847,
    "test_rmse": 0.002857411602014031,
    "per_parameter_mae_train": {
        "s": 0.004342140781847211,
        "t0": 0.0005066574696354085,
        "x0": 0.0011515592695744187
    },
    "per_parameter_mae_test": {
        "s": 0.0037369281239956367,
        "t0": 0.0007117290605347146,
        "x0": 0.0014766201535891894
    },
    "per_parameter_rmse_train": {
        "s": 0.005188361225016543,
        "t0": 0.0005766310422197614,
        "x0": 0.0014621213152071662
    },
    "per_parameter_rmse_test": {
        "s": 0.004597644260515093,
        "t0": 0.0007304581602513776,
        "x0": 0.0016800301544460342
    },
    "train_data_loss": 0.6359990239143372,
    "train_physics_loss": 0.0026375260204076767,
    "train_total_loss": 0.6359990239143372,
    "train_actual_physics_residual": 2.6906588068698056e-10,
    "test_data_loss": 0.8093178272247314,
    "test_physics_loss": 0.0020711333490908146,
    "test_total_loss": 0.8093178272247314,
    "test_actual_physics_residual": 2.949215871517197e-10,
    "training_time_seconds": 0.5841111179979634,
    "evaluation_time_seconds": 0.07677471099668765,
    "parameter_names": [
        "s",
        "t0",
        "x0"
    ],
    "timestamp": "2026-05-26T09:55:15.585629"
}