{
    "train_mae": 0.0025964681878672792,
    "train_rmse": 0.003831612117893381,
    "test_mae": 0.0028330671066846146,
    "test_rmse": 0.004014912739669289,
    "per_parameter_mae_train": {
        "s": 0.005045369399999218,
        "t0": 0.0004938402700849229,
        "x0": 0.0022501948935176974
    },
    "per_parameter_mae_test": {
        "s": 0.005552448924072635,
        "t0": 0.0007543744645067535,
        "x0": 0.002192377931474455
    },
    "per_parameter_rmse_train": {
        "s": 0.006040188877714318,
        "t0": 0.0005792234174151601,
        "x0": 0.0026878193429277094
    },
    "per_parameter_rmse_test": {
        "s": 0.006438120443766614,
        "t0": 0.0007770551439517635,
        "x0": 0.002511048262437171
    },
    "train_data_loss": 0.9455776214599609,
    "train_physics_loss": 0.0035746863577514887,
    "train_total_loss": 0.9455776214599609,
    "train_actual_physics_residual": 2.6906588068698056e-10,
    "test_data_loss": 1.2009730339050293,
    "test_physics_loss": 0.004061213228851557,
    "test_total_loss": 1.2009730339050293,
    "test_actual_physics_residual": 2.949215871517197e-10,
    "training_time_seconds": 0.7039866520026408,
    "evaluation_time_seconds": 0.09273650999966776,
    "parameter_names": [
        "s",
        "t0",
        "x0"
    ],
    "timestamp": "2026-05-26T10:41:34.323487"
}