{
    "train_mae": 0.002721914284499253,
    "train_rmse": 0.003970038840544412,
    "test_mae": 0.002773031183007715,
    "test_rmse": 0.003973567660322313,
    "per_parameter_mae_train": {
        "s": 0.005365079904598666,
        "t0": 0.0005280305146144822,
        "x0": 0.0022726324342846106
    },
    "per_parameter_mae_test": {
        "s": 0.005541261590745561,
        "t0": 0.0007354299305351137,
        "x0": 0.0020424020277424694
    },
    "per_parameter_rmse_train": {
        "s": 0.006288359242325427,
        "t0": 0.0005911308827439968,
        "x0": 0.0027185892490812847
    },
    "per_parameter_rmse_test": {
        "s": 0.006423553575904856,
        "t0": 0.0007581010853800446,
        "x0": 0.0023517997481298358
    },
    "train_data_loss": 0.9917814135551453,
    "train_physics_loss": 0.0038744627963751554,
    "train_total_loss": 0.9917814135551453,
    "train_actual_physics_residual": 2.6906588068698056e-10,
    "test_data_loss": 1.1372214555740356,
    "test_physics_loss": 0.004042855929583311,
    "test_total_loss": 1.1372214555740356,
    "test_actual_physics_residual": 2.949215871517197e-10,
    "training_time_seconds": 2.184286374998919,
    "evaluation_time_seconds": 0.01678931100104819,
    "parameter_names": [
        "s",
        "t0",
        "x0"
    ],
    "timestamp": "2026-05-26T09:24:37.613781"
}