{
    "train_mae": 0.0003016928198094744,
    "train_rmse": 0.0004465959996386779,
    "test_mae": 0.0002826652201195253,
    "test_rmse": 0.000437811003477917,
    "per_parameter_mae_train": {
        "s": 0.0,
        "t0": 0.0004662917842320699,
        "x0": 0.00043878667519635345
    },
    "per_parameter_mae_test": {
        "s": 0.0,
        "t0": 0.0004340979207563091,
        "x0": 0.00041389773960226684
    },
    "per_parameter_rmse_train": {
        "s": 0.0,
        "t0": 0.0005355576458420171,
        "x0": 0.000558141531029511
    },
    "per_parameter_rmse_test": {
        "s": 0.0,
        "t0": 0.0005253911861772647,
        "x0": 0.0005468084909602893
    },
    "train_data_loss": 0.3825588822364807,
    "train_physics_loss": 1.0023360613731214e-10,
    "train_total_loss": 0.3825588822364807,
    "train_actual_physics_residual": 1.0023444574347451e-10,
    "test_data_loss": 0.3681194484233856,
    "test_physics_loss": 9.955990198928788e-11,
    "test_total_loss": 0.3681194484233856,
    "test_actual_physics_residual": 9.955990198928788e-11,
    "training_time_seconds": 21.23584717199992,
    "evaluation_time_seconds": 0.18917104700085474,
    "parameter_names": [
        "s",
        "t0",
        "x0"
    ],
    "timestamp": "2026-05-24T20:49:37.876053"
}