{
  "train_polynomial_residual": {
    "mean": 0.0001261537089440417,
    "median": 9.2030426333911e-05,
    "max": 0.0003677307297927295,
    "mse": 2.819716711592137e-08
  },
  "test_polynomial_residual": {
    "mean": 4.179759210831779e-05,
    "median": 2.5579845276439633e-05,
    "max": 0.00010422212835569588,
    "mse": 2.737088984229002e-09
  },
  "train_forward_linear_error": {
    "mean": 0.005443948716150168,
    "median": 0.004798356236799153,
    "max": 0.013205410110053026,
    "mse": 4.6906656850778956e-05
  },
  "test_forward_linear_error": {
    "mean": 0.0027646314030065804,
    "median": 0.002010414040720575,
    "max": 0.007390799990038939,
    "mse": 1.2392644217604061e-05
  },
  "train_forward_quadratic_error": {
    "mean": 0.00022400194821282977,
    "median": 0.00019014390628958316,
    "max": 0.0006423957873294776,
    "mse": 8.40038502760611e-08
  },
  "test_forward_quadratic_error": {
    "mean": 0.00011323464238570029,
    "median": 9.096008775691764e-05,
    "max": 0.0002754684578731141,
    "mse": 2.109892519231445e-08
  },
  "train_observed_forward_residual": {
    "mean": 0.00016823398107416058,
    "median": 0.00013260893117427616,
    "max": 0.0006388231483352602,
    "mse": 5.6198774283703594e-08
  },
  "test_observed_forward_residual": {
    "mean": 0.00010421606785262514,
    "median": 7.81721615408216e-05,
    "max": 0.00027614923502471616,
    "mse": 1.85793629343562e-08
  },
  "train_clean_forward_residual": {
    "mean": 0.0001660193030279792,
    "median": 0.00013036495469801812,
    "max": 0.0006398526761796768,
    "mse": 5.6159463454719274e-08
  },
  "test_clean_forward_residual": {
    "mean": 0.00010157430741579444,
    "median": 7.830641621487236e-05,
    "max": 0.0002748319098770139,
    "mse": 1.847920744609916e-08
  },
  "train_observation_noise_floor": {
    "mean": 1.4108564902479159e-05,
    "median": 1.4169152917293253e-05,
    "max": 1.5721282214395744e-05,
    "mse": 1.9954105670175514e-10
  },
  "test_observation_noise_floor": {
    "mean": 1.4262986068045213e-05,
    "median": 1.4494687025683646e-05,
    "max": 1.5470605833418225e-05,
    "mse": 2.042845010692848e-10
  }
}
