{
    "train_mae": 0.002780448606616895,
    "train_rmse": 0.003971345885533665,
    "test_mae": 0.0025808883491494996,
    "test_rmse": 0.004223011236510103,
    "per_parameter_mae_train": {
        "s": 0.005257989413242301,
        "t0": 0.00043078147984968064,
        "x0": 0.002652574926758704
    },
    "per_parameter_mae_test": {
        "s": 0.0056721360295662404,
        "t0": 0.0005464962553526076,
        "x0": 0.001524032762529651
    },
    "per_parameter_rmse_train": {
        "s": 0.006157847546520212,
        "t0": 0.0005210633364096738,
        "x0": 0.0030206242766852216
    },
    "per_parameter_rmse_test": {
        "s": 0.007060649149953961,
        "t0": 0.0005679687088211875,
        "x0": 0.0018237644689285302
    },
    "train_data_loss": 1.0013169050216675,
    "train_physics_loss": 0.0037153034936636686,
    "train_total_loss": 1.0013169050216675,
    "train_actual_physics_residual": 2.364869966520189e-10,
    "test_data_loss": 0.9573168158531189,
    "test_physics_loss": 0.004884566180408001,
    "test_total_loss": 0.9573168158531189,
    "test_actual_physics_residual": 3.2109151448800333e-10,
    "training_time_seconds": 0.8321573100001842,
    "evaluation_time_seconds": 0.06385291499827872,
    "parameter_names": [
        "s",
        "t0",
        "x0"
    ],
    "timestamp": "2026-05-26T09:32:18.807054"
}