{
    "train_mae": 0.0026454440700158705,
    "train_rmse": 0.003868622253738575,
    "test_mae": 0.0028574114153207503,
    "test_rmse": 0.0045457828215378845,
    "per_parameter_mae_train": {
        "s": 0.004889878611405747,
        "t0": 0.00043305084442954835,
        "x0": 0.002613402754212317
    },
    "per_parameter_mae_test": {
        "s": 0.00636731320199949,
        "t0": 0.0005546578342122093,
        "x0": 0.0016502632097505512
    },
    "per_parameter_rmse_train": {
        "s": 0.005959958169901162,
        "t0": 0.0005155514062591329,
        "x0": 0.0030185791006525913
    },
    "per_parameter_rmse_test": {
        "s": 0.007617147413263903,
        "t0": 0.0005791171642247902,
        "x0": 0.0019068594537810233
    },
    "train_data_loss": 0.9726347327232361,
    "train_physics_loss": 0.003480351995676756,
    "train_total_loss": 0.9726347327232361,
    "train_actual_physics_residual": 2.364869966520189e-10,
    "test_data_loss": 1.05666983127594,
    "test_physics_loss": 0.005684880539774895,
    "test_total_loss": 1.05666983127594,
    "test_actual_physics_residual": 3.2109151448800333e-10,
    "training_time_seconds": 0.9273778950000633,
    "evaluation_time_seconds": 0.05215367300024809,
    "parameter_names": [
        "s",
        "t0",
        "x0"
    ],
    "timestamp": "2026-05-26T14:11:36.905346"
}