{
    "train_mae": 0.0019860206397383003,
    "train_rmse": 0.0032182589112760836,
    "test_mae": 0.002079074105014995,
    "test_rmse": 0.003355525222023828,
    "per_parameter_mae_train": {
        "s": 0.004591284621380313,
        "t0": 0.0005510900402960863,
        "x0": 0.000815687257538501
    },
    "per_parameter_mae_test": {
        "s": 0.005005029212939028,
        "t0": 0.0004525947245644139,
        "x0": 0.0007795983775415439
    },
    "per_parameter_rmse_train": {
        "s": 0.00545489441847955,
        "t0": 0.0006174358895142024,
        "x0": 0.000966680436134001
    },
    "per_parameter_rmse_test": {
        "s": 0.0057158835389785586,
        "t0": 0.0005447761740547187,
        "x0": 0.0009003015250072796
    },
    "train_data_loss": 0.5791825652122498,
    "train_physics_loss": 0.0029154750518500805,
    "train_total_loss": 0.5791825652122498,
    "train_actual_physics_residual": 2.6961671784064833e-10,
    "test_data_loss": 0.5240883231163025,
    "test_physics_loss": 0.0032011312432587147,
    "test_total_loss": 0.5240883231163025,
    "test_actual_physics_residual": 3.0572303022502467e-10,
    "training_time_seconds": 16.12964257600106,
    "evaluation_time_seconds": 0.051670787997863954,
    "parameter_names": [
        "s",
        "t0",
        "x0"
    ],
    "timestamp": "2026-05-24T02:58:31.617837"
}