{
  "train": {
    "event_abs_mean": 0.015625,
    "event_active_fraction_gt_1e_6": 0.015625,
    "spike_mean": 0.11315564066171646,
    "spike_active_fraction_gt_0p5": 0.007854626514017582,
    "spike_count_per_sample_mean": 20.10784339904785,
    "first_spike_flat_index_mean": 270.9902038574219,
    "mem_abs_mean": 1.322961688041687
  },
  "test": {
    "event_abs_mean": 0.015625,
    "event_active_fraction_gt_1e_6": 0.015625,
    "spike_mean": 0.11313987523317337,
    "spike_active_fraction_gt_0p5": 0.007572115398943424,
    "spike_count_per_sample_mean": 19.38461685180664,
    "first_spike_flat_index_mean": 281.19232177734375,
    "mem_abs_mean": 1.3231359720230103
  }
}