{
    "train_mae": 0.0027159545610494305,
    "train_rmse": 0.003992310693184202,
    "test_mae": 0.0028986502341572353,
    "test_rmse": 0.004058978427233395,
    "per_parameter_mae_train": {
        "s": 0.005342365006988239,
        "t0": 0.0005121656400437695,
        "x0": 0.0022933330361162817
    },
    "per_parameter_mae_test": {
        "s": 0.005712277240903234,
        "t0": 0.0007405375900950972,
        "x0": 0.002243135871473375
    },
    "per_parameter_rmse_train": {
        "s": 0.006325641561563622,
        "t0": 0.0005919454741081536,
        "x0": 0.002729742369352938
    },
    "per_parameter_rmse_test": {
        "s": 0.0065002651318128895,
        "t0": 0.0007603579710104519,
        "x0": 0.0025679420924734045
    },
    "train_data_loss": 0.9993321895599365,
    "train_physics_loss": 0.0039205425418913364,
    "train_total_loss": 0.9993321895599365,
    "train_actual_physics_residual": 2.6906588068698056e-10,
    "test_data_loss": 1.1961886882781982,
    "test_physics_loss": 0.004139993339776993,
    "test_total_loss": 1.1961886882781982,
    "test_actual_physics_residual": 2.949215871517197e-10,
    "training_time_seconds": 0.38116133400035324,
    "evaluation_time_seconds": 0.057618523000201094,
    "parameter_names": [
        "s",
        "t0",
        "x0"
    ],
    "timestamp": "2026-05-26T14:14:41.592344"
}