{
    "train_mae": 0.0007830208132048336,
    "train_rmse": 0.0011689608961124587,
    "test_mae": 0.0006707045461456978,
    "test_rmse": 0.0011106760372051841,
    "per_parameter_mae_train": {
        "s": 0.001681625069490283,
        "t0": 0.0005182988724833094,
        "x0": 0.0001491384976409085
    },
    "per_parameter_mae_test": {
        "s": 0.001429864222096942,
        "t0": 0.00044850269341566965,
        "x0": 0.0001337467229244818
    },
    "per_parameter_rmse_train": {
        "s": 0.00192334970100642,
        "t0": 0.0005930893101496234,
        "x0": 0.00021995392186748271
    },
    "per_parameter_rmse_test": {
        "s": 0.00183468763097446,
        "t0": 0.0005528730770140985,
        "x0": 0.00017045948588365943
    },
    "train_data_loss": 0.3256760537624359,
    "train_physics_loss": 0.0003624559612944722,
    "train_total_loss": 0.3256760537624359,
    "train_actual_physics_residual": 2.6961671784064833e-10,
    "test_data_loss": 0.28356412053108215,
    "test_physics_loss": 0.00032980984542518854,
    "test_total_loss": 0.28356412053108215,
    "test_actual_physics_residual": 3.0572303022502467e-10,
    "training_time_seconds": 12.791221278999728,
    "evaluation_time_seconds": 0.03157075100170914,
    "parameter_names": [
        "s",
        "t0",
        "x0"
    ],
    "timestamp": "2026-05-24T02:47:18.271316"
}