{
  "observation_mode": "event_traces",
  "time_axis_size": 128,
  "records": [
    {
      "fraction": 0.25,
      "kept_steps": 32,
      "active_test_mae": 0.0012227785832911403,
      "test_mae": 0.0008151857221940934
    },
    {
      "fraction": 0.5,
      "kept_steps": 64,
      "active_test_mae": 0.0012386271724376602,
      "test_mae": 0.0008257514482917735
    },
    {
      "fraction": 0.75,
      "kept_steps": 96,
      "active_test_mae": 0.0012386271724376602,
      "test_mae": 0.0008257514482917735
    },
    {
      "fraction": 1.0,
      "kept_steps": 128,
      "active_test_mae": 0.0012386271724376602,
      "test_mae": 0.0008257514482917735
    }
  ]
}