{
  "train": {
    "event_abs_mean": 0.015481388196349144,
    "event_active_fraction_gt_1e_6": 0.015481388196349144,
    "spike_mean": 0.07852146029472351,
    "spike_active_fraction_gt_0p5": 0.010026042349636555,
    "spike_count_per_sample_mean": 25.666667938232422,
    "first_spike_flat_index_mean": 12.950981140136719,
    "mem_abs_mean": 1.2573745250701904
  },
  "test": {
    "event_abs_mean": 0.015474759973585606,
    "event_active_fraction_gt_1e_6": 0.015474759973585606,
    "spike_mean": 0.07852773368358612,
    "spike_active_fraction_gt_0p5": 0.01030649058520794,
    "spike_count_per_sample_mean": 26.38461685180664,
    "first_spike_flat_index_mean": 11.19230842590332,
    "mem_abs_mean": 1.2573636770248413
  }
}