{
    "train_mae": 0.0029212617388052714,
    "train_rmse": 0.004036834318235765,
    "test_mae": 0.002806784304926667,
    "test_rmse": 0.004156307798272637,
    "per_parameter_mae_train": {
        "s": 0.005376043918541166,
        "t0": 0.0004999931928928378,
        "x0": 0.0028877481049818104
    },
    "per_parameter_mae_test": {
        "s": 0.0053153936709954275,
        "t0": 0.00024024462576888866,
        "x0": 0.0028647146180156846
    },
    "per_parameter_rmse_train": {
        "s": 0.006208509714676318,
        "t0": 0.000584254751450607,
        "x0": 0.003162459082238885
    },
    "per_parameter_rmse_test": {
        "s": 0.006594273583886807,
        "t0": 0.00026973137891206855,
        "x0": 0.0028753233602550926
    },
    "train_data_loss": 0.9996302127838135,
    "train_physics_loss": 0.0037767067551612854,
    "train_total_loss": 0.9996302127838135,
    "train_actual_physics_residual": 2.0537377354301611e-10,
    "test_data_loss": 0.7241165637969971,
    "test_physics_loss": 0.004260572604835033,
    "test_total_loss": 0.7241165637969971,
    "test_actual_physics_residual": 2.212605099138898e-10,
    "training_time_seconds": 0.09058976300002541,
    "evaluation_time_seconds": 0.02718546699907165,
    "parameter_names": [
        "s",
        "t0",
        "x0"
    ],
    "timestamp": "2026-05-26T08:15:08.380594"
}