{
  "train": {
    "event_abs_mean": 0.015423943288624287,
    "event_active_fraction_gt_1e_6": 0.015423943288624287,
    "spike_mean": 0.1108197569847107,
    "spike_active_fraction_gt_0p5": 0.010431986302137375,
    "spike_count_per_sample_mean": 26.705883026123047,
    "first_spike_flat_index_mean": 22.47058868408203,
    "mem_abs_mean": 0.9828636646270752
  },
  "test": {
    "event_abs_mean": 0.01554988045245409,
    "event_active_fraction_gt_1e_6": 0.01554988045245409,
    "spike_mean": 0.11084738373756409,
    "spike_active_fraction_gt_0p5": 0.010261418297886848,
    "spike_count_per_sample_mean": 26.26923179626465,
    "first_spike_flat_index_mean": 24.576923370361328,
    "mem_abs_mean": 0.9830374121665955
  }
}