{
  "observation_mode": "event_traces",
  "time_axis_size": 128,
  "records": [
    {
      "fraction": 0.25,
      "kept_steps": 32,
      "active_test_mae": 0.001214672927737639,
      "test_mae": 0.0008097819518250927
    },
    {
      "fraction": 0.5,
      "kept_steps": 64,
      "active_test_mae": 0.0012125791713095075,
      "test_mae": 0.0008083861142063383
    },
    {
      "fraction": 0.75,
      "kept_steps": 96,
      "active_test_mae": 0.0012115014161700832,
      "test_mae": 0.0008076676107800554
    },
    {
      "fraction": 1.0,
      "kept_steps": 128,
      "active_test_mae": 0.0012115014161700832,
      "test_mae": 0.0008076676107800554
    }
  ]
}