{
  "train": {
    "event_abs_mean": 0.01508246548473835,
    "event_active_fraction_gt_1e_6": 0.01508246548473835,
    "spike_mean": 0.05824099853634834,
    "spike_active_fraction_gt_0p5": 0.003611366730183363,
    "spike_count_per_sample_mean": 9.245098114013672,
    "first_spike_flat_index_mean": 195.81373596191406,
    "mem_abs_mean": 0.8406620025634766
  },
  "test": {
    "event_abs_mean": 0.015149238519370556,
    "event_active_fraction_gt_1e_6": 0.015149238519370556,
    "spike_mean": 0.05826963484287262,
    "spike_active_fraction_gt_0p5": 0.003786057699471712,
    "spike_count_per_sample_mean": 9.69230842590332,
    "first_spike_flat_index_mean": 188.0,
    "mem_abs_mean": 0.8404363393783569
  }
}