{
    "train_mae": 0.002351872014332522,
    "train_rmse": 0.0038435702707375436,
    "test_mae": 0.002379167983027856,
    "test_rmse": 0.003866252215453346,
    "per_parameter_mae_train": {
        "s": 0.005601582497408438,
        "t0": 0.0005653799371861903,
        "x0": 0.0008886536084029365
    },
    "per_parameter_mae_test": {
        "s": 0.0057804214518494094,
        "t0": 0.0004386026459708986,
        "x0": 0.0009184798512632606
    },
    "per_parameter_rmse_train": {
        "s": 0.006543190265755396,
        "t0": 0.0006277356366760072,
        "x0": 0.0010543748834561807
    },
    "per_parameter_rmse_test": {
        "s": 0.0065775203668714255,
        "t0": 0.000514698359222247,
        "x0": 0.0011467475759290879
    },
    "train_data_loss": 0.6932202577590942,
    "train_physics_loss": 0.004194843582808971,
    "train_total_loss": 0.6932202577590942,
    "train_actual_physics_residual": 2.6961671784064833e-10,
    "test_data_loss": 0.5963245630264282,
    "test_physics_loss": 0.00423897709697485,
    "test_total_loss": 0.5963245630264282,
    "test_actual_physics_residual": 3.0572303022502467e-10,
    "training_time_seconds": 16.240097210000386,
    "evaluation_time_seconds": 0.06822923500294564,
    "parameter_names": [
        "s",
        "t0",
        "x0"
    ],
    "timestamp": "2026-05-24T02:59:22.463532"
}