{
  "observation_mode": "event_traces",
  "time_axis_size": 128,
  "records": [
    {
      "fraction": 0.25,
      "kept_steps": 32,
      "active_test_mae": 0.002498943635025731,
      "test_mae": 0.002498943635025731
    },
    {
      "fraction": 0.5,
      "kept_steps": 64,
      "active_test_mae": 0.0024414421827159867,
      "test_mae": 0.0024414421827159867
    },
    {
      "fraction": 0.75,
      "kept_steps": 96,
      "active_test_mae": 0.002454569396148662,
      "test_mae": 0.002454569396148662
    },
    {
      "fraction": 1.0,
      "kept_steps": 128,
      "active_test_mae": 0.002454569396148662,
      "test_mae": 0.002454569396148662
    }
  ]
}