{
  "train": {
    "event_abs_mean": 0.015625,
    "event_active_fraction_gt_1e_6": 0.015625,
    "spike_mean": 0.02843850664794445,
    "spike_active_fraction_gt_0p5": 0.0023437500931322575,
    "spike_count_per_sample_mean": 6.0,
    "first_spike_flat_index_mean": 1311.8824462890625,
    "mem_abs_mean": 1.0428476333618164
  },
  "test": {
    "event_abs_mean": 0.015625,
    "event_active_fraction_gt_1e_6": 0.015625,
    "spike_mean": 0.02843848429620266,
    "spike_active_fraction_gt_0p5": 0.0023437500931322575,
    "spike_count_per_sample_mean": 6.0,
    "first_spike_flat_index_mean": 1311.84619140625,
    "mem_abs_mean": 1.0428476333618164
  }
}