{
    "train_mae": 0.0012413377379247269,
    "train_rmse": 0.0019809874976553137,
    "test_mae": 0.0018372121363965893,
    "test_rmse": 0.0025855277127590903,
    "per_parameter_mae_train": {
        "s": 0.0028857914016663156,
        "t0": 0.0003648030142234987,
        "x0": 0.00047341879788436624
    },
    "per_parameter_mae_test": {
        "s": 0.0038224503185679192,
        "t0": 0.0006722737638839056,
        "x0": 0.001016912326737943
    },
    "per_parameter_rmse_train": {
        "s": 0.003351403919487121,
        "t0": 0.00042514580464259727,
        "x0": 0.0006002309645804226
    },
    "per_parameter_rmse_test": {
        "s": 0.004250236609926773,
        "t0": 0.0007185738394535194,
        "x0": 0.0012140844522630857
    },
    "train_data_loss": 0.3333457410335541,
    "train_physics_loss": 0.001100498833693564,
    "train_total_loss": 0.3333457410335541,
    "train_actual_physics_residual": 2.364869966520189e-10,
    "test_data_loss": 0.844258189201355,
    "test_physics_loss": 0.001769953640177846,
    "test_total_loss": 0.844258189201355,
    "test_actual_physics_residual": 3.2109151448800333e-10,
    "training_time_seconds": 1.8410680059969309,
    "evaluation_time_seconds": 0.15324056800091057,
    "parameter_names": [
        "s",
        "t0",
        "x0"
    ],
    "timestamp": "2026-05-26T10:23:27.328972"
}