{
    "train_mae": 0.0021523661589561184,
    "train_rmse": 0.0033414101165239003,
    "test_mae": 0.001799148580602096,
    "test_rmse": 0.0029325653278530614,
    "per_parameter_mae_train": {
        "s": 0.005149067189607175,
        "t0": 0.00041524284881822525,
        "x0": 0.0008927884384429552
    },
    "per_parameter_mae_test": {
        "s": 0.0035937217517169845,
        "t0": 0.0005885494609789591,
        "x0": 0.0012151745291103442
    },
    "per_parameter_rmse_train": {
        "s": 0.005663906427877692,
        "t0": 0.0004909774607342617,
        "x0": 0.001083591163549003
    },
    "per_parameter_rmse_test": {
        "s": 0.004839389626891413,
        "t0": 0.0006172338281652596,
        "x0": 0.0014139125315527998
    },
    "train_data_loss": 0.621534526348114,
    "train_physics_loss": 0.0031431717798113823,
    "train_total_loss": 0.621534526348114,
    "train_actual_physics_residual": 2.364869966520189e-10,
    "test_data_loss": 0.7457204461097717,
    "test_physics_loss": 0.0022946572862565517,
    "test_total_loss": 0.7457204461097717,
    "test_actual_physics_residual": 3.2109151448800333e-10,
    "training_time_seconds": 10.285726886999328,
    "evaluation_time_seconds": 0.21171876699918357,
    "parameter_names": [
        "s",
        "t0",
        "x0"
    ],
    "timestamp": "2026-05-26T17:55:02.345304"
}