{
  "observation_mode": "event_traces",
  "time_axis_size": 128,
  "records": [
    {
      "fraction": 0.25,
      "kept_steps": 32,
      "active_test_mae": 0.0030273826820827916,
      "test_mae": 0.003027382682082791
    },
    {
      "fraction": 0.5,
      "kept_steps": 64,
      "active_test_mae": 0.0030018823978734325,
      "test_mae": 0.003001882397873432
    },
    {
      "fraction": 0.75,
      "kept_steps": 96,
      "active_test_mae": 0.0030018823978734325,
      "test_mae": 0.003001882397873432
    },
    {
      "fraction": 1.0,
      "kept_steps": 128,
      "active_test_mae": 0.0030018823978734325,
      "test_mae": 0.003001882397873432
    }
  ]
}