{
    "train_mae": 0.002759297934471215,
    "train_rmse": 0.003992627833837074,
    "test_mae": 0.0029691385636656867,
    "test_rmse": 0.0043815203344063245,
    "per_parameter_mae_train": {
        "s": 0.005423554741676509,
        "t0": 0.0005696236441634004,
        "x0": 0.002284715417573734
    },
    "per_parameter_mae_test": {
        "s": 0.006480528439435798,
        "t0": 0.00042356862488445796,
        "x0": 0.0020033186266768042
    },
    "per_parameter_rmse_train": {
        "s": 0.0063425433479835525,
        "t0": 0.0006384118464222087,
        "x0": 0.0026810082528573036
    },
    "per_parameter_rmse_test": {
        "s": 0.007193890717405423,
        "t0": 0.0005171976519126552,
        "x0": 0.002360848207177337
    },
    "train_data_loss": 0.9443898797035217,
    "train_physics_loss": 0.003941521514207125,
    "train_total_loss": 0.9443898797035217,
    "train_actual_physics_residual": 2.6961671784064833e-10,
    "test_data_loss": 0.8420259356498718,
    "test_physics_loss": 0.005070660728961229,
    "test_total_loss": 0.8420259356498718,
    "test_actual_physics_residual": 3.0572303022502467e-10,
    "training_time_seconds": 6.416386079000404,
    "evaluation_time_seconds": 0.10584559899962187,
    "parameter_names": [
        "s",
        "t0",
        "x0"
    ],
    "timestamp": "2026-05-26T04:34:37.304544"
}