{
    "train_mae": 0.00020550033210550383,
    "train_rmse": 0.0004864687010918486,
    "test_mae": 0.0006571090435150552,
    "test_rmse": 0.0016557832732929947,
    "per_parameter_mae_train": {
        "a": 0.00012783160996600573,
        "d": 0.0008693782869803543,
        "epsilon": 9.499490256914545e-11,
        "k": 0.0,
        "mu1": 0.00023578007976279408,
        "mu2": 1.1920928966180355e-08
    },
    "per_parameter_mae_test": {
        "a": 0.00046628644423427903,
        "d": 0.0026975477307518924,
        "epsilon": 9.499490256914545e-11,
        "k": 0.0,
        "mu1": 0.000778808070180291,
        "mu2": 1.1920928966180355e-08
    },
    "per_parameter_rmse_train": {
        "a": 0.00016615862625794268,
        "d": 0.0011429644118190116,
        "epsilon": 9.499490256914543e-11,
        "k": 0.0,
        "mu1": 0.00029314577763481155,
        "mu2": 1.1920928966180355e-08
    },
    "per_parameter_rmse_test": {
        "a": 0.000614695504653288,
        "d": 0.0038563162330423717,
        "epsilon": 9.499490256914545e-11,
        "k": 0.0,
        "mu1": 0.001095757288769732,
        "mu2": 1.1920928966180354e-08
    },
    "train_data_loss": 0.010684172622859478,
    "train_physics_loss": 0.0,
    "train_total_loss": 0.010684172622859478,
    "train_actual_physics_residual": 0.0,
    "test_data_loss": 0.14118364453315735,
    "test_physics_loss": 0.0,
    "test_total_loss": 0.14118364453315735,
    "test_actual_physics_residual": 0.0,
    "training_time_seconds": 101.47841188999882,
    "evaluation_time_seconds": 0.5720977449964266,
    "parameter_names": [
        "a",
        "d",
        "epsilon",
        "k",
        "mu1",
        "mu2"
    ],
    "timestamp": "2026-06-17T09:14:21.773412"
}