{
  "observation_mode": "default",
  "n_sensors": 0,
  "train": {
    "sample_count": 204,
    "feature_count": 3050,
    "active_fraction": 0.8132513661202185,
    "active_entries_per_sample_mean": 2480.4166666666665,
    "first_active_flat_index_mean": 55.0,
    "active_fraction_gt_0p5": 0.21054162648666022,
    "active_entries_per_sample_mean_gt_0p5": 642.1519607843137,
    "first_active_flat_index_mean_gt_0p5": 55.0
  },
  "test": {
    "sample_count": 52,
    "feature_count": 3050,
    "active_fraction": 0.8133102143757881,
    "active_entries_per_sample_mean": 2480.596153846154,
    "first_active_flat_index_mean": 55.0,
    "active_fraction_gt_0p5": 0.20985498108448927,
    "active_entries_per_sample_mean_gt_0p5": 640.0576923076923,
    "first_active_flat_index_mean_gt_0p5": 55.0
  }
}