{
    "train_mae": 0.0028815725721248586,
    "train_rmse": 0.004193729749556986,
    "test_mae": 0.0029730387410307805,
    "test_rmse": 0.004460720262468703,
    "per_parameter_mae_train": {
        "s": 0.005770270917011925,
        "t0": 0.0005538827423513873,
        "x0": 0.002320564057011264
    },
    "per_parameter_mae_test": {
        "s": 0.006628659736620668,
        "t0": 0.00043854053498337337,
        "x0": 0.0018519159514882994
    },
    "per_parameter_rmse_train": {
        "s": 0.006715824360443915,
        "t0": 0.0006196467837355074,
        "x0": 0.0026973781084661135
    },
    "per_parameter_rmse_test": {
        "s": 0.007374645420345432,
        "t0": 0.0005278258134031308,
        "x0": 0.002242784121327776
    },
    "train_data_loss": 0.963956356048584,
    "train_physics_loss": 0.004419117234647274,
    "train_total_loss": 0.963956356048584,
    "train_actual_physics_residual": 2.6961671784064833e-10,
    "test_data_loss": 0.8475416302680969,
    "test_physics_loss": 0.005328672472387552,
    "test_total_loss": 0.8475416302680969,
    "test_actual_physics_residual": 3.0572303022502467e-10,
    "training_time_seconds": 21.908715153999765,
    "evaluation_time_seconds": 0.3266052740000305,
    "parameter_names": [
        "s",
        "t0",
        "x0"
    ],
    "timestamp": "2026-05-24T14:54:29.742103"
}