{
    "train_mae": 0.0027220019311822246,
    "train_rmse": 0.003984177003281401,
    "test_mae": 0.0028483088931401113,
    "test_rmse": 0.004017640047972734,
    "per_parameter_mae_train": {
        "s": 0.005359880904826979,
        "t0": 0.0005205914751129928,
        "x0": 0.002285533413606702
    },
    "per_parameter_mae_test": {
        "s": 0.005633465391240416,
        "t0": 0.0007378977920774487,
        "x0": 0.002173563496102469
    },
    "per_parameter_rmse_train": {
        "s": 0.006313293349511168,
        "t0": 0.0005925655824075161,
        "x0": 0.0027225341676447704
    },
    "per_parameter_rmse_test": {
        "s": 0.0064547139911954226,
        "t0": 0.0007581293688216105,
        "x0": 0.0024872076345209436
    },
    "train_data_loss": 0.9969764947891235,
    "train_physics_loss": 0.0039052502252161503,
    "train_total_loss": 0.9969764947891235,
    "train_actual_physics_residual": 2.6906588068698056e-10,
    "test_data_loss": 1.169840693473816,
    "test_physics_loss": 0.00408217404037714,
    "test_total_loss": 1.169840693473816,
    "test_actual_physics_residual": 2.949215871517197e-10,
    "training_time_seconds": 0.3222730749985203,
    "evaluation_time_seconds": 0.0272557809985301,
    "parameter_names": [
        "s",
        "t0",
        "x0"
    ],
    "timestamp": "2026-05-26T08:09:33.729263"
}