{
    "train_mae": 0.0016807876200676038,
    "train_rmse": 0.0027688141728329373,
    "test_mae": 0.00204843465037487,
    "test_rmse": 0.003351711578249451,
    "per_parameter_mae_train": {
        "s": 0.0036068992582027827,
        "t0": 0.0005467411411044604,
        "x0": 0.0008887224608955688
    },
    "per_parameter_mae_test": {
        "s": 0.004490045099002509,
        "t0": 0.00043891440913421175,
        "x0": 0.0012163444429878895
    },
    "per_parameter_rmse_train": {
        "s": 0.004621167339117996,
        "t0": 0.0006122558329167449,
        "x0": 0.0011264772478706145
    },
    "per_parameter_rmse_test": {
        "s": 0.005594595724671399,
        "t0": 0.0005229699982216954,
        "x0": 0.0014590793569106489
    },
    "train_data_loss": 0.526498019695282,
    "train_physics_loss": 0.0020923831034451723,
    "train_total_loss": 0.526498019695282,
    "train_actual_physics_residual": 2.6961671784064833e-10,
    "test_data_loss": 0.550544023513794,
    "test_physics_loss": 0.003066722070798278,
    "test_total_loss": 0.550544023513794,
    "test_actual_physics_residual": 3.0572303022502467e-10,
    "training_time_seconds": 4.766898154000046,
    "evaluation_time_seconds": 0.06610557499971037,
    "parameter_names": [
        "s",
        "t0",
        "x0"
    ],
    "timestamp": "2026-05-26T04:17:38.424544"
}