{
    "train_mae": 0.0007802674090877621,
    "train_rmse": 0.0011630885232930123,
    "test_mae": 0.0006612775880120324,
    "test_rmse": 0.0010836272898095726,
    "per_parameter_mae_train": {
        "s": 0.001662298215933993,
        "t0": 0.0005199281839991242,
        "x0": 0.0001585758273301691
    },
    "per_parameter_mae_test": {
        "s": 0.0014001785939070045,
        "t0": 0.000447330572464508,
        "x0": 0.00013632359766458464
    },
    "per_parameter_rmse_train": {
        "s": 0.0019113045783107996,
        "t0": 0.0005945783392953983,
        "x0": 0.00022741184317590622
    },
    "per_parameter_rmse_test": {
        "s": 0.0017840906448467254,
        "t0": 0.0005561498657905234,
        "x0": 0.00017453425856174125
    },
    "train_data_loss": 0.3269706070423126,
    "train_physics_loss": 0.0003579303156584501,
    "train_total_loss": 0.3269706070423126,
    "train_actual_physics_residual": 2.6961671784064833e-10,
    "test_data_loss": 0.28534597158432007,
    "test_physics_loss": 0.0003118695749435574,
    "test_total_loss": 0.28534597158432007,
    "test_actual_physics_residual": 3.0572303022502467e-10,
    "training_time_seconds": 12.054357422999601,
    "evaluation_time_seconds": 0.01992763899761485,
    "parameter_names": [
        "s",
        "t0",
        "x0"
    ],
    "timestamp": "2026-05-24T02:46:55.280822"
}