{
  "observation_mode": "event_traces",
  "time_axis_size": 128,
  "records": [
    {
      "fraction": 0.25,
      "kept_steps": 32,
      "active_test_mae": 0.0030061515156423854,
      "test_mae": 0.0030061515156423854
    },
    {
      "fraction": 0.5,
      "kept_steps": 64,
      "active_test_mae": 0.002991324436969516,
      "test_mae": 0.0029913244369695158
    },
    {
      "fraction": 0.75,
      "kept_steps": 96,
      "active_test_mae": 0.002991324436969516,
      "test_mae": 0.0029913244369695158
    },
    {
      "fraction": 1.0,
      "kept_steps": 128,
      "active_test_mae": 0.002991324436969516,
      "test_mae": 0.0029913244369695158
    }
  ]
}