{
  "train": {
    "event_abs_mean": 0.015234374441206455,
    "event_active_fraction_gt_1e_6": 0.015234374441206455,
    "spike_mean": 0.07833079993724823,
    "spike_active_fraction_gt_0p5": 0.006000000052154064,
    "spike_count_per_sample_mean": 15.359999656677246,
    "first_spike_flat_index_mean": 17.279998779296875,
    "mem_abs_mean": 1.0979375839233398
  },
  "test": {
    "event_abs_mean": 0.014787946827709675,
    "event_active_fraction_gt_1e_6": 0.014787946827709675,
    "spike_mean": 0.0782482847571373,
    "spike_active_fraction_gt_0p5": 0.005412946455180645,
    "spike_count_per_sample_mean": 13.85714340209961,
    "first_spike_flat_index_mean": 25.285715103149414,
    "mem_abs_mean": 1.0969983339309692
  }
}