{
    "train_mae": 0.0014687039073370196,
    "train_rmse": 0.0025048922118722943,
    "test_mae": 0.0017240424168658963,
    "test_rmse": 0.002958312760981128,
    "per_parameter_mae_train": {
        "s": 0.0031127578434404393,
        "t0": 0.0005006764330927712,
        "x0": 0.0007926774454778483
    },
    "per_parameter_mae_test": {
        "s": 0.0038138256654401447,
        "t0": 0.0004648176062458402,
        "x0": 0.0008934839789117043
    },
    "per_parameter_rmse_train": {
        "s": 0.004175402647130868,
        "t0": 0.0005814300569072508,
        "x0": 0.0010253812961785477
    },
    "per_parameter_rmse_test": {
        "s": 0.004962188373811262,
        "t0": 0.0005721718317898543,
        "x0": 0.0011419934820610603
    },
    "train_data_loss": 0.4574849307537079,
    "train_physics_loss": 0.0017081806436181068,
    "train_total_loss": 0.4574849307537079,
    "train_actual_physics_residual": 2.6961671784064833e-10,
    "test_data_loss": 0.5119255781173706,
    "test_physics_loss": 0.0024125869385898113,
    "test_total_loss": 0.5119255781173706,
    "test_actual_physics_residual": 3.0572303022502467e-10,
    "training_time_seconds": 12.410314942000696,
    "evaluation_time_seconds": 0.08476672700271592,
    "parameter_names": [
        "s",
        "t0",
        "x0"
    ],
    "timestamp": "2026-05-24T02:39:37.234891"
}