{
    "train_mae": 0.010855740740030291,
    "train_rmse": 0.013327986856864692,
    "test_mae": 0.020691016837617857,
    "test_rmse": 0.030713966564306326,
    "per_parameter_mae_train": {
        "beta": 0.012140580692270626,
        "rho": 0.010014972261704072,
        "sigma": 0.010411669266116174
    },
    "per_parameter_mae_test": {
        "beta": 0.014676528256351325,
        "rho": 0.0331001208506365,
        "sigma": 0.014296401405865744
    },
    "per_parameter_rmse_train": {
        "beta": 0.013285015232234616,
        "rho": 0.012610877260285565,
        "sigma": 0.01404919378382904
    },
    "per_parameter_rmse_test": {
        "beta": 0.018145463859285144,
        "rho": 0.04605073399069019,
        "sigma": 0.019496544991101594
    },
    "train_data_loss": 0.001181272091343999,
    "train_physics_loss": 1.046021819114685,
    "train_total_loss": 1.0472030639648438,
    "train_actual_physics_residual": 489.1250915527344,
    "test_data_loss": 0.004305518697947264,
    "test_physics_loss": 0.9957308769226074,
    "test_total_loss": 1.000036358833313,
    "test_actual_physics_residual": 465.8353271484375,
    "training_time_seconds": 16.366027865999058,
    "evaluation_time_seconds": 0.1515625709998858,
    "parameter_names": [
        "beta",
        "rho",
        "sigma"
    ],
    "timestamp": "2026-05-12T13:33:13.356138"
}