{
    "train_mae": 0.0021967825611877707,
    "train_rmse": 0.0035846766446226207,
    "test_mae": 0.0024537679032603887,
    "test_rmse": 0.0041060445710730115,
    "per_parameter_mae_train": {
        "s": 0.005184507812045383,
        "t0": 0.0005450605699941016,
        "x0": 0.0008607793015238277
    },
    "per_parameter_mae_test": {
        "s": 0.0059575958997609875,
        "t0": 0.0004198028251993144,
        "x0": 0.000983904984820865
    },
    "per_parameter_rmse_train": {
        "s": 0.006082880880674256,
        "t0": 0.0006102630996011933,
        "x0": 0.001084370361224148
    },
    "per_parameter_rmse_test": {
        "s": 0.006996469180897811,
        "t0": 0.0005015652494615654,
        "x0": 0.0011733104278894523
    },
    "train_data_loss": 0.6351309418678284,
    "train_physics_loss": 0.0036253982689231634,
    "train_total_loss": 0.6351309418678284,
    "train_actual_physics_residual": 2.6961671784064833e-10,
    "test_data_loss": 0.6293683052062988,
    "test_physics_loss": 0.00479617016389966,
    "test_total_loss": 0.6293683052062988,
    "test_actual_physics_residual": 3.0572303022502467e-10,
    "training_time_seconds": 26.52866784300204,
    "evaluation_time_seconds": 0.0803406629966048,
    "parameter_names": [
        "s",
        "t0",
        "x0"
    ],
    "timestamp": "2026-05-24T03:35:32.785268"
}