{
    "train_mae": 0.0019235966860407317,
    "train_rmse": 0.003878769100494053,
    "test_mae": 0.0021935995656607145,
    "test_rmse": 0.0042416137649582625,
    "per_parameter_mae_train": {
        "s": 0.005770788568006082,
        "t0": 1.4901161138336505e-09,
        "x0": 0.0
    },
    "per_parameter_mae_test": {
        "s": 0.00658079720686603,
        "t0": 1.4901161138336505e-09,
        "x0": 0.0
    },
    "per_parameter_rmse_train": {
        "s": 0.006718225152883767,
        "t0": 1.4901161138336503e-09,
        "x0": 0.0
    },
    "per_parameter_rmse_test": {
        "s": 0.0073466905469910734,
        "t0": 1.4901161138336505e-09,
        "x0": 0.0
    },
    "train_data_loss": 0.9921887516975403,
    "train_physics_loss": 0.00442227628082037,
    "train_total_loss": 0.9921887516975403,
    "train_actual_physics_residual": 2.7325863793947747e-10,
    "test_data_loss": 1.186505675315857,
    "test_physics_loss": 0.00528835179284215,
    "test_total_loss": 1.186505675315857,
    "test_actual_physics_residual": 3.07907949137487e-10,
    "training_time_seconds": 17.151405893997435,
    "evaluation_time_seconds": 0.17862920300103724,
    "parameter_names": [
        "s",
        "t0",
        "x0"
    ],
    "timestamp": "2026-05-24T21:31:09.019004"
}