{
  "train": {
    "event_abs_mean": 0.015625,
    "event_active_fraction_gt_1e_6": 0.015625,
    "spike_mean": 0.02524407207965851,
    "spike_active_fraction_gt_0p5": 0.0009535846184007823,
    "spike_count_per_sample_mean": 2.441176652908325,
    "first_spike_flat_index_mean": 1525.5999755859375,
    "mem_abs_mean": 1.056286334991455
  },
  "test": {
    "event_abs_mean": 0.015625,
    "event_active_fraction_gt_1e_6": 0.015625,
    "spike_mean": 0.025254907086491585,
    "spike_active_fraction_gt_0p5": 0.000946514424867928,
    "spike_count_per_sample_mean": 2.42307710647583,
    "first_spike_flat_index_mean": 1512.615478515625,
    "mem_abs_mean": 1.0562728643417358
  }
}