{
    "train_mae": 0.0009556112488117791,
    "train_rmse": 0.002155894932791326,
    "test_mae": 0.0011740753056512048,
    "test_rmse": 0.002546542875969589,
    "per_parameter_mae_train": {
        "a": 0.0006882646466391469,
        "d": 0.0038814716868878474,
        "epsilon": 9.499490256914545e-11,
        "k": 0.0,
        "mu1": 0.0011639191434198119,
        "mu2": 1.1920928966180355e-08
    },
    "per_parameter_mae_test": {
        "a": 0.0008474434994746802,
        "d": 0.004676230816122293,
        "epsilon": 9.499490256914545e-11,
        "k": 0.0,
        "mu1": 0.0015207655023863865,
        "mu2": 1.1920928966180355e-08
    },
    "per_parameter_rmse_train": {
        "a": 0.000863170423063664,
        "d": 0.004987270002986787,
        "epsilon": 9.499490256914543e-11,
        "k": 0.0,
        "mu1": 0.001506443661517435,
        "mu2": 1.1920928966180357e-08
    },
    "per_parameter_rmse_test": {
        "a": 0.0010065368757459481,
        "d": 0.005868972695152517,
        "epsilon": 9.499490256914543e-11,
        "k": 0.0,
        "mu1": 0.0018577746731195536,
        "mu2": 1.1920928966180355e-08
    },
    "train_data_loss": 0.2628650963306427,
    "train_physics_loss": 0.0,
    "train_total_loss": 0.2628650963306427,
    "train_actual_physics_residual": 0.0,
    "test_data_loss": 0.37932339310646057,
    "test_physics_loss": 0.0,
    "test_total_loss": 0.37932339310646057,
    "test_actual_physics_residual": 0.0,
    "training_time_seconds": 158.6242628,
    "evaluation_time_seconds": 0.13463453900112654,
    "parameter_names": [
        "a",
        "d",
        "epsilon",
        "k",
        "mu1",
        "mu2"
    ],
    "timestamp": "2026-06-19T19:01:06.383692"
}