{
    "train_mae": 0.0025428703441119104,
    "train_rmse": 0.003826400784804437,
    "test_mae": 0.002847624600350521,
    "test_rmse": 0.004391587517234358,
    "per_parameter_mae_train": {
        "s": 0.004903703749505167,
        "t0": 0.0004913750766013398,
        "x0": 0.0022335322062292254
    },
    "per_parameter_mae_test": {
        "s": 0.006128974850763725,
        "t0": 0.0005148205736180267,
        "x0": 0.0018990783766698115
    },
    "per_parameter_rmse_train": {
        "s": 0.006058565907659005,
        "t0": 0.0005641615010700718,
        "x0": 0.0026266956125745545
    },
    "per_parameter_rmse_test": {
        "s": 0.007181757159874309,
        "t0": 0.0005922539302160958,
        "x0": 0.002435102080678261
    },
    "train_data_loss": 0.8310415148735046,
    "train_physics_loss": 0.003596467664465308,
    "train_total_loss": 0.8310415148735046,
    "train_actual_physics_residual": 2.6961671784064833e-10,
    "test_data_loss": 0.926105797290802,
    "test_physics_loss": 0.005053570028394461,
    "test_total_loss": 0.926105797290802,
    "test_actual_physics_residual": 3.0572303022502467e-10,
    "training_time_seconds": 9.677094659000431,
    "evaluation_time_seconds": 0.07944745900022099,
    "parameter_names": [
        "s",
        "t0",
        "x0"
    ],
    "timestamp": "2026-05-26T01:56:42.728600"
}