{
    "train_mae": 0.000797201964727854,
    "train_rmse": 0.0023695921518022064,
    "test_mae": 0.0009070475951989121,
    "test_rmse": 0.002576916112540325,
    "per_parameter_mae_train": {
        "a": 5.9990170145553245e-05,
        "d": 0.004419645488702988,
        "epsilon": 1.341104512164737e-09,
        "k": 0.0,
        "mu1": 0.0003035747884140705,
        "mu2": 0.0
    },
    "per_parameter_mae_test": {
        "a": 6.89387995615897e-05,
        "d": 0.005027052517798601,
        "epsilon": 1.341104512164737e-09,
        "k": 0.0,
        "mu1": 0.0003462929127287699,
        "mu2": 0.0
    },
    "per_parameter_rmse_train": {
        "a": 7.687374827930334e-05,
        "d": 0.005790389190462817,
        "epsilon": 1.3411045121647371e-09,
        "k": 0.0,
        "mu1": 0.0003940624888145463,
        "mu2": 0.0
    },
    "per_parameter_rmse_test": {
        "a": 8.878438885402721e-05,
        "d": 0.0062961138126188506,
        "epsilon": 1.3411045121647371e-09,
        "k": 0.0,
        "mu1": 0.0004405089071333157,
        "mu2": 0.0
    },
    "train_data_loss": 0.0037079211324453354,
    "train_physics_loss": 0.0016595888882875443,
    "train_total_loss": 0.0037079211324453354,
    "train_actual_physics_residual": 0.001658676192164421,
    "test_data_loss": 0.004659738391637802,
    "test_physics_loss": 0.0016474807634949684,
    "test_total_loss": 0.004659738391637802,
    "test_actual_physics_residual": 0.0016455514123663306,
    "training_time_seconds": 174.46777009200014,
    "evaluation_time_seconds": 0.37902603299880866,
    "parameter_names": [
        "a",
        "d",
        "epsilon",
        "k",
        "mu1",
        "mu2"
    ],
    "timestamp": "2026-05-11T01:20:41.243232"
}