{
    "train_mae": 0.0027673809246306627,
    "train_rmse": 0.004033140447284374,
    "test_mae": 0.0027179175189675163,
    "test_rmse": 0.003941336923617225,
    "per_parameter_mae_train": {
        "s": 0.005450573181421649,
        "t0": 0.000509911473380251,
        "x0": 0.0023416581190900876
    },
    "per_parameter_mae_test": {
        "s": 0.005418962029611811,
        "t0": 0.0007426902347660238,
        "x0": 0.0019921002925247146
    },
    "per_parameter_rmse_train": {
        "s": 0.006368929664221823,
        "t0": 0.0005939213797626569,
        "x0": 0.0028076071536843827
    },
    "per_parameter_rmse_test": {
        "s": 0.006381746577647278,
        "t0": 0.0007629569604164274,
        "x0": 0.0023007862855217278
    },
    "train_data_loss": 1.02538001537323,
    "train_physics_loss": 0.00397438183426857,
    "train_total_loss": 1.02538001537323,
    "train_actual_physics_residual": 2.6906588068698056e-10,
    "test_data_loss": 1.1291817426681519,
    "test_physics_loss": 0.003990402445197105,
    "test_total_loss": 1.1291817426681519,
    "test_actual_physics_residual": 2.949215871517197e-10,
    "training_time_seconds": 9.23128220900253,
    "evaluation_time_seconds": 0.3075008129962953,
    "parameter_names": [
        "s",
        "t0",
        "x0"
    ],
    "timestamp": "2026-05-24T12:59:15.713734"
}