{
  "train": {
    "event_abs_mean": 0.015625,
    "event_active_fraction_gt_1e_6": 0.015625,
    "spike_mean": 0.06567075848579407,
    "spike_active_fraction_gt_0p5": 0.004465380217880011,
    "spike_count_per_sample_mean": 11.43137264251709,
    "first_spike_flat_index_mean": 618.9412231445312,
    "mem_abs_mean": 1.659546971321106
  },
  "test": {
    "event_abs_mean": 0.015625,
    "event_active_fraction_gt_1e_6": 0.015625,
    "spike_mean": 0.06567256152629852,
    "spike_active_fraction_gt_0p5": 0.004477163311094046,
    "spike_count_per_sample_mean": 11.461539268493652,
    "first_spike_flat_index_mean": 659.7692260742188,
    "mem_abs_mean": 1.6595057249069214
  }
}