{
    "train_mae": 0.0023951855972689628,
    "train_rmse": 0.003660959592310679,
    "test_mae": 0.0020712743159698086,
    "test_rmse": 0.0034457150801761845,
    "per_parameter_mae_train": {
        "s": 0.005485736376743278,
        "t0": 0.000450546977941913,
        "x0": 0.0012492734371216984
    },
    "per_parameter_mae_test": {
        "s": 0.004570352685842398,
        "t0": 0.0006578685984840817,
        "x0": 0.0009856016635829451
    },
    "per_parameter_rmse_train": {
        "s": 0.006136014224813096,
        "t0": 0.0005177961497615431,
        "x0": 0.0015129745502744552
    },
    "per_parameter_rmse_test": {
        "s": 0.005824031390656577,
        "t0": 0.0006785073948559833,
        "x0": 0.001113168144097411
    },
    "train_data_loss": 0.7447246313095093,
    "train_physics_loss": 0.0036890008486807346,
    "train_total_loss": 0.7447246313095093,
    "train_actual_physics_residual": 2.364869966520189e-10,
    "test_data_loss": 0.9078913331031799,
    "test_physics_loss": 0.003323412500321865,
    "test_total_loss": 0.9078913331031799,
    "test_actual_physics_residual": 3.2109151448800333e-10,
    "training_time_seconds": 7.271111680000104,
    "evaluation_time_seconds": 0.18048191499974564,
    "parameter_names": [
        "s",
        "t0",
        "x0"
    ],
    "timestamp": "2026-05-26T18:48:00.393205"
}