{
  "observation_mode": "event_traces",
  "time_axis_size": 128,
  "records": [
    {
      "fraction": 0.25,
      "kept_steps": 32,
      "active_test_mae": 0.0030181133590185547,
      "test_mae": 0.0030181133590185547
    },
    {
      "fraction": 0.5,
      "kept_steps": 64,
      "active_test_mae": 0.003036150360443552,
      "test_mae": 0.0030361503604435514
    },
    {
      "fraction": 0.75,
      "kept_steps": 96,
      "active_test_mae": 0.0030562559432248788,
      "test_mae": 0.0030562559432248783
    },
    {
      "fraction": 1.0,
      "kept_steps": 128,
      "active_test_mae": 0.0030562559432248788,
      "test_mae": 0.0030562559432248783
    }
  ]
}