{
    "train_mae": 0.0006661890522117455,
    "train_rmse": 0.0010604414306908169,
    "test_mae": 0.0028377232678780382,
    "test_rmse": 0.004884307054722164,
    "per_parameter_mae_train": {
        "s": 0.0014226622582087533,
        "t0": 0.00012906668783837122,
        "x0": 0.0004468382105881118
    },
    "per_parameter_mae_test": {
        "s": 0.005990327605999473,
        "t0": 0.0005262933713562031,
        "x0": 0.001996548826278436
    },
    "per_parameter_rmse_train": {
        "s": 0.0017320550838753643,
        "t0": 0.00015802802120698595,
        "x0": 0.0005904408647033744
    },
    "per_parameter_rmse_test": {
        "s": 0.008041521991073055,
        "t0": 0.0006789213520438248,
        "x0": 0.002538179678283939
    },
    "train_data_loss": 0.05787814408540726,
    "train_physics_loss": 0.0002939437108580023,
    "train_total_loss": 0.05787814408540726,
    "train_actual_physics_residual": 2.6961671784064833e-10,
    "test_data_loss": 1.1367062330245972,
    "test_physics_loss": 0.0063359797932207584,
    "test_total_loss": 1.1367062330245972,
    "test_actual_physics_residual": 3.0572303022502467e-10,
    "training_time_seconds": 16.96552036599951,
    "evaluation_time_seconds": 0.20062303800023074,
    "parameter_names": [
        "s",
        "t0",
        "x0"
    ],
    "timestamp": "2026-05-26T05:03:34.909635"
}