{
  "train": {
    "event_abs_mean": 0.10828354954719543,
    "event_active_fraction_gt_1e_6": 0.10828354954719543,
    "spike_mean": 0.04435373470187187,
    "spike_active_fraction_gt_0p5": 0.0186465997248888,
    "spike_count_per_sample_mean": 47.735294342041016,
    "first_spike_flat_index_mean": 50.22549057006836,
    "mem_abs_mean": 1.082074761390686
  },
  "test": {
    "event_abs_mean": 0.10434194654226303,
    "event_active_fraction_gt_1e_6": 0.10434194654226303,
    "spike_mean": 0.044183261692523956,
    "spike_active_fraction_gt_0p5": 0.01805889420211315,
    "spike_count_per_sample_mean": 46.230770111083984,
    "first_spike_flat_index_mean": 67.61538696289062,
    "mem_abs_mean": 1.0828378200531006
  }
}