{
    "train_mae": 0.0005978099905726346,
    "train_rmse": 0.0012539967395859377,
    "test_mae": 0.0005404765835989409,
    "test_rmse": 0.0011681071469894333,
    "per_parameter_mae_train": {
        "a": 0.00046164173939385993,
        "d": 0.0024374825323404434,
        "epsilon": 9.499490256914545e-11,
        "k": 0.0,
        "mu1": 0.0006877236557776359,
        "mu2": 1.1920928966180355e-08
    },
    "per_parameter_mae_test": {
        "a": 0.0005259725202263297,
        "d": 0.002105739151341318,
        "epsilon": 9.499490256914545e-11,
        "k": 0.0,
        "mu1": 0.0006111358141021289,
        "mu2": 1.1920928966180355e-08
    },
    "per_parameter_rmse_train": {
        "a": 0.0005571237849170001,
        "d": 0.0029032922454331014,
        "epsilon": 9.499490256914543e-11,
        "k": 0.0,
        "mu1": 0.0008339988987394594,
        "mu2": 1.1920928966180355e-08
    },
    "per_parameter_rmse_test": {
        "a": 0.0006051403420472372,
        "d": 0.0026941902221882643,
        "epsilon": 9.499490256914545e-11,
        "k": 0.0,
        "mu1": 0.000749659958939217,
        "mu2": 1.1920928966180354e-08
    },
    "train_data_loss": 0.3689054846763611,
    "train_physics_loss": 0.0,
    "train_total_loss": 0.3689054846763611,
    "train_actual_physics_residual": 0.0,
    "test_data_loss": 0.35652050375938416,
    "test_physics_loss": 0.0,
    "test_total_loss": 0.35652050375938416,
    "test_actual_physics_residual": 0.0,
    "training_time_seconds": 88.54041696700006,
    "evaluation_time_seconds": 0.5317303399970115,
    "parameter_names": [
        "a",
        "d",
        "epsilon",
        "k",
        "mu1",
        "mu2"
    ],
    "timestamp": "2026-06-17T09:33:07.134689"
}