{
    "train_mae": 0.0011483680130798721,
    "train_rmse": 0.002509850241563898,
    "test_mae": 0.0009672297386549562,
    "test_rmse": 0.002062665136767133,
    "per_parameter_mae_train": {
        "a": 0.0008141712421229291,
        "d": 0.00477284288153019,
        "epsilon": 9.499490256914545e-11,
        "k": 0.0,
        "mu1": 0.001303181938902246,
        "mu2": 1.1920928966180355e-08
    },
    "per_parameter_mae_test": {
        "a": 0.0007747316223107592,
        "d": 0.0036850732217160952,
        "epsilon": 9.499490256914545e-11,
        "k": 0.0,
        "mu1": 0.0013435615719790141,
        "mu2": 1.1920928966180355e-08
    },
    "per_parameter_rmse_train": {
        "a": 0.001009735913725303,
        "d": 0.005847331909797576,
        "epsilon": 9.499490256914543e-11,
        "k": 0.0,
        "mu1": 0.0016078657691251405,
        "mu2": 1.1920928966180355e-08
    },
    "per_parameter_rmse_test": {
        "a": 0.0009059575001831053,
        "d": 0.004696014286969795,
        "epsilon": 9.499490256914545e-11,
        "k": 0.0,
        "mu1": 0.0016291763633513982,
        "mu2": 1.1920928966180354e-08
    },
    "train_data_loss": 0.33297666907310486,
    "train_physics_loss": 0.0,
    "train_total_loss": 0.33297666907310486,
    "train_actual_physics_residual": 0.0,
    "test_data_loss": 0.2874622344970703,
    "test_physics_loss": 0.0,
    "test_total_loss": 0.2874622344970703,
    "test_actual_physics_residual": 0.0,
    "training_time_seconds": 38.736565781990066,
    "evaluation_time_seconds": 0.17461239302065223,
    "parameter_names": [
        "a",
        "d",
        "epsilon",
        "k",
        "mu1",
        "mu2"
    ],
    "timestamp": "2026-06-15T14:29:06.222209"
}