{
  "train": {
    "event_abs_mean": 0.015299479477107525,
    "event_active_fraction_gt_1e_6": 0.015299479477107525,
    "spike_mean": 0.03833829611539841,
    "spike_active_fraction_gt_0p5": 0.0036783856339752674,
    "spike_count_per_sample_mean": 9.416666984558105,
    "first_spike_flat_index_mean": 914.6666870117188,
    "mem_abs_mean": 1.3350502252578735
  },
  "test": {
    "event_abs_mean": 0.015380859375,
    "event_active_fraction_gt_1e_6": 0.015380859375,
    "spike_mean": 0.03829450160264969,
    "spike_active_fraction_gt_0p5": 0.0031250000465661287,
    "spike_count_per_sample_mean": 8.0,
    "first_spike_flat_index_mean": 930.25,
    "mem_abs_mean": 1.3357117176055908
  }
}