{
  "observation_mode": "event_traces",
  "time_axis_size": 128,
  "records": [
    {
      "fraction": 0.25,
      "kept_steps": 32,
      "active_test_mae": 0.003010845833896705,
      "test_mae": 0.003010845833896705
    },
    {
      "fraction": 0.5,
      "kept_steps": 64,
      "active_test_mae": 0.003011028468641594,
      "test_mae": 0.0030110284686415936
    },
    {
      "fraction": 0.75,
      "kept_steps": 96,
      "active_test_mae": 0.003011028468641594,
      "test_mae": 0.0030110284686415936
    },
    {
      "fraction": 1.0,
      "kept_steps": 128,
      "active_test_mae": 0.003011028468641594,
      "test_mae": 0.0030110284686415936
    }
  ]
}