{
    "train_mae": 0.0005550380111720667,
    "train_rmse": 0.0012098755066932492,
    "test_mae": 0.0005169275953074422,
    "test_rmse": 0.0010729408277302354,
    "per_parameter_mae_train": {
        "a": 0.00039877349834004604,
        "d": 0.0022843761273612824,
        "epsilon": 9.499490256914545e-11,
        "k": 0.0,
        "mu1": 0.0006470664254072031,
        "mu2": 1.1920928966180355e-08
    },
    "per_parameter_mae_test": {
        "a": 0.00039365368388785265,
        "d": 0.0020606225555105883,
        "epsilon": 9.499490256914545e-11,
        "k": 0.0,
        "mu1": 0.0006472773165223433,
        "mu2": 1.1920928966180355e-08
    },
    "per_parameter_rmse_train": {
        "a": 0.000497484806464804,
        "d": 0.0028093972342553234,
        "epsilon": 9.499490256914543e-11,
        "k": 0.0,
        "mu1": 0.0008016161784361488,
        "mu2": 1.1920928966180355e-08
    },
    "per_parameter_rmse_test": {
        "a": 0.00046581599257486443,
        "d": 0.0024665700379910924,
        "epsilon": 9.499490256914545e-11,
        "k": 0.0,
        "mu1": 0.0007786268859130504,
        "mu2": 1.1920928966180354e-08
    },
    "train_data_loss": 0.3231140673160553,
    "train_physics_loss": 0.0,
    "train_total_loss": 0.3231140673160553,
    "train_actual_physics_residual": 0.0,
    "test_data_loss": 0.2854838967323303,
    "test_physics_loss": 0.0,
    "test_total_loss": 0.2854838967323303,
    "test_actual_physics_residual": 0.0,
    "training_time_seconds": 42.228203087026486,
    "evaluation_time_seconds": 0.20034368097549304,
    "parameter_names": [
        "a",
        "d",
        "epsilon",
        "k",
        "mu1",
        "mu2"
    ],
    "timestamp": "2026-06-15T17:55:32.303959"
}