{
    "train_mae": 0.001820452503402268,
    "train_rmse": 0.003721981171983805,
    "test_mae": 0.002136387567428672,
    "test_rmse": 0.004205682208296011,
    "per_parameter_mae_train": {
        "s": 0.005461356020090691,
        "t0": 1.4901161138336505e-09,
        "x0": 0.0
    },
    "per_parameter_mae_test": {
        "s": 0.006409161212169902,
        "t0": 1.4901161138336505e-09,
        "x0": 0.0
    },
    "per_parameter_rmse_train": {
        "s": 0.006446660494690532,
        "t0": 1.4901161138336503e-09,
        "x0": 0.0
    },
    "per_parameter_rmse_test": {
        "s": 0.007284455265257013,
        "t0": 1.4901161138336505e-09,
        "x0": 0.0
    },
    "train_data_loss": 0.9135984778404236,
    "train_physics_loss": 0.004071986768394709,
    "train_total_loss": 0.9135984778404236,
    "train_actual_physics_residual": 2.7325863793947747e-10,
    "test_data_loss": 1.1664869785308838,
    "test_physics_loss": 0.005199136212468147,
    "test_total_loss": 1.1664869785308838,
    "test_actual_physics_residual": 3.07907949137487e-10,
    "training_time_seconds": 23.04780546099937,
    "evaluation_time_seconds": 0.2924373599998944,
    "parameter_names": [
        "s",
        "t0",
        "x0"
    ],
    "timestamp": "2026-05-24T22:10:15.114697"
}