{
    "train_mae": 0.002514791905836978,
    "train_rmse": 0.0036092418809444866,
    "test_mae": 0.0021499980805192035,
    "test_rmse": 0.003301015059991164,
    "per_parameter_mae_train": {
        "s": 0.005020945790522946,
        "t0": 0.00024770071507209166,
        "x0": 0.0022757292119158956
    },
    "per_parameter_mae_test": {
        "s": 0.003970136491880811,
        "t0": 0.0006333234209645956,
        "x0": 0.0018465343287122032
    },
    "per_parameter_rmse_train": {
        "s": 0.005679759324673245,
        "t0": 0.0003245869413952669,
        "x0": 0.0025913043427498216
    },
    "per_parameter_rmse_test": {
        "s": 0.005205220965484228,
        "t0": 0.0007454326232857742,
        "x0": 0.0022450180808826765
    },
    "train_data_loss": 0.6602154970169067,
    "train_physics_loss": 0.003160789143294096,
    "train_total_loss": 0.6602154970169067,
    "train_actual_physics_residual": 2.364869966520189e-10,
    "test_data_loss": 1.1027586460113525,
    "test_physics_loss": 0.0026547058951109648,
    "test_total_loss": 1.1027586460113525,
    "test_actual_physics_residual": 3.2109151448800333e-10,
    "training_time_seconds": 10.63216329900024,
    "evaluation_time_seconds": 0.2888625049999973,
    "parameter_names": [
        "s",
        "t0",
        "x0"
    ],
    "timestamp": "2026-05-26T22:21:47.617428"
}