{
  "train_polynomial_residual": {
    "mean": 0.00014075261398746768,
    "median": 0.00014254161994725674,
    "max": 0.00015271295563382218,
    "mse": 1.9859840543215953e-08
  },
  "test_polynomial_residual": {
    "mean": 0.00013704267789464123,
    "median": 0.00013624158244268753,
    "max": 0.00014566500574362203,
    "mse": 1.881247710422429e-08
  },
  "train_forward_linear_error": {
    "mean": 0.0002761051528150425,
    "median": 0.0002405967451875612,
    "max": 0.000529214431450062,
    "mse": 9.416292181500961e-08
  },
  "test_forward_linear_error": {
    "mean": 0.0001917247456478253,
    "median": 0.00016582241545980232,
    "max": 0.00034363438556457516,
    "mse": 4.1168192180700864e-08
  },
  "train_forward_quadratic_error": {
    "mean": 0.00014133608491086153,
    "median": 0.0001433665586817684,
    "max": 0.00015312875110537244,
    "mse": 2.0022816230704793e-08
  },
  "test_forward_quadratic_error": {
    "mean": 0.00013768084072637092,
    "median": 0.00013705297447641463,
    "max": 0.0001458997508121258,
    "mse": 1.8986538977576777e-08
  },
  "train_observed_forward_residual": {
    "mean": 0.00014076101661776325,
    "median": 0.0001427138110494258,
    "max": 0.00015272654301444848,
    "mse": 1.986186409911814e-08
  },
  "test_observed_forward_residual": {
    "mean": 0.00013703152625301528,
    "median": 0.00013623981605193208,
    "max": 0.00014566803978945832,
    "mse": 1.8809399546816e-08
  },
  "train_clean_forward_residual": {
    "mean": 1.1528042773084303e-05,
    "median": 1.2684764962036483e-05,
    "max": 2.1976375365300943e-05,
    "mse": 1.6299570543848596e-10
  },
  "test_clean_forward_residual": {
    "mean": 1.2625281775618856e-05,
    "median": 1.1831338703974805e-05,
    "max": 2.0368157854522682e-05,
    "mse": 1.740832762868494e-10
  },
  "train_observation_noise_floor": {
    "mean": 0.00014134642406194532,
    "median": 0.00014339923449353657,
    "max": 0.0001531237899332567,
    "mse": 2.0025988529165427e-08
  },
  "test_observation_noise_floor": {
    "mean": 0.00013765334995130869,
    "median": 0.00013693375603809714,
    "max": 0.00014597991709933597,
    "mse": 1.8979072195758936e-08
  }
}
