{
    "train_mae": 0.0029756226279506154,
    "train_rmse": 0.004085945838850712,
    "test_mae": 0.002875378075192246,
    "test_rmse": 0.004177304700725541,
    "per_parameter_mae_train": {
        "s": 0.005450410647005928,
        "t0": 0.0005009965377465569,
        "x0": 0.002975460699099361
    },
    "per_parameter_mae_test": {
        "s": 0.00552561925311823,
        "t0": 0.00021525165315650768,
        "x0": 0.0028852633193020005
    },
    "per_parameter_rmse_train": {
        "s": 0.006166658712686674,
        "t0": 0.0005868749432506514,
        "x0": 0.00342239073109638
    },
    "per_parameter_rmse_test": {
        "s": 0.0065316617777233885,
        "t0": 0.0002484644875512816,
        "x0": 0.0031024641026068827
    },
    "train_data_loss": 1.054727554321289,
    "train_physics_loss": 0.003725959686562419,
    "train_total_loss": 1.054727554321289,
    "train_actual_physics_residual": 2.0537377354301611e-10,
    "test_data_loss": 0.7511479258537292,
    "test_physics_loss": 0.004180049989372492,
    "test_total_loss": 0.7511479258537292,
    "test_actual_physics_residual": 2.212605099138898e-10,
    "training_time_seconds": 0.48985553100010293,
    "evaluation_time_seconds": 0.10283681800046907,
    "parameter_names": [
        "s",
        "t0",
        "x0"
    ],
    "timestamp": "2026-05-26T16:54:31.813759"
}