{
    "train_mae": 0.0028631480369979384,
    "train_rmse": 0.004024557289063742,
    "test_mae": 0.002477575954279637,
    "test_rmse": 0.0039805897117310435,
    "per_parameter_mae_train": {
        "s": 0.005481421000461539,
        "t0": 0.0004593558642850476,
        "x0": 0.0026486672462472296
    },
    "per_parameter_mae_test": {
        "s": 0.0052557379811653615,
        "t0": 0.0005635793722926972,
        "x0": 0.0016134105093808526
    },
    "per_parameter_rmse_train": {
        "s": 0.006251905386823838,
        "t0": 0.000531207173672622,
        "x0": 0.003036886907955269
    },
    "per_parameter_rmse_test": {
        "s": 0.006605206207511743,
        "t0": 0.0005869113565653595,
        "x0": 0.001887344530073945
    },
    "train_data_loss": 1.028296947479248,
    "train_physics_loss": 0.003829667577520013,
    "train_total_loss": 1.028296947479248,
    "train_actual_physics_residual": 2.364869966520189e-10,
    "test_data_loss": 0.9374778270721436,
    "test_physics_loss": 0.0042747389525175095,
    "test_total_loss": 0.9374778270721436,
    "test_actual_physics_residual": 3.2109151448800333e-10,
    "training_time_seconds": 6.938245287001337,
    "evaluation_time_seconds": 0.18793823499981954,
    "parameter_names": [
        "s",
        "t0",
        "x0"
    ],
    "timestamp": "2026-05-26T17:07:20.312511"
}