{
  "train": {
    "event_abs_mean": 0.014999999664723873,
    "event_active_fraction_gt_1e_6": 0.014999999664723873,
    "spike_mean": 0.03420739993453026,
    "spike_active_fraction_gt_0p5": 0.002875000238418579,
    "spike_count_per_sample_mean": 7.359999656677246,
    "first_spike_flat_index_mean": 831.0399780273438,
    "mem_abs_mean": 1.6974198818206787
  },
  "test": {
    "event_abs_mean": 0.0153459832072258,
    "event_active_fraction_gt_1e_6": 0.0153459832072258,
    "spike_mean": 0.03421785682439804,
    "spike_active_fraction_gt_0p5": 0.0030691963620483875,
    "spike_count_per_sample_mean": 7.857143402099609,
    "first_spike_flat_index_mean": 846.2857666015625,
    "mem_abs_mean": 1.696600317955017
  }
}