{
    "train_mae": 0.0026302149864556494,
    "train_rmse": 0.004030253316266474,
    "test_mae": 0.0032207936157207847,
    "test_rmse": 0.005079428375180489,
    "per_parameter_mae_train": {
        "s": 0.004849213938554185,
        "t0": 0.0004309933743618571,
        "x0": 0.0026104376464509073
    },
    "per_parameter_mae_test": {
        "s": 0.007376726376219984,
        "t0": 0.0005450391346615806,
        "x0": 0.00174061533628079
    },
    "per_parameter_rmse_train": {
        "s": 0.006269658043851114,
        "t0": 0.0005225108609076827,
        "x0": 0.0030244331358516216
    },
    "per_parameter_rmse_test": {
        "s": 0.008547958641477227,
        "t0": 0.000567774191715329,
        "x0": 0.0020029511692956723
    },
    "train_data_loss": 1.016321063041687,
    "train_physics_loss": 0.0038514547049999237,
    "train_total_loss": 1.016321063041687,
    "train_actual_physics_residual": 2.364869966520189e-10,
    "test_data_loss": 1.1879152059555054,
    "test_physics_loss": 0.007159148342907429,
    "test_total_loss": 1.1879152059555054,
    "test_actual_physics_residual": 3.2109151448800333e-10,
    "training_time_seconds": 0.7468299789998127,
    "evaluation_time_seconds": 0.12627947600049083,
    "parameter_names": [
        "s",
        "t0",
        "x0"
    ],
    "timestamp": "2026-05-26T16:49:13.031945"
}