{
  "observation_mode": "event_traces",
  "n_sensors": 12,
  "train": {
    "sample_count": 102,
    "feature_count": 1536,
    "active_fraction": 0.10691125408496732,
    "active_entries_per_sample_mean": 164.2156862745098,
    "first_active_flat_index_mean": 9.019607843137255,
    "active_fraction_gt_0p5": 0.10691125408496732,
    "active_entries_per_sample_mean_gt_0p5": 164.2156862745098,
    "first_active_flat_index_mean_gt_0p5": 9.019607843137255
  },
  "test": {
    "sample_count": 26,
    "feature_count": 1536,
    "active_fraction": 0.10727163461538462,
    "active_entries_per_sample_mean": 164.76923076923077,
    "first_active_flat_index_mean": 8.653846153846153,
    "active_fraction_gt_0p5": 0.10727163461538462,
    "active_entries_per_sample_mean_gt_0p5": 164.76923076923077,
    "first_active_flat_index_mean_gt_0p5": 8.653846153846153
  }
}