{
  "train": {
    "event_abs_mean": 0.015625,
    "event_active_fraction_gt_1e_6": 0.015625,
    "spike_mean": 0.11152328550815582,
    "spike_active_fraction_gt_0p5": 0.00898437574505806,
    "spike_count_per_sample_mean": 23.0,
    "first_spike_flat_index_mean": 24.0,
    "mem_abs_mean": 0.98355633020401
  },
  "test": {
    "event_abs_mean": 0.015625,
    "event_active_fraction_gt_1e_6": 0.015625,
    "spike_mean": 0.11152327805757523,
    "spike_active_fraction_gt_0p5": 0.008984374813735485,
    "spike_count_per_sample_mean": 23.0,
    "first_spike_flat_index_mean": 24.0,
    "mem_abs_mean": 0.98355633020401
  }
}