{
    "train_mae": 0.02483004413946697,
    "train_rmse": 0.05023312978172987,
    "test_mae": 0.03826455547639912,
    "test_rmse": 0.08001145884275383,
    "per_parameter_mae_train": {
        "beta": 0.00410535670171959,
        "rho": 0.06272105344185688,
        "sigma": 0.0076637222748244475
    },
    "per_parameter_mae_test": {
        "beta": 0.006026459471581724,
        "rho": 0.1000897409108101,
        "sigma": 0.008677466046805535
    },
    "per_parameter_rmse_train": {
        "beta": 0.005361026084070942,
        "rho": 0.08622741159238087,
        "sigma": 0.010305089636116852
    },
    "per_parameter_rmse_test": {
        "beta": 0.008187794835300858,
        "rho": 0.1379148482043538,
        "sigma": 0.010860722763340581
    },
    "train_data_loss": 0.007526841014623642,
    "train_physics_loss": 0.0010212361812591553,
    "train_total_loss": 0.008548077195882797,
    "train_actual_physics_residual": 0.0010048438562080264,
    "test_data_loss": 0.01905614696443081,
    "test_physics_loss": 0.0025783549062907696,
    "test_total_loss": 0.021634502336382866,
    "test_actual_physics_residual": 0.0010150832822546363,
    "training_time_seconds": 7.983116295999935,
    "evaluation_time_seconds": 0.11716060699973241,
    "parameter_names": [
        "beta",
        "rho",
        "sigma"
    ],
    "timestamp": "2026-05-11T20:56:50.424454"
}