{
    "train_mae": 0.0017714806950912569,
    "train_rmse": 0.0028542642370797083,
    "test_mae": 0.0020917801198004128,
    "test_rmse": 0.0034055391380732264,
    "per_parameter_mae_train": {
        "s": 0.0037041942987360256,
        "t0": 0.0005339860555171296,
        "x0": 0.0010762617310206154
    },
    "per_parameter_mae_test": {
        "s": 0.0045923034815574465,
        "t0": 0.0004493274320076048,
        "x0": 0.001233709445836188
    },
    "per_parameter_rmse_train": {
        "s": 0.004708048823189147,
        "t0": 0.0005953231958938011,
        "x0": 0.001385763174613436
    },
    "per_parameter_rmse_test": {
        "s": 0.0056791695509102735,
        "t0": 0.0005528837442765619,
        "x0": 0.0014948054188334797
    },
    "train_data_loss": 0.5429374575614929,
    "train_physics_loss": 0.002171795116737485,
    "train_total_loss": 0.5429374575614929,
    "train_actual_physics_residual": 2.6961671784064833e-10,
    "test_data_loss": 0.5891528725624084,
    "test_physics_loss": 0.0031601369846612215,
    "test_total_loss": 0.5891528725624084,
    "test_actual_physics_residual": 3.0572303022502467e-10,
    "training_time_seconds": 5.69474951500024,
    "evaluation_time_seconds": 0.05904090299964082,
    "parameter_names": [
        "s",
        "t0",
        "x0"
    ],
    "timestamp": "2026-05-26T04:24:36.245618"
}