{
    "train_mae": 0.001536842271444145,
    "train_rmse": 0.0025657475157950787,
    "test_mae": 0.0017655874269687382,
    "test_rmse": 0.002920293510366527,
    "per_parameter_mae_train": {
        "s": 0.0032805417930964,
        "t0": 0.0005242833376569892,
        "x0": 0.0008057016835790459
    },
    "per_parameter_mae_test": {
        "s": 0.0038235335027717076,
        "t0": 0.0004785138300465479,
        "x0": 0.0009947149480879598
    },
    "per_parameter_rmse_train": {
        "s": 0.004279492006600519,
        "t0": 0.0005957292603907477,
        "x0": 0.0010393439075601534
    },
    "per_parameter_rmse_test": {
        "s": 0.0048739750152338,
        "t0": 0.0005902813811506621,
        "x0": 0.0012166667588169335
    },
    "train_data_loss": 0.4793502688407898,
    "train_physics_loss": 0.001794410403817892,
    "train_total_loss": 0.4793502688407898,
    "train_actual_physics_residual": 2.6961671784064833e-10,
    "test_data_loss": 0.5308128595352173,
    "test_physics_loss": 0.0023275730200111866,
    "test_total_loss": 0.5308128595352173,
    "test_actual_physics_residual": 3.0572303022502467e-10,
    "training_time_seconds": 16.02585790000012,
    "evaluation_time_seconds": 0.11867747600263101,
    "parameter_names": [
        "s",
        "t0",
        "x0"
    ],
    "timestamp": "2026-05-24T02:58:08.446987"
}