{
    "train_mae": 0.0007784021121832282,
    "train_rmse": 0.0011463654607009215,
    "test_mae": 0.000655759719941408,
    "test_rmse": 0.0010277175576546911,
    "per_parameter_mae_train": {
        "s": 0.001608324183492316,
        "t0": 0.0005155855911847348,
        "x0": 0.00021129656187263363
    },
    "per_parameter_mae_test": {
        "s": 0.0013433736870679734,
        "t0": 0.0004431619726205291,
        "x0": 0.0001807435001357216
    },
    "per_parameter_rmse_train": {
        "s": 0.001876310056995467,
        "t0": 0.0005911741593891958,
        "x0": 0.0002691374959983358
    },
    "per_parameter_rmse_test": {
        "s": 0.001678947942968726,
        "t0": 0.0005543102151429956,
        "x0": 0.00020611677545600223
    },
    "train_data_loss": 0.3234793543815613,
    "train_physics_loss": 0.0003449433424975723,
    "train_total_loss": 0.3234793543815613,
    "train_actual_physics_residual": 2.6961671784064833e-10,
    "test_data_loss": 0.2814682126045227,
    "test_physics_loss": 0.0002761947689577937,
    "test_total_loss": 0.2814682126045227,
    "test_actual_physics_residual": 3.0572303022502467e-10,
    "training_time_seconds": 12.342370459002268,
    "evaluation_time_seconds": 0.04272416299863835,
    "parameter_names": [
        "s",
        "t0",
        "x0"
    ],
    "timestamp": "2026-05-24T05:45:03.044079"
}