{
    "train_mae": 0.14945182798895498,
    "train_rmse": 0.21049737533344945,
    "test_mae": 0.1300552140647922,
    "test_rmse": 0.1878905682124662,
    "per_parameter_mae_train": {
        "D": 0.03969880551736384,
        "r": 0.25920485046054614
    },
    "per_parameter_mae_test": {
        "D": 0.036472068431537594,
        "r": 0.22363835969804682
    },
    "per_parameter_rmse_train": {
        "D": 0.04592782246182553,
        "r": 0.2941239962472583
    },
    "per_parameter_rmse_test": {
        "D": 0.04317478372987072,
        "r": 0.2621863255325985
    },
    "train_data_loss": 1.0001126527786255,
    "train_physics_loss": 6.583767390111461e-05,
    "train_total_loss": 1.0001784563064575,
    "train_actual_physics_residual": 4.819371042685816e-06,
    "test_data_loss": 0.8392568826675415,
    "test_physics_loss": 6.004111492075026e-05,
    "test_total_loss": 0.8393169045448303,
    "test_actual_physics_residual": 3.596155238483334e-06,
    "training_time_seconds": 14.666617641999892,
    "evaluation_time_seconds": 0.13716444700003194,
    "parameter_names": [
        "D",
        "r"
    ],
    "timestamp": "2026-05-11T20:21:46.081450"
}