{
    "train_mae": 0.00013649875232086466,
    "train_rmse": 0.0003667567324854478,
    "test_mae": 0.0005305099681113159,
    "test_rmse": 0.0012727800589348841,
    "per_parameter_mae_train": {
        "a": 5.852629858922598e-05,
        "d": 0.0006454749801301112,
        "epsilon": 9.499490256914545e-11,
        "k": 0.0,
        "mu1": 0.0001149792192819819,
        "mu2": 1.1920928966180355e-08
    },
    "per_parameter_mae_test": {
        "a": 0.00039401723339152624,
        "d": 0.0021644277768501697,
        "epsilon": 9.499490256914545e-11,
        "k": 0.0,
        "mu1": 0.0006246027825023315,
        "mu2": 1.1920928966180355e-08
    },
    "per_parameter_rmse_train": {
        "a": 7.224817169866783e-05,
        "d": 0.0008845088128868047,
        "epsilon": 9.499490256914543e-11,
        "k": 0.0,
        "mu1": 0.00013959715760025984,
        "mu2": 1.1920928966180355e-08
    },
    "per_parameter_rmse_test": {
        "a": 0.0005179238065664654,
        "d": 0.0029549417091687393,
        "epsilon": 9.499490256914545e-11,
        "k": 0.0,
        "mu1": 0.0008484626664728608,
        "mu2": 1.1920928966180354e-08
    },
    "train_data_loss": 0.013316275551915169,
    "train_physics_loss": 0.0,
    "train_total_loss": 0.013316275551915169,
    "train_actual_physics_residual": 0.0,
    "test_data_loss": 0.35677802562713623,
    "test_physics_loss": 0.0,
    "test_total_loss": 0.35677802562713623,
    "test_actual_physics_residual": 0.0,
    "training_time_seconds": 100.83549288299946,
    "evaluation_time_seconds": 0.6034739389997412,
    "parameter_names": [
        "a",
        "d",
        "epsilon",
        "k",
        "mu1",
        "mu2"
    ],
    "timestamp": "2026-06-17T06:16:33.373473"
}