{
    "train_mae": 0.0026712737717511136,
    "train_rmse": 0.0038873903525266456,
    "test_mae": 0.0029678698078108687,
    "test_rmse": 0.0044690892741470626,
    "per_parameter_mae_train": {
        "s": 0.005285120976568797,
        "t0": 0.0005380452748311357,
        "x0": 0.0021906550638534084
    },
    "per_parameter_mae_test": {
        "s": 0.006502612125232365,
        "t0": 0.00042103320547346796,
        "x0": 0.0019799640927267736
    },
    "per_parameter_rmse_train": {
        "s": 0.006211117321926233,
        "t0": 0.0006029746651992308,
        "x0": 0.002528607210530631
    },
    "per_parameter_rmse_test": {
        "s": 0.007331433877290236,
        "t0": 0.0005068649625916004,
        "x0": 0.0024313457248007807
    },
    "train_data_loss": 0.8614121079444885,
    "train_physics_loss": 0.003779867198318243,
    "train_total_loss": 0.8614121079444885,
    "train_actual_physics_residual": 2.6961671784064833e-10,
    "test_data_loss": 0.8621315956115723,
    "test_physics_loss": 0.0052664089016616344,
    "test_total_loss": 0.8621315956115723,
    "test_actual_physics_residual": 3.0572303022502467e-10,
    "training_time_seconds": 3.7374569610001345,
    "evaluation_time_seconds": 0.04439724699977887,
    "parameter_names": [
        "s",
        "t0",
        "x0"
    ],
    "timestamp": "2026-05-26T04:15:27.139936"
}