{
    "train_mae": 0.002754747296461254,
    "train_rmse": 0.004015868966892331,
    "test_mae": 0.00278709033798311,
    "test_rmse": 0.0039795862414608455,
    "per_parameter_mae_train": {
        "s": 0.005448740630774437,
        "t0": 0.0005207815379631222,
        "x0": 0.0022947197206462035
    },
    "per_parameter_mae_test": {
        "s": 0.005414899743821733,
        "t0": 0.000738037633744037,
        "x0": 0.0022083336363835594
    },
    "per_parameter_rmse_train": {
        "s": 0.00636865342101388,
        "t0": 0.0005917977247917034,
        "x0": 0.00273343003087443
    },
    "per_parameter_rmse_test": {
        "s": 0.006367848060709748,
        "t0": 0.0007582275747004836,
        "x0": 0.0025272360357418747
    },
    "train_data_loss": 1.0046249628067017,
    "train_physics_loss": 0.003974036779254675,
    "train_total_loss": 1.0046249628067017,
    "train_actual_physics_residual": 2.6906588068698056e-10,
    "test_data_loss": 1.1696370840072632,
    "test_physics_loss": 0.003973039798438549,
    "test_total_loss": 1.1696370840072632,
    "test_actual_physics_residual": 2.949215871517197e-10,
    "training_time_seconds": 4.617343407999215,
    "evaluation_time_seconds": 0.1989272049995634,
    "parameter_names": [
        "s",
        "t0",
        "x0"
    ],
    "timestamp": "2026-05-26T14:25:23.689897"
}