{
    "train_mae": 0.002184302723861013,
    "train_rmse": 0.003907519604795917,
    "test_mae": 0.0023996329909448475,
    "test_rmse": 0.00427053588183041,
    "per_parameter_mae_train": {
        "s": 0.005787741409740135,
        "t0": 0.0005628391181603478,
        "x0": 0.0002023276436825571
    },
    "per_parameter_mae_test": {
        "s": 0.006615445845371232,
        "t0": 0.0004434526873787038,
        "x0": 0.00014000044008460674
    },
    "per_parameter_rmse_train": {
        "s": 0.006731867205055777,
        "t0": 0.0006263772017657507,
        "x0": 0.0003094251447376977
    },
    "per_parameter_rmse_test": {
        "s": 0.007374696951199502,
        "t0": 0.0005180975491174167,
        "x0": 0.00024052018952765616
    },
    "train_data_loss": 0.6668785810470581,
    "train_physics_loss": 0.0044402554631233215,
    "train_total_loss": 0.6668785810470581,
    "train_actual_physics_residual": 2.6961671784064833e-10,
    "test_data_loss": 0.62725430727005,
    "test_physics_loss": 0.0053287469781935215,
    "test_total_loss": 0.62725430727005,
    "test_actual_physics_residual": 3.0572303022502467e-10,
    "training_time_seconds": 15.07165143799648,
    "evaluation_time_seconds": 0.053827591000299435,
    "parameter_names": [
        "s",
        "t0",
        "x0"
    ],
    "timestamp": "2026-05-24T05:53:13.383275"
}