{
    "train_mae": 0.0016371603525646128,
    "train_rmse": 0.0024033494967565707,
    "test_mae": 0.0027431926785014093,
    "test_rmse": 0.0042362055418160675,
    "per_parameter_mae_train": {
        "s": 0.0032550681905601495,
        "t0": 0.0004275055864248809,
        "x0": 0.0012289072807088071
    },
    "per_parameter_mae_test": {
        "s": 0.0058162680458189436,
        "t0": 0.0004993623127377796,
        "x0": 0.0019139476769475057
    },
    "per_parameter_rmse_train": {
        "s": 0.0038501083810163466,
        "t0": 0.0005097230128056293,
        "x0": 0.001498370553409344
    },
    "per_parameter_rmse_test": {
        "s": 0.006973187987917153,
        "t0": 0.0005831657482161514,
        "x0": 0.0022070068356973673
    },
    "train_data_loss": 0.42322874069213867,
    "train_physics_loss": 0.0014523948775604367,
    "train_total_loss": 0.42322874069213867,
    "train_actual_physics_residual": 2.6961671784064833e-10,
    "test_data_loss": 0.8503797650337219,
    "test_physics_loss": 0.004764307290315628,
    "test_total_loss": 0.8503797650337219,
    "test_actual_physics_residual": 3.0572303022502467e-10,
    "training_time_seconds": 20.4592992529997,
    "evaluation_time_seconds": 0.2708798699995896,
    "parameter_names": [
        "s",
        "t0",
        "x0"
    ],
    "timestamp": "2026-05-26T05:11:20.032176"
}