{
  "observation_mode": "event_traces",
  "time_axis_size": 128,
  "records": [
    {
      "fraction": 0.25,
      "kept_steps": 32,
      "active_test_mae": 0.001220586387929252,
      "test_mae": 0.0008137242586195014
    },
    {
      "fraction": 0.5,
      "kept_steps": 64,
      "active_test_mae": 0.0012212046428384006,
      "test_mae": 0.0008141364285589337
    },
    {
      "fraction": 0.75,
      "kept_steps": 96,
      "active_test_mae": 0.0012212046428384006,
      "test_mae": 0.0008141364285589337
    },
    {
      "fraction": 1.0,
      "kept_steps": 128,
      "active_test_mae": 0.0012212046428384006,
      "test_mae": 0.0008141364285589337
    }
  ]
}