{
    "train_mae": 0.0005622236368387933,
    "train_rmse": 0.001235748733587009,
    "test_mae": 0.001055671342565313,
    "test_rmse": 0.0025461229005532523,
    "per_parameter_mae_train": {
        "a": 0.0004516420538235132,
        "d": 0.0022842218888008007,
        "epsilon": 9.499490256914545e-11,
        "k": 0.0,
        "mu1": 0.0006374658624845779,
        "mu2": 1.1920928966180355e-08
    },
    "per_parameter_mae_test": {
        "a": 0.0007471942526039111,
        "d": 0.004348347391837826,
        "epsilon": 9.499490256914545e-11,
        "k": 0.0,
        "mu1": 0.001238474395026272,
        "mu2": 1.1920928966180355e-08
    },
    "per_parameter_rmse_train": {
        "a": 0.0005740710294612997,
        "d": 0.00286035563926757,
        "epsilon": 9.499490256914543e-11,
        "k": 0.0,
        "mu1": 0.0008070053688004277,
        "mu2": 1.1920928966180355e-08
    },
    "per_parameter_rmse_test": {
        "a": 0.000987210710179615,
        "d": 0.0059655577331575345,
        "epsilon": 9.499490256914545e-11,
        "k": 0.0,
        "mu1": 0.0015277391447034187,
        "mu2": 1.1920928966180354e-08
    },
    "train_data_loss": 0.09157674014568329,
    "train_physics_loss": 0.0,
    "train_total_loss": 0.09157674014568329,
    "train_actual_physics_residual": 0.0,
    "test_data_loss": 0.31701675057411194,
    "test_physics_loss": 0.0,
    "test_total_loss": 0.31701675057411194,
    "test_actual_physics_residual": 0.0,
    "training_time_seconds": 87.62199196004076,
    "evaluation_time_seconds": 0.49290649499744177,
    "parameter_names": [
        "a",
        "d",
        "epsilon",
        "k",
        "mu1",
        "mu2"
    ],
    "timestamp": "2026-06-15T22:37:46.282960"
}