{
    "train_mae": 0.0015514143744833069,
    "train_rmse": 0.002510771270022384,
    "test_mae": 0.002878246595149945,
    "test_rmse": 0.0047316172510010355,
    "per_parameter_mae_train": {
        "s": 0.0035433888772385914,
        "t0": 0.00037289929187824753,
        "x0": 0.0007379549543330813
    },
    "per_parameter_mae_test": {
        "s": 0.006473810565366906,
        "t0": 0.0003990844792052768,
        "x0": 0.0017618447408776516
    },
    "per_parameter_rmse_train": {
        "s": 0.004203943192383647,
        "t0": 0.000449739116282649,
        "x0": 0.0010180930574392212
    },
    "per_parameter_rmse_test": {
        "s": 0.007884457085158789,
        "t0": 0.000503104198440936,
        "x0": 0.002178721659072646
    },
    "train_data_loss": 0.34413495659828186,
    "train_physics_loss": 0.001731610856950283,
    "train_total_loss": 0.34413495659828186,
    "train_actual_physics_residual": 2.6961671784064833e-10,
    "test_data_loss": 0.8709994554519653,
    "test_physics_loss": 0.006090883165597916,
    "test_total_loss": 0.8709994554519653,
    "test_actual_physics_residual": 3.0572303022502467e-10,
    "training_time_seconds": 19.641648023000016,
    "evaluation_time_seconds": 0.22272957099994528,
    "parameter_names": [
        "s",
        "t0",
        "x0"
    ],
    "timestamp": "2026-05-26T04:54:59.790961"
}