{
    "train_mae": 0.0027461673852403963,
    "train_rmse": 0.003999137021254878,
    "test_mae": 0.00277995745778446,
    "test_rmse": 0.003976617176428308,
    "per_parameter_mae_train": {
        "s": 0.0054134695264080835,
        "t0": 0.0005241101944121596,
        "x0": 0.002300922434900946
    },
    "per_parameter_mae_test": {
        "s": 0.005489497249244473,
        "t0": 0.0007339266326192883,
        "x0": 0.0021164484914896198
    },
    "per_parameter_rmse_train": {
        "s": 0.0063357583196909945,
        "t0": 0.0005919277830126259,
        "x0": 0.0027362526854218215
    },
    "per_parameter_rmse_test": {
        "s": 0.006396752047457829,
        "t0": 0.0007562188563600181,
        "x0": 0.002439292681951789
    },
    "train_data_loss": 1.0019727945327759,
    "train_physics_loss": 0.003933090716600418,
    "train_total_loss": 1.0019727945327759,
    "train_actual_physics_residual": 2.6906588068698056e-10,
    "test_data_loss": 1.1503431797027588,
    "test_physics_loss": 0.004009189549833536,
    "test_total_loss": 1.1503431797027588,
    "test_actual_physics_residual": 2.949215871517197e-10,
    "training_time_seconds": 2.8236006620008993,
    "evaluation_time_seconds": 0.06081598600030702,
    "parameter_names": [
        "s",
        "t0",
        "x0"
    ],
    "timestamp": "2026-05-26T06:03:57.975381"
}