{
    "train_mae": 0.002649827031574244,
    "train_rmse": 0.0038415116057823693,
    "test_mae": 0.0028078805144969776,
    "test_rmse": 0.003934046680388454,
    "per_parameter_mae_train": {
        "s": 0.005148223642511042,
        "t0": 0.0005019782129336094,
        "x0": 0.0022992792392780804
    },
    "per_parameter_mae_test": {
        "s": 0.005431286436162291,
        "t0": 0.0007370667657800995,
        "x0": 0.0022552883415485423
    },
    "per_parameter_rmse_train": {
        "s": 0.006037592075066954,
        "t0": 0.0005833046721710861,
        "x0": 0.0027347526115892103
    },
    "per_parameter_rmse_test": {
        "s": 0.006269501990439917,
        "t0": 0.0007583813518969167,
        "x0": 0.002558978774314309
    },
    "train_data_loss": 0.9611754417419434,
    "train_physics_loss": 0.0035716139245778322,
    "train_total_loss": 0.9611754417419434,
    "train_actual_physics_residual": 2.6906588068698056e-10,
    "test_data_loss": 1.1666814088821411,
    "test_physics_loss": 0.0038512679748237133,
    "test_total_loss": 1.1666814088821411,
    "test_actual_physics_residual": 2.949215871517197e-10,
    "training_time_seconds": 3.640157948000706,
    "evaluation_time_seconds": 0.07971910099877277,
    "parameter_names": [
        "s",
        "t0",
        "x0"
    ],
    "timestamp": "2026-05-26T10:54:33.416642"
}