{
    "train_mae": 0.001183643535720853,
    "train_rmse": 0.00290834009766694,
    "test_mae": 0.0013116516369416908,
    "test_rmse": 0.0034474721602269142,
    "per_parameter_mae_train": {
        "a": 0.0,
        "b": 0.0,
        "p": 0.003550930607162559
    },
    "per_parameter_mae_test": {
        "a": 0.0,
        "b": 0.0,
        "p": 0.0039349549108250725
    },
    "per_parameter_rmse_train": {
        "a": 0.0,
        "b": 0.0,
        "p": 0.005037392814848971
    },
    "per_parameter_rmse_test": {
        "a": 0.0,
        "b": 0.0,
        "p": 0.005971196939192249
    },
    "train_data_loss": 1.6485386368003674e-05,
    "train_physics_loss": 1.8658804037841037e-05,
    "train_total_loss": 3.5144192224834114e-05,
    "train_actual_physics_residual": 0.00011160659050801769,
    "test_data_loss": 2.3163733203546144e-05,
    "test_physics_loss": 2.559393033152446e-05,
    "test_total_loss": 4.87576617160812e-05,
    "test_actual_physics_residual": 0.00011690601968439296,
    "training_time_seconds": 32.704269036999904,
    "evaluation_time_seconds": 0.12625407300015468,
    "parameter_names": [
        "a",
        "b",
        "p"
    ],
    "timestamp": "2026-05-11T20:43:17.513089"
}