{
  "train": {
    "event_abs_mean": 0.01497395895421505,
    "event_active_fraction_gt_1e_6": 0.01497395895421505,
    "spike_mean": 0.04082096740603447,
    "spike_active_fraction_gt_0p5": 0.0022135418839752674,
    "spike_count_per_sample_mean": 5.6666669845581055,
    "first_spike_flat_index_mean": 402.2156982421875,
    "mem_abs_mean": 0.8551059365272522
  },
  "test": {
    "event_abs_mean": 0.015074118971824646,
    "event_active_fraction_gt_1e_6": 0.015074118971824646,
    "spike_mean": 0.04082167521119118,
    "spike_active_fraction_gt_0p5": 0.0021033654920756817,
    "spike_count_per_sample_mean": 5.384615421295166,
    "first_spike_flat_index_mean": 400.8461608886719,
    "mem_abs_mean": 0.8539541363716125
  }
}