{
  "observation_mode": "event_traces",
  "time_axis_size": 128,
  "records": [
    {
      "fraction": 0.25,
      "kept_steps": 32,
      "active_test_mae": 0.00300964873218677,
      "test_mae": 0.00300964873218677
    },
    {
      "fraction": 0.5,
      "kept_steps": 64,
      "active_test_mae": 0.002989101343652239,
      "test_mae": 0.0029891013436522396
    },
    {
      "fraction": 0.75,
      "kept_steps": 96,
      "active_test_mae": 0.002989101343652239,
      "test_mae": 0.0029891013436522396
    },
    {
      "fraction": 1.0,
      "kept_steps": 128,
      "active_test_mae": 0.002989101343652239,
      "test_mae": 0.0029891013436522396
    }
  ]
}