{
    "train_mae": 0.002764684072143476,
    "train_rmse": 0.003938241588285925,
    "test_mae": 0.002550709789050385,
    "test_rmse": 0.004165862174551886,
    "per_parameter_mae_train": {
        "s": 0.00524378443429943,
        "t0": 0.0004286896548412883,
        "x0": 0.00262157812728971
    },
    "per_parameter_mae_test": {
        "s": 0.005601700369340236,
        "t0": 0.0005444643755869608,
        "x0": 0.0015059646222239573
    },
    "per_parameter_rmse_train": {
        "s": 0.00610640050484043,
        "t0": 0.0005205259190474261,
        "x0": 0.002995023550024087
    },
    "per_parameter_rmse_test": {
        "s": 0.006961773360830565,
        "t0": 0.0005662622655441339,
        "x0": 0.0018100501902260115
    },
    "train_data_loss": 0.9894063472747803,
    "train_physics_loss": 0.0036534820683300495,
    "train_total_loss": 0.9894063472747803,
    "train_actual_physics_residual": 2.364869966520189e-10,
    "test_data_loss": 0.9408442974090576,
    "test_physics_loss": 0.004748718813061714,
    "test_total_loss": 0.9408442974090576,
    "test_actual_physics_residual": 3.2109151448800333e-10,
    "training_time_seconds": 8.183404508999956,
    "evaluation_time_seconds": 0.13103746400065575,
    "parameter_names": [
        "s",
        "t0",
        "x0"
    ],
    "timestamp": "2026-05-26T15:34:46.461759"
}