{
  "train_polynomial_residual": {
    "mean": 0.001415692263443194,
    "median": 0.0014199339010059217,
    "max": 0.001569142901393847,
    "mse": 2.0087007389146095e-06
  },
  "test_polynomial_residual": {
    "mean": 0.0014186745153687758,
    "median": 0.001439753255959259,
    "max": 0.0015457396599291822,
    "mse": 2.021313032462865e-06
  },
  "train_forward_linear_error": {
    "mean": 0.005811394994533366,
    "median": 0.005151639659727792,
    "max": 0.013382450559447995,
    "mse": 4.910068543032593e-05
  },
  "test_forward_linear_error": {
    "mean": 0.0033251081726217197,
    "median": 0.002372445545002965,
    "max": 0.007600120607049269,
    "mse": 1.4848108843910666e-05
  },
  "train_forward_quadratic_error": {
    "mean": 0.0014462906044737695,
    "median": 0.0014339846887029138,
    "max": 0.0016543348787306973,
    "mse": 2.0983812504656217e-06
  },
  "test_forward_quadratic_error": {
    "mean": 0.0014370311912919663,
    "median": 0.0014495445580469815,
    "max": 0.0015647138579071615,
    "mse": 2.074769570709278e-06
  },
  "train_observed_forward_residual": {
    "mean": 0.0014236916893624254,
    "median": 0.0014199200201995298,
    "max": 0.0016301581134319826,
    "mse": 2.0329402664769327e-06
  },
  "test_observed_forward_residual": {
    "mean": 0.0014242434822320986,
    "median": 0.0014397413585847286,
    "max": 0.0015494895135400935,
    "mse": 2.035859074701874e-06
  },
  "train_clean_forward_residual": {
    "mean": 0.0002260272976061722,
    "median": 0.00014334408825181748,
    "max": 0.0007566797944395347,
    "mse": 9.015619739308646e-08
  },
  "test_clean_forward_residual": {
    "mean": 0.00022047425360157511,
    "median": 0.00019487546799230618,
    "max": 0.0003773360352047349,
    "mse": 5.377226585081282e-08
  },
  "train_observation_noise_floor": {
    "mean": 0.001410856490247534,
    "median": 0.0014169152917322017,
    "max": 0.0015721282214450946,
    "mse": 1.995410567016611e-06
  },
  "test_observation_noise_floor": {
    "mean": 0.0014262986068046002,
    "median": 0.0014494687025661745,
    "max": 0.0015470605833430198,
    "mse": 2.042845010693283e-06
  }
}
