{
    "train_mae": 0.002937575077998412,
    "train_rmse": 0.0040745135641124496,
    "test_mae": 0.0028615889131524894,
    "test_rmse": 0.004172239076366323,
    "per_parameter_mae_train": {
        "s": 0.00540568729520946,
        "t0": 0.0005086752399802141,
        "x0": 0.0028983626988055614
    },
    "per_parameter_mae_test": {
        "s": 0.005366713270147039,
        "t0": 0.00034412993367694683,
        "x0": 0.0028739235356334825
    },
    "per_parameter_rmse_train": {
        "s": 0.006245868525370095,
        "t0": 0.0005900605999177051,
        "x0": 0.0032320175130442844
    },
    "per_parameter_rmse_test": {
        "s": 0.006573887898032266,
        "t0": 0.0003651536420434403,
        "x0": 0.00297882484427696
    },
    "train_data_loss": 1.0250413417816162,
    "train_physics_loss": 0.0038222947623580694,
    "train_total_loss": 1.0250413417816162,
    "train_actual_physics_residual": 2.0537377354301611e-10,
    "test_data_loss": 0.8007563352584839,
    "test_physics_loss": 0.004234271124005318,
    "test_total_loss": 0.8007563352584839,
    "test_actual_physics_residual": 2.212605099138898e-10,
    "training_time_seconds": 1.2966199350000807,
    "evaluation_time_seconds": 0.037199701000190544,
    "parameter_names": [
        "s",
        "t0",
        "x0"
    ],
    "timestamp": "2026-05-26T13:16:55.750177"
}