{
  "observation_mode": "event_traces",
  "time_axis_size": 128,
  "records": [
    {
      "fraction": 0.25,
      "kept_steps": 32,
      "active_test_mae": 0.003156731608449111,
      "test_mae": 0.0031567316084491104
    },
    {
      "fraction": 0.5,
      "kept_steps": 64,
      "active_test_mae": 0.0029272451004804466,
      "test_mae": 0.0029272451004804466
    },
    {
      "fraction": 0.75,
      "kept_steps": 96,
      "active_test_mae": 0.0029272451004804466,
      "test_mae": 0.0029272451004804466
    },
    {
      "fraction": 1.0,
      "kept_steps": 128,
      "active_test_mae": 0.0029272451004804466,
      "test_mae": 0.0029272451004804466
    }
  ]
}