{
    "train_mae": 0.0015723844810361797,
    "train_rmse": 0.002576686668282416,
    "test_mae": 0.0017958158603003393,
    "test_rmse": 0.003020247896792751,
    "per_parameter_mae_train": {
        "s": 0.003280961082364659,
        "t0": 0.0005415354054673255,
        "x0": 0.0008946569552765541
    },
    "per_parameter_mae_test": {
        "s": 0.003965061685349602,
        "t0": 0.0004316018224396014,
        "x0": 0.0009907840731118145
    },
    "per_parameter_rmse_train": {
        "s": 0.0042724090401192105,
        "t0": 0.0006056462991250485,
        "x0": 0.001139147099270674
    },
    "per_parameter_rmse_test": {
        "s": 0.005050068930251316,
        "t0": 0.000523447512062662,
        "x0": 0.0012603565273639262
    },
    "train_data_loss": 0.4982069432735443,
    "train_physics_loss": 0.0017884745029732585,
    "train_total_loss": 0.4982069432735443,
    "train_actual_physics_residual": 2.6961671784064833e-10,
    "test_data_loss": 0.4854823350906372,
    "test_physics_loss": 0.002498796908184886,
    "test_total_loss": 0.4854823350906372,
    "test_actual_physics_residual": 3.0572303022502467e-10,
    "training_time_seconds": 29.563962291998905,
    "evaluation_time_seconds": 0.0872565770005167,
    "parameter_names": [
        "s",
        "t0",
        "x0"
    ],
    "timestamp": "2026-05-24T04:06:01.102059"
}