{
    "train_mae": 0.0029168180883609226,
    "train_rmse": 0.004015332994632722,
    "test_mae": 0.0028358043163516852,
    "test_rmse": 0.0041330315441161,
    "per_parameter_mae_train": {
        "s": 0.005376322073550118,
        "t0": 0.0004965218432163876,
        "x0": 0.0028776103483162626
    },
    "per_parameter_mae_test": {
        "s": 0.005416155322988225,
        "t0": 0.0002782202350714094,
        "x0": 0.002813037390995421
    },
    "per_parameter_rmse_train": {
        "s": 0.0061751621309867315,
        "t0": 0.0005778671679576258,
        "x0": 0.003146766493653855
    },
    "per_parameter_rmse_test": {
        "s": 0.00656892033835973,
        "t0": 0.0003050058748833206,
        "x0": 0.0028287994341322084
    },
    "train_data_loss": 0.9855255484580994,
    "train_physics_loss": 0.0037362435832619667,
    "train_total_loss": 0.9855255484580994,
    "train_actual_physics_residual": 2.0537377354301611e-10,
    "test_data_loss": 0.732143759727478,
    "test_physics_loss": 0.004227874334901571,
    "test_total_loss": 0.732143759727478,
    "test_actual_physics_residual": 2.212605099138898e-10,
    "training_time_seconds": 0.3339529430013499,
    "evaluation_time_seconds": 0.019171228999766754,
    "parameter_names": [
        "s",
        "t0",
        "x0"
    ],
    "timestamp": "2026-05-26T08:21:22.009671"
}