{
    "train_mae": 4.5673814019820586e-05,
    "train_rmse": 8.830832225218476e-05,
    "test_mae": 4.223457702466428e-05,
    "test_rmse": 8.977156711532019e-05,
    "per_parameter_mae_train": {
        "alpha": 3.527001357549686e-05,
        "beta": 0.0,
        "gamma": 0.0001017514284839649
    },
    "per_parameter_mae_test": {
        "alpha": 2.0201498949244468e-05,
        "beta": 0.0,
        "gamma": 0.00010650223212474838
    },
    "per_parameter_rmse_train": {
        "alpha": 5.449765013062639e-05,
        "beta": 0.0,
        "gamma": 0.0001429163582912291
    },
    "per_parameter_rmse_test": {
        "alpha": 2.9025855455243058e-05,
        "beta": 0.0,
        "gamma": 0.00015275569548174841
    },
    "train_data_loss": 7.79835977899571e-09,
    "train_physics_loss": 5.619950263997535e-08,
    "train_total_loss": 6.399786241897106e-08,
    "train_actual_physics_residual": 5.619950263997535e-08,
    "test_data_loss": 8.058934262340437e-09,
    "test_physics_loss": 1.8565242042827474e-08,
    "test_total_loss": 2.662417630516791e-08,
    "test_actual_physics_residual": 1.8565242042827474e-08,
    "training_time_seconds": 0.5331631330000164,
    "evaluation_time_seconds": 6.516000212286599e-06,
    "parameter_names": [
        "alpha",
        "beta",
        "gamma"
    ],
    "timestamp": "2026-07-01T15:28:45.713120"
}