{
    "train_mae": 0.0053131193506370895,
    "train_rmse": 0.008615794031923044,
    "test_mae": 0.004618854685727121,
    "test_rmse": 0.007116994846126451,
    "per_parameter_mae_train": {
        "D": 0.001354950390321982,
        "r": 0.009271288310952197
    },
    "per_parameter_mae_test": {
        "D": 0.001746867239226985,
        "r": 0.007490842132227256
    },
    "per_parameter_rmse_train": {
        "D": 0.001717072361687201,
        "r": 0.012062979569980686
    },
    "per_parameter_rmse_test": {
        "D": 0.0020670045984731277,
        "r": 0.009850417416001815
    },
    "train_data_loss": 0.001909663900732994,
    "train_physics_loss": 0.0007235976518131793,
    "train_total_loss": 0.0026332614943385124,
    "train_actual_physics_residual": 0.0007027891115285456,
    "test_data_loss": 0.0019738858100026846,
    "test_physics_loss": 0.0007856956217437983,
    "test_total_loss": 0.002759581431746483,
    "test_actual_physics_residual": 0.0007633076165802777,
    "training_time_seconds": 10.157872455000017,
    "evaluation_time_seconds": 0.2110781639999857,
    "parameter_names": [
        "D",
        "r"
    ],
    "timestamp": "2026-05-12T09:40:13.913600"
}