{
  "train": {
    "event_abs_mean": 0.015625,
    "event_active_fraction_gt_1e_6": 0.015625,
    "spike_mean": 0.06533064693212509,
    "spike_active_fraction_gt_0p5": 0.0062155332416296005,
    "spike_count_per_sample_mean": 15.911765098571777,
    "first_spike_flat_index_mean": 637.9118041992188,
    "mem_abs_mean": 1.641367793083191
  },
  "test": {
    "event_abs_mean": 0.015625,
    "event_active_fraction_gt_1e_6": 0.015625,
    "spike_mean": 0.06533153355121613,
    "spike_active_fraction_gt_0p5": 0.006099759601056576,
    "spike_count_per_sample_mean": 15.615385055541992,
    "first_spike_flat_index_mean": 658.34619140625,
    "mem_abs_mean": 1.6413449048995972
  }
}