{
    "train_mae": 5.2897519277343246e-06,
    "train_rmse": 9.817200320052415e-06,
    "test_mae": 8.405495022742063e-06,
    "test_rmse": 1.4552291920294172e-05,
    "per_parameter_mae_train": {
        "alpha": 2.130529876360754e-06,
        "beta": 0.0,
        "gamma": 1.373872590684222e-05
    },
    "per_parameter_mae_test": {
        "alpha": 1.9984592559855026e-06,
        "beta": 0.0,
        "gamma": 2.3218025812240688e-05
    },
    "per_parameter_rmse_train": {
        "alpha": 2.585877375764213e-06,
        "beta": 0.0,
        "gamma": 1.6806115094501243e-05
    },
    "per_parameter_rmse_test": {
        "alpha": 2.5042782190960753e-06,
        "beta": 0.0,
        "gamma": 2.5080593912460248e-05
    },
    "train_data_loss": 9.637742212403724e-11,
    "train_physics_loss": 9.894550921140413e-11,
    "train_total_loss": 1.9532293133544135e-10,
    "train_actual_physics_residual": 9.894550921140413e-11,
    "test_data_loss": 2.11769200133459e-10,
    "test_physics_loss": 1.0088283463058382e-10,
    "test_total_loss": 3.126520347640428e-10,
    "test_actual_physics_residual": 1.0088283463058382e-10,
    "training_time_seconds": 1.6189558730002318,
    "evaluation_time_seconds": 6.686999768135138e-06,
    "parameter_names": [
        "alpha",
        "beta",
        "gamma"
    ],
    "timestamp": "2026-07-01T15:36:39.043023"
}