{
    "train_mae": 0.001116166390011767,
    "train_rmse": 0.0024063628604384405,
    "test_mae": 0.0010690386099463309,
    "test_rmse": 0.0022478695590773287,
    "per_parameter_mae_train": {
        "a": 0.0007920295251824925,
        "d": 0.004588549288281685,
        "epsilon": 9.499490256914545e-11,
        "k": 0.0,
        "mu1": 0.0013164075106825558,
        "mu2": 1.1920928966180355e-08
    },
    "per_parameter_mae_test": {
        "a": 0.0009810025917425774,
        "d": 0.004112489618544779,
        "epsilon": 9.499490256914545e-11,
        "k": 0.0,
        "mu1": 0.0013207274334667604,
        "mu2": 1.1920928966180355e-08
    },
    "per_parameter_rmse_train": {
        "a": 0.0009865400393910485,
        "d": 0.005579119319483782,
        "epsilon": 9.499490256914543e-11,
        "k": 0.0,
        "mu1": 0.0016259334752946857,
        "mu2": 1.1920928966180355e-08
    },
    "per_parameter_rmse_test": {
        "a": 0.0011549694721183442,
        "d": 0.005139850023896208,
        "epsilon": 9.499490256914545e-11,
        "k": 0.0,
        "mu1": 0.0016017155109274942,
        "mu2": 1.1920928966180354e-08
    },
    "train_data_loss": 0.324164479970932,
    "train_physics_loss": 0.0,
    "train_total_loss": 0.324164479970932,
    "train_actual_physics_residual": 0.0,
    "test_data_loss": 0.35266998410224915,
    "test_physics_loss": 0.0,
    "test_total_loss": 0.35266998410224915,
    "test_actual_physics_residual": 0.0,
    "training_time_seconds": 107.733312655997,
    "evaluation_time_seconds": 0.4365832199982833,
    "parameter_names": [
        "a",
        "d",
        "epsilon",
        "k",
        "mu1",
        "mu2"
    ],
    "timestamp": "2026-06-18T04:38:59.860539"
}