{
  "observation_mode": "default",
  "n_sensors": 5,
  "train": {
    "sample_count": 51,
    "feature_count": 742106,
    "active_fraction": 0.896168788952141,
    "active_entries_per_sample_mean": 665052.2352941176,
    "first_active_flat_index_mean": 2347.0,
    "active_fraction_gt_0p5": 0.059974202723431035,
    "active_entries_per_sample_mean_gt_0p5": 44507.21568627451,
    "first_active_flat_index_mean_gt_0p5": 3728.0
  },
  "test": {
    "sample_count": 13,
    "feature_count": 742106,
    "active_fraction": 0.8949492805195359,
    "active_entries_per_sample_mean": 664147.2307692308,
    "first_active_flat_index_mean": 2347.0,
    "active_fraction_gt_0p5": 0.059975363254140136,
    "active_entries_per_sample_mean_gt_0p5": 44508.07692307692,
    "first_active_flat_index_mean_gt_0p5": 3728.0
  }
}