{
    "train_mae": 9.001501764208027e-05,
    "train_rmse": 0.00020886345466067,
    "test_mae": 8.836831385368686e-05,
    "test_rmse": 0.0002246895580785939,
    "per_parameter_mae_train": {
        "a": 6.136361492439937e-05,
        "d": 0.00037385284075116366,
        "epsilon": 9.499490256914545e-11,
        "k": 0.0,
        "mu1": 0.00010486163425304989,
        "mu2": 1.1920928966180355e-08
    },
    "per_parameter_mae_test": {
        "a": 6.566063777854042e-05,
        "d": 0.00036559790412006853,
        "epsilon": 9.499490256914545e-11,
        "k": 0.0,
        "mu1": 9.893932529964345e-05,
        "mu2": 1.1920928966180355e-08
    },
    "per_parameter_rmse_train": {
        "a": 8.145731655858311e-05,
        "d": 0.0004861681126490811,
        "epsilon": 9.499490256914543e-11,
        "k": 0.0,
        "mu1": 0.00013692672433431719,
        "mu2": 1.1920928966180355e-08
    },
    "per_parameter_rmse_test": {
        "a": 9.572377254277624e-05,
        "d": 0.0005192779649123183,
        "epsilon": 9.499490256914545e-11,
        "k": 0.0,
        "mu1": 0.00015524090775921582,
        "mu2": 1.1920928966180354e-08
    },
    "train_data_loss": 0.00920156855136156,
    "train_physics_loss": 0.0,
    "train_total_loss": 0.00920156855136156,
    "train_actual_physics_residual": 0.0,
    "test_data_loss": 0.011838763020932674,
    "test_physics_loss": 0.0,
    "test_total_loss": 0.011838763020932674,
    "test_actual_physics_residual": 0.0,
    "training_time_seconds": 45.80345587100601,
    "evaluation_time_seconds": 0.21133507997728884,
    "parameter_names": [
        "a",
        "d",
        "epsilon",
        "k",
        "mu1",
        "mu2"
    ],
    "timestamp": "2026-06-15T16:54:03.489649"
}