{
  "observation_mode": "event_traces",
  "time_axis_size": 128,
  "records": [
    {
      "fraction": 0.25,
      "kept_steps": 32,
      "active_test_mae": 0.002734281701217778,
      "test_mae": 0.002734281701217778
    },
    {
      "fraction": 0.5,
      "kept_steps": 64,
      "active_test_mae": 0.0027530422631608324,
      "test_mae": 0.0027530422631608324
    },
    {
      "fraction": 0.75,
      "kept_steps": 96,
      "active_test_mae": 0.0027530422631608324,
      "test_mae": 0.0027530422631608324
    },
    {
      "fraction": 1.0,
      "kept_steps": 128,
      "active_test_mae": 0.0027530422631608324,
      "test_mae": 0.0027530422631608324
    }
  ]
}