{
    "train_mae": 0.002797735067807555,
    "train_rmse": 0.004069164001544982,
    "test_mae": 0.0026922531344190357,
    "test_rmse": 0.003952598356982212,
    "per_parameter_mae_train": {
        "s": 0.005537933735352774,
        "t0": 0.0005357535527175484,
        "x0": 0.0023195179153523426
    },
    "per_parameter_mae_test": {
        "s": 0.005276543608380027,
        "t0": 0.0007321745999358425,
        "x0": 0.0020680411949412373
    },
    "per_parameter_rmse_train": {
        "s": 0.0064554324606495815,
        "t0": 0.0005982199561388267,
        "x0": 0.002764744408526341
    },
    "per_parameter_rmse_test": {
        "s": 0.006369940137708928,
        "t0": 0.0007585333531321566,
        "x0": 0.002391148491634576
    },
    "train_data_loss": 1.0288556814193726,
    "train_physics_loss": 0.004083073232322931,
    "train_total_loss": 1.0288556814193726,
    "train_actual_physics_residual": 2.6906588068698056e-10,
    "test_data_loss": 1.140444040298462,
    "test_physics_loss": 0.003975651226937771,
    "test_total_loss": 1.140444040298462,
    "test_actual_physics_residual": 2.949215871517197e-10,
    "training_time_seconds": 4.6696004400000675,
    "evaluation_time_seconds": 0.19319880599505268,
    "parameter_names": [
        "s",
        "t0",
        "x0"
    ],
    "timestamp": "2026-05-24T11:30:20.956338"
}