{
    "train_mae": 0.0027761323692782327,
    "train_rmse": 0.0040656607165673615,
    "test_mae": 0.0029945788194826505,
    "test_rmse": 0.004502792829465229,
    "per_parameter_mae_train": {
        "s": 0.005534227370768552,
        "t0": 0.0005229263987657704,
        "x0": 0.0022712433383003747
    },
    "per_parameter_mae_test": {
        "s": 0.0066139661951894,
        "t0": 0.00046572661118466713,
        "x0": 0.0019040436520738847
    },
    "per_parameter_rmse_train": {
        "s": 0.0064885325507788895,
        "t0": 0.0005897147002809245,
        "x0": 0.002672072808976671
    },
    "per_parameter_rmse_test": {
        "s": 0.007428026671165586,
        "t0": 0.0005378113420040569,
        "x0": 0.002315298798884279
    },
    "train_data_loss": 0.9056658148765564,
    "train_physics_loss": 0.0041250563226640224,
    "train_total_loss": 0.9056658148765564,
    "train_actual_physics_residual": 2.6961671784064833e-10,
    "test_data_loss": 0.8763741850852966,
    "test_physics_loss": 0.0054060956463217735,
    "test_total_loss": 0.8763741850852966,
    "test_actual_physics_residual": 3.0572303022502467e-10,
    "training_time_seconds": 6.497468329000014,
    "evaluation_time_seconds": 0.06289471100001265,
    "parameter_names": [
        "s",
        "t0",
        "x0"
    ],
    "timestamp": "2026-05-26T03:25:14.198263"
}