{
    "train_mae": 0.0006109079966598914,
    "train_rmse": 0.0008410421059622959,
    "test_mae": 0.0005021164379155805,
    "test_rmse": 0.0007483937854036521,
    "per_parameter_mae_train": {
        "s": 0.0011540754118079717,
        "t0": 0.0005488119262080911,
        "x0": 0.00012983665196361136
    },
    "per_parameter_mae_test": {
        "s": 0.0009337641059178849,
        "t0": 0.0004550485279959174,
        "x0": 0.00011753667983293922
    },
    "per_parameter_rmse_train": {
        "s": 0.0013086795950959106,
        "t0": 0.0006151449614302214,
        "x0": 0.00017609618340865875
    },
    "per_parameter_rmse_test": {
        "s": 0.0011640291250972251,
        "t0": 0.0005485667846904267,
        "x0": 0.0001561744305327187
    },
    "train_data_loss": 0.33284273743629456,
    "train_physics_loss": 0.00016780519217718393,
    "train_total_loss": 0.33284273743629456,
    "train_actual_physics_residual": 2.6961671784064833e-10,
    "test_data_loss": 0.2646311819553375,
    "test_physics_loss": 0.0001327609206782654,
    "test_total_loss": 0.2646311819553375,
    "test_actual_physics_residual": 3.0572303022502467e-10,
    "training_time_seconds": 14.704900688000635,
    "evaluation_time_seconds": 0.030830641997454222,
    "parameter_names": [
        "s",
        "t0",
        "x0"
    ],
    "timestamp": "2026-05-24T03:03:50.523888"
}