{
    "train_mae": 0.002464157236352527,
    "train_rmse": 0.0035612734107485955,
    "test_mae": 0.002472761738250527,
    "test_rmse": 0.0038283635054123105,
    "per_parameter_mae_train": {
        "s": 0.004837118588697009,
        "t0": 0.0004869503306762062,
        "x0": 0.0020684027896843656
    },
    "per_parameter_mae_test": {
        "s": 0.0049238507594658865,
        "t0": 0.00027854619797252483,
        "x0": 0.00221588825731317
    },
    "per_parameter_rmse_train": {
        "s": 0.005706683354593981,
        "t0": 0.0005537644529253465,
        "x0": 0.0022748878960052272
    },
    "per_parameter_rmse_test": {
        "s": 0.006215035787403242,
        "t0": 0.0003136476446266681,
        "x0": 0.0022899905469314953
    },
    "train_data_loss": 0.7539685964584351,
    "train_physics_loss": 0.0031908489763736725,
    "train_total_loss": 0.7539685964584351,
    "train_actual_physics_residual": 2.0537377354301611e-10,
    "test_data_loss": 0.6065789461135864,
    "test_physics_loss": 0.003784607630223036,
    "test_total_loss": 0.6065789461135864,
    "test_actual_physics_residual": 2.212605099138898e-10,
    "training_time_seconds": 0.2965041810020921,
    "evaluation_time_seconds": 0.07279630300035933,
    "parameter_names": [
        "s",
        "t0",
        "x0"
    ],
    "timestamp": "2026-05-26T10:02:58.365966"
}