{
  "train_observed_forward_residual": {
    "mean": 0.0014078496595321894,
    "median": 0.001426933160847557,
    "max": 0.001527206999320169,
    "mse": 1.986836985047827e-06
  },
  "test_observed_forward_residual": {
    "mean": 0.001370247047024158,
    "median": 0.0013623417759080557,
    "max": 0.0014564805055983132,
    "mse": 1.8807472152907302e-06
  },
  "train_clean_forward_residual": {
    "mean": 0.00012192430476799118,
    "median": 0.00012532425408833363,
    "max": 0.00021192793683331803,
    "mse": 1.7393038140997218e-08
  },
  "test_clean_forward_residual": {
    "mean": 0.0001257750651940952,
    "median": 0.00011692497292795923,
    "max": 0.00020688796742543596,
    "mse": 1.7159801270269568e-08
  },
  "train_observation_noise_floor": {
    "mean": 0.001413464240619478,
    "median": 0.0014339923449357684,
    "max": 0.001531237899332812,
    "mse": 2.0025988529166232e-06
  },
  "test_observation_noise_floor": {
    "mean": 0.0013765334995131104,
    "median": 0.0013693375603808817,
    "max": 0.001459799170993348,
    "mse": 1.8979072195759558e-06
  }
}
