{
    "train_mae": 0.002253198884503048,
    "train_rmse": 0.003155233858522733,
    "test_mae": 0.002446952661670297,
    "test_rmse": 0.003790810669738191,
    "per_parameter_mae_train": {
        "s": 0.003877006970655017,
        "t0": 0.0004399992556752344,
        "x0": 0.002442590427178893
    },
    "per_parameter_mae_test": {
        "s": 0.00482531976018441,
        "t0": 0.00033253683026813335,
        "x0": 0.002183001394558348
    },
    "per_parameter_rmse_train": {
        "s": 0.004673078505049159,
        "t0": 0.0004880102044642817,
        "x0": 0.0027911799354199645
    },
    "per_parameter_rmse_test": {
        "s": 0.0061662024788987765,
        "t0": 0.000366799356194074,
        "x0": 0.002225790156982671
    },
    "train_data_loss": 0.6801737546920776,
    "train_physics_loss": 0.0021396540105342865,
    "train_total_loss": 0.6801737546920776,
    "train_actual_physics_residual": 2.0537377354301611e-10,
    "test_data_loss": 0.626884937286377,
    "test_physics_loss": 0.0037253634072840214,
    "test_total_loss": 0.626884937286377,
    "test_actual_physics_residual": 2.212605099138898e-10,
    "training_time_seconds": 4.1068151380004565,
    "evaluation_time_seconds": 0.1061603180005477,
    "parameter_names": [
        "s",
        "t0",
        "x0"
    ],
    "timestamp": "2026-05-26T16:50:59.109932"
}