{
    "train_mae": 0.0027467207734619874,
    "train_rmse": 0.003995439212693011,
    "test_mae": 0.002794112796756503,
    "test_rmse": 0.003985057824045518,
    "per_parameter_mae_train": {
        "s": 0.005421730028942837,
        "t0": 0.0005248108411679017,
        "x0": 0.002293621450275223
    },
    "per_parameter_mae_test": {
        "s": 0.005529624930096335,
        "t0": 0.0007362512137655285,
        "x0": 0.0021164622464076447
    },
    "per_parameter_rmse_train": {
        "s": 0.006328649205549476,
        "t0": 0.0005919354438018835,
        "x0": 0.0027364968793046176
    },
    "per_parameter_rmse_test": {
        "s": 0.006414249903702968,
        "t0": 0.0007573255275264627,
        "x0": 0.0024343199874220342
    },
    "train_data_loss": 1.001287579536438,
    "train_physics_loss": 0.00392426922917366,
    "train_total_loss": 1.001287579536438,
    "train_actual_physics_residual": 2.6906588068698056e-10,
    "test_data_loss": 1.1527260541915894,
    "test_physics_loss": 0.00403115339577198,
    "test_total_loss": 1.1527260541915894,
    "test_actual_physics_residual": 2.949215871517197e-10,
    "training_time_seconds": 2.469953355999678,
    "evaluation_time_seconds": 0.05176901000049838,
    "parameter_names": [
        "s",
        "t0",
        "x0"
    ],
    "timestamp": "2026-05-26T06:04:31.857529"
}