{
  "observation_mode": "event_traces",
  "time_axis_size": 128,
  "records": [
    {
      "fraction": 0.25,
      "kept_steps": 32,
      "active_test_mae": 0.0029382458325502105,
      "test_mae": 0.0029382458325502105
    },
    {
      "fraction": 0.5,
      "kept_steps": 64,
      "active_test_mae": 0.0024246398650977657,
      "test_mae": 0.0024246398650977657
    },
    {
      "fraction": 0.75,
      "kept_steps": 96,
      "active_test_mae": 0.002622194847941619,
      "test_mae": 0.002622194847941619
    },
    {
      "fraction": 1.0,
      "kept_steps": 128,
      "active_test_mae": 0.002622194847941619,
      "test_mae": 0.002622194847941619
    }
  ]
}