{
  "train_polynomial_residual": {
    "mean": 0.00020595857336047938,
    "median": 0.0001634393032557272,
    "max": 0.0003918346293743441,
    "mse": 4.900610411267548e-08
  },
  "test_polynomial_residual": {
    "mean": 0.00015391270384517984,
    "median": 0.00015174982690030657,
    "max": 0.000178650993775947,
    "mse": 2.385147988870022e-08
  },
  "train_forward_linear_error": {
    "mean": 0.005446515533160157,
    "median": 0.004797102968591223,
    "max": 0.013201689444705445,
    "mse": 4.690684725442078e-05
  },
  "test_forward_linear_error": {
    "mean": 0.0027810279414272956,
    "median": 0.0020134215333571168,
    "max": 0.00738984927098034,
    "mse": 1.2435356568788615e-05
  },
  "train_forward_quadratic_error": {
    "mean": 0.0002846635790014651,
    "median": 0.00022530209895067364,
    "max": 0.0006539834452178402,
    "mse": 1.0381606905575357e-07
  },
  "test_forward_quadratic_error": {
    "mean": 0.0002005185256757233,
    "median": 0.00017265574376919567,
    "max": 0.00030898009585349304,
    "mse": 4.338764759239091e-08
  },
  "train_observed_forward_residual": {
    "mean": 0.0002385896574031856,
    "median": 0.0001882311690744159,
    "max": 0.0006536765842902746,
    "mse": 7.588324964295052e-08
  },
  "test_observed_forward_residual": {
    "mean": 0.00019092806437013394,
    "median": 0.00016582143949538607,
    "max": 0.0003075842068382174,
    "mse": 3.926214844665383e-08
  },
  "train_clean_forward_residual": {
    "mean": 0.00016693372804860407,
    "median": 0.0001264276245657803,
    "max": 0.0006353602528695982,
    "mse": 5.5151426914949146e-08
  },
  "test_clean_forward_residual": {
    "mean": 0.00010698916336411957,
    "median": 8.265432171070583e-05,
    "max": 0.00027698854436153847,
    "mse": 1.9668094191725777e-08
  },
  "train_observation_noise_floor": {
    "mean": 0.0001415212896894404,
    "median": 0.000141067597113979,
    "max": 0.00015459872119666696,
    "mse": 2.0063566377948375e-08
  },
  "test_observation_noise_floor": {
    "mean": 0.00014601357929882954,
    "median": 0.00014542143921412385,
    "max": 0.00016499438430060733,
    "mse": 2.139673423863915e-08
  }
}
