{
    "train_mae": 5.289670434533989e-06,
    "train_rmse": 9.817072087283518e-06,
    "test_mae": 8.405645743754453e-06,
    "test_rmse": 1.4552557610156474e-05,
    "per_parameter_mae_train": {
        "alpha": 2.1305219165590473e-06,
        "beta": 0.0,
        "gamma": 1.3738489387042919e-05
    },
    "per_parameter_mae_test": {
        "alpha": 1.9984940382260826e-06,
        "beta": 0.0,
        "gamma": 2.321844319303728e-05
    },
    "per_parameter_rmse_train": {
        "alpha": 2.5858728554743545e-06,
        "beta": 0.0,
        "gamma": 1.6805891070576543e-05
    },
    "per_parameter_rmse_test": {
        "alpha": 2.504286394286003e-06,
        "beta": 0.0,
        "gamma": 2.508105557280561e-05
    },
    "train_data_loss": 9.637490436692118e-11,
    "train_physics_loss": 9.894550923498731e-11,
    "train_total_loss": 1.9532041360190847e-10,
    "train_actual_physics_residual": 9.894550923498731e-11,
    "test_data_loss": 2.1177693299692314e-10,
    "test_physics_loss": 1.0088283462551641e-10,
    "test_total_loss": 3.1265976762243957e-10,
    "test_actual_physics_residual": 1.0088283462551641e-10,
    "training_time_seconds": 1.6625463399996079,
    "evaluation_time_seconds": 1.4012000065122265e-05,
    "parameter_names": [
        "alpha",
        "beta",
        "gamma"
    ],
    "timestamp": "2026-07-01T15:36:38.241374"
}