{
  "train_observed_forward_residual": {
    "mean": 1.405038195625696e-05,
    "median": 1.4115940542244402e-05,
    "max": 1.568092433824395e-05,
    "mse": 1.9791036737179745e-10
  },
  "test_observed_forward_residual": {
    "mean": 1.41743178261231e-05,
    "median": 1.4397410901879428e-05,
    "max": 1.542864581499682e-05,
    "mse": 2.0174686362381266e-10
  },
  "train_clean_forward_residual": {
    "mean": 1.142188623613471e-06,
    "median": 1.0119391127416e-06,
    "max": 2.4211245110415665e-06,
    "mse": 1.626662808326621e-12
  },
  "test_clean_forward_residual": {
    "mean": 1.5574777695348078e-06,
    "median": 1.6764636600045056e-06,
    "max": 2.2095070225548596e-06,
    "mse": 2.5543156894933262e-12
  },
  "train_observation_noise_floor": {
    "mean": 1.4108564902479159e-05,
    "median": 1.4169152917293253e-05,
    "max": 1.5721282214395744e-05,
    "mse": 1.9954105670175514e-10
  },
  "test_observation_noise_floor": {
    "mean": 1.4262986068045213e-05,
    "median": 1.4494687025683646e-05,
    "max": 1.5470605833418225e-05,
    "mse": 2.042845010692848e-10
  }
}
