{
    "train_mae": 0.0029434675733926866,
    "train_rmse": 0.004001887633052817,
    "test_mae": 0.002972898724625382,
    "test_rmse": 0.004128500362371209,
    "per_parameter_mae_train": {
        "s": 0.005508197350115669,
        "t0": 0.0004856477208351774,
        "x0": 0.0028365576492272123
    },
    "per_parameter_mae_test": {
        "s": 0.005744338497121526,
        "t0": 0.00032220473762534924,
        "x0": 0.002852152939129271
    },
    "per_parameter_rmse_train": {
        "s": 0.0061597947492889535,
        "t0": 0.0005610750880193771,
        "x0": 0.0031284880173942683
    },
    "per_parameter_rmse_test": {
        "s": 0.006540339230196824,
        "t0": 0.00034765179424187163,
        "x0": 0.0028699558725190236
    },
    "train_data_loss": 0.9614694714546204,
    "train_physics_loss": 0.003717668354511261,
    "train_total_loss": 0.9614694714546204,
    "train_actual_physics_residual": 2.0537377354301611e-10,
    "test_data_loss": 0.7637062072753906,
    "test_physics_loss": 0.00419116485863924,
    "test_total_loss": 0.7637062072753906,
    "test_actual_physics_residual": 2.212605099138898e-10,
    "training_time_seconds": 0.6115463940000154,
    "evaluation_time_seconds": 0.04027200200016523,
    "parameter_names": [
        "s",
        "t0",
        "x0"
    ],
    "timestamp": "2026-05-26T13:49:26.895918"
}