{
    "train_mae": 0.00025524020046919306,
    "train_rmse": 0.000596651086110523,
    "test_mae": 0.0009327938900073977,
    "test_rmse": 0.0021312503652602737,
    "per_parameter_mae_train": {
        "a": 0.00015308352242926517,
        "d": 0.0010616938968151172,
        "epsilon": 9.499490256914545e-11,
        "k": 0.0,
        "mu1": 0.00031665176764690697,
        "mu2": 1.1920928966180355e-08
    },
    "per_parameter_mae_test": {
        "a": 0.0006884223749207274,
        "d": 0.003896132848234035,
        "epsilon": 9.499490256914545e-11,
        "k": 0.0,
        "mu1": 0.0010121961009657552,
        "mu2": 1.1920928966180355e-08
    },
    "per_parameter_rmse_train": {
        "a": 0.0002100117489865334,
        "d": 0.001387090786656848,
        "epsilon": 9.499490256914543e-11,
        "k": 0.0,
        "mu1": 0.0004096697768427476,
        "mu2": 1.1920928966180355e-08
    },
    "per_parameter_rmse_test": {
        "a": 0.0008795597850666648,
        "d": 0.004979932844637008,
        "epsilon": 9.499490256914545e-11,
        "k": 0.0,
        "mu1": 0.00129615283195664,
        "mu2": 1.1920928966180354e-08
    },
    "train_data_loss": 0.018375614657998085,
    "train_physics_loss": 0.0,
    "train_total_loss": 0.018375614657998085,
    "train_actual_physics_residual": 0.0,
    "test_data_loss": 0.23499928414821625,
    "test_physics_loss": 0.0,
    "test_total_loss": 0.23499928414821625,
    "test_actual_physics_residual": 0.0,
    "training_time_seconds": 108.37850661899574,
    "evaluation_time_seconds": 0.40660610000486486,
    "parameter_names": [
        "a",
        "d",
        "epsilon",
        "k",
        "mu1",
        "mu2"
    ],
    "timestamp": "2026-06-18T03:15:28.328710"
}