{
    "train_mae": 0.0026715729117973873,
    "train_rmse": 0.003902398066828314,
    "test_mae": 0.0029538681856223783,
    "test_rmse": 0.0044474402313493915,
    "per_parameter_mae_train": {
        "s": 0.005389268765416418,
        "t0": 0.00045531564384634264,
        "x0": 0.0021701343261294
    },
    "per_parameter_mae_test": {
        "s": 0.006545397794243542,
        "t0": 0.00045276877480294325,
        "x0": 0.0018634379878206498
    },
    "per_parameter_rmse_train": {
        "s": 0.006241902343393942,
        "t0": 0.0005361354923402047,
        "x0": 0.0025371925203544242
    },
    "per_parameter_rmse_test": {
        "s": 0.007357107404802946,
        "t0": 0.0005041315691178267,
        "x0": 0.002226655750107733
    },
    "train_data_loss": 0.8018935322761536,
    "train_physics_loss": 0.003817426972091198,
    "train_total_loss": 0.8018935322761536,
    "train_actual_physics_residual": 2.6961671784064833e-10,
    "test_data_loss": 0.8219682574272156,
    "test_physics_loss": 0.0053033591248095036,
    "test_total_loss": 0.8219682574272156,
    "test_actual_physics_residual": 3.0572303022502467e-10,
    "training_time_seconds": 7.092465550002089,
    "evaluation_time_seconds": 0.08707490500091808,
    "parameter_names": [
        "s",
        "t0",
        "x0"
    ],
    "timestamp": "2026-05-26T01:54:00.391401"
}