{
    "train_mae": 0.002654834073778381,
    "train_rmse": 0.0037679549764014285,
    "test_mae": 0.002674790796931304,
    "test_rmse": 0.004122207356026652,
    "per_parameter_mae_train": {
        "s": 0.004984282456647449,
        "t0": 0.0003880436425664491,
        "x0": 0.0025921761221212453
    },
    "per_parameter_mae_test": {
        "s": 0.004992634519536687,
        "t0": 0.00015666694621181698,
        "x0": 0.0028750709250454087
    },
    "per_parameter_rmse_train": {
        "s": 0.005823111665889815,
        "t0": 0.000461999957778709,
        "x0": 0.0029103918427172805
    },
    "per_parameter_rmse_test": {
        "s": 0.006448086623974854,
        "t0": 0.00019008726612613106,
        "x0": 0.003060036957164732
    },
    "train_data_loss": 0.7840537428855896,
    "train_physics_loss": 0.0033223768696188927,
    "train_total_loss": 0.7840537428855896,
    "train_actual_physics_residual": 2.0537377354301611e-10,
    "test_data_loss": 0.7081217169761658,
    "test_physics_loss": 0.004073761403560638,
    "test_total_loss": 0.7081217169761658,
    "test_actual_physics_residual": 2.212605099138898e-10,
    "training_time_seconds": 1.6213026289997288,
    "evaluation_time_seconds": 0.03659150200019212,
    "parameter_names": [
        "s",
        "t0",
        "x0"
    ],
    "timestamp": "2026-05-26T13:40:59.737209"
}