{
    "train_mae": 0.0027282929702845938,
    "train_rmse": 0.0039981991835318425,
    "test_mae": 0.002813913725396252,
    "test_rmse": 0.0040122544727567286,
    "per_parameter_mae_train": {
        "s": 0.005362973334044149,
        "t0": 0.0005178673383210156,
        "x0": 0.002304038238488616
    },
    "per_parameter_mae_test": {
        "s": 0.005677844096113758,
        "t0": 0.0007383081471318639,
        "x0": 0.0020255889329431342
    },
    "per_parameter_rmse_train": {
        "s": 0.006327324008183603,
        "t0": 0.000592196994055654,
        "x0": 0.002751556604774634
    },
    "per_parameter_rmse_test": {
        "s": 0.006499174754502042,
        "t0": 0.0007582073425329948,
        "x0": 0.002341026911131412
    },
    "train_data_loss": 1.0051301717758179,
    "train_physics_loss": 0.0039226277731359005,
    "train_total_loss": 1.0051301717758179,
    "train_actual_physics_residual": 2.6906588068698056e-10,
    "test_data_loss": 1.143279790878296,
    "test_physics_loss": 0.004138604737818241,
    "test_total_loss": 1.143279790878296,
    "test_actual_physics_residual": 2.949215871517197e-10,
    "training_time_seconds": 0.4541620960008004,
    "evaluation_time_seconds": 0.06535651700323797,
    "parameter_names": [
        "s",
        "t0",
        "x0"
    ],
    "timestamp": "2026-05-26T09:29:55.530816"
}