{
  "train": {
    "event_abs_mean": 0.014839920215308666,
    "event_active_fraction_gt_1e_6": 0.014839920215308666,
    "spike_mean": 0.02595219947397709,
    "spike_active_fraction_gt_0p5": 0.0011106005404144526,
    "spike_count_per_sample_mean": 2.843137264251709,
    "first_spike_flat_index_mean": 1548.921630859375,
    "mem_abs_mean": 1.0526492595672607
  },
  "test": {
    "event_abs_mean": 0.014873798005282879,
    "event_active_fraction_gt_1e_6": 0.014873798005282879,
    "spike_mean": 0.025957942008972168,
    "spike_active_fraction_gt_0p5": 0.0011568509507924318,
    "spike_count_per_sample_mean": 2.961538553237915,
    "first_spike_flat_index_mean": 1579.3846435546875,
    "mem_abs_mean": 1.0521955490112305
  }
}