{
    "train_mae": 0.000470852754129976,
    "train_rmse": 0.0010569914917405677,
    "test_mae": 0.0006623239391644747,
    "test_rmse": 0.0016434541456025818,
    "per_parameter_mae_train": {
        "a": 0.00034970540463128314,
        "d": 0.0019257397657200367,
        "epsilon": 9.499490256914545e-11,
        "k": 0.0,
        "mu1": 0.0005496593385046671,
        "mu2": 1.1920928966180355e-08
    },
    "per_parameter_mae_test": {
        "a": 0.00047528209940030683,
        "d": 0.002771175874107107,
        "epsilon": 9.499490256914545e-11,
        "k": 0.0,
        "mu1": 0.0007274736455555656,
        "mu2": 1.1920928966180355e-08
    },
    "per_parameter_rmse_train": {
        "a": 0.00043836297167380216,
        "d": 0.002446504407740279,
        "epsilon": 9.499490256914543e-11,
        "k": 0.0,
        "mu1": 0.0007251483775768143,
        "mu2": 1.1920928966180357e-08
    },
    "per_parameter_rmse_test": {
        "a": 0.0006547552602592765,
        "d": 0.0038414946883549446,
        "epsilon": 9.499490256914543e-11,
        "k": 0.0,
        "mu1": 0.0010098828053548123,
        "mu2": 1.1920928966180355e-08
    },
    "train_data_loss": 0.010153857059776783,
    "train_physics_loss": 0.0011632185196503997,
    "train_total_loss": 0.010153857059776783,
    "train_actual_physics_residual": 0.0011632302775979042,
    "test_data_loss": 0.021812906488776207,
    "test_physics_loss": 0.0011670993408188224,
    "test_total_loss": 0.021812906488776207,
    "test_actual_physics_residual": 0.001166488858871162,
    "training_time_seconds": 56.81394917799844,
    "evaluation_time_seconds": 0.14090521500111208,
    "parameter_names": [
        "a",
        "d",
        "epsilon",
        "k",
        "mu1",
        "mu2"
    ],
    "timestamp": "2026-05-10T22:44:01.068820"
}