{
  "train": {
    "event_abs_mean": 0.015471814200282097,
    "event_active_fraction_gt_1e_6": 0.015471814200282097,
    "spike_mean": 0.11175495386123657,
    "spike_active_fraction_gt_0p5": 0.010883885435760021,
    "spike_count_per_sample_mean": 27.86274528503418,
    "first_spike_flat_index_mean": 21.0,
    "mem_abs_mean": 0.9800928831100464
  },
  "test": {
    "event_abs_mean": 0.01554988045245409,
    "event_active_fraction_gt_1e_6": 0.01554988045245409,
    "spike_mean": 0.11178968846797943,
    "spike_active_fraction_gt_0p5": 0.01078725978732109,
    "spike_count_per_sample_mean": 27.615385055541992,
    "first_spike_flat_index_mean": 22.230770111083984,
    "mem_abs_mean": 0.9801312685012817
  }
}