{
    "train_mae": 0.0027347042504772072,
    "train_rmse": 0.004009110088615475,
    "test_mae": 0.0029904950694997403,
    "test_rmse": 0.004138483752911258,
    "per_parameter_mae_train": {
        "s": 0.0053448333405130555,
        "t0": 0.0005248172691197892,
        "x0": 0.0023344621417987765
    },
    "per_parameter_mae_test": {
        "s": 0.005782784950699846,
        "t0": 0.0007373424372621856,
        "x0": 0.0024513578205371898
    },
    "per_parameter_rmse_train": {
        "s": 0.006349573292438729,
        "t0": 0.0005927423788006588,
        "x0": 0.0027478112351902334
    },
    "per_parameter_rmse_test": {
        "s": 0.006552908146038315,
        "t0": 0.0007583794225620132,
        "x0": 0.002804531832650603
    },
    "train_data_loss": 1.0071766376495361,
    "train_physics_loss": 0.0039502643048763275,
    "train_total_loss": 1.0071766376495361,
    "train_actual_physics_residual": 2.6906588068698056e-10,
    "test_data_loss": 1.255763292312622,
    "test_physics_loss": 0.00420732144266367,
    "test_total_loss": 1.255763292312622,
    "test_actual_physics_residual": 2.949215871517197e-10,
    "training_time_seconds": 1.2724154650004493,
    "evaluation_time_seconds": 0.20926621499984321,
    "parameter_names": [
        "s",
        "t0",
        "x0"
    ],
    "timestamp": "2026-05-26T16:53:47.491730"
}