{
    "train_mae": 0.0027043405501704365,
    "train_rmse": 0.0038440070010582693,
    "test_mae": 0.0029272451004804466,
    "test_rmse": 0.0044236284970576275,
    "per_parameter_mae_train": {
        "s": 0.005262989946736295,
        "t0": 0.0005556975774416392,
        "x0": 0.0022943341263333755
    },
    "per_parameter_mae_test": {
        "s": 0.006350795027747056,
        "t0": 0.00044877424784032794,
        "x0": 0.0019821660258539566
    },
    "per_parameter_rmse_train": {
        "s": 0.006059442965203018,
        "t0": 0.0006162430766344834,
        "x0": 0.0026893428369225607
    },
    "per_parameter_rmse_test": {
        "s": 0.007268115503976172,
        "t0": 0.0005241971633318525,
        "x0": 0.002367526471817582
    },
    "train_data_loss": 0.8971226811408997,
    "train_physics_loss": 0.0035975121427327394,
    "train_total_loss": 0.8971226811408997,
    "train_actual_physics_residual": 2.6961671784064833e-10,
    "test_data_loss": 0.8573815822601318,
    "test_physics_loss": 0.005175839643925428,
    "test_total_loss": 0.8573815822601318,
    "test_actual_physics_residual": 3.0572303022502467e-10,
    "training_time_seconds": 3.2684667839998838,
    "evaluation_time_seconds": 0.040011243000208196,
    "parameter_names": [
        "s",
        "t0",
        "x0"
    ],
    "timestamp": "2026-05-24T14:10:19.015361"
}