{
    "train_mae": 0.0016699962578833386,
    "train_rmse": 0.0026491871481317485,
    "test_mae": 0.0028031047479625025,
    "test_rmse": 0.004313355443954447,
    "per_parameter_mae_train": {
        "s": 0.0034318052669997643,
        "t0": 0.00023261470595394685,
        "x0": 0.001345568800696304
    },
    "per_parameter_mae_test": {
        "s": 0.005310196477721634,
        "t0": 0.0005790953918652316,
        "x0": 0.002520022374300642
    },
    "per_parameter_rmse_train": {
        "s": 0.004231572916246685,
        "t0": 0.00030717739710262515,
        "x0": 0.001747572699110416
    },
    "per_parameter_rmse_test": {
        "s": 0.006802496170221823,
        "t0": 0.0007385248921176278,
        "x0": 0.0029992886482488575
    },
    "train_data_loss": 0.34078851342201233,
    "train_physics_loss": 0.0017544475849717855,
    "train_total_loss": 0.34078851342201233,
    "train_actual_physics_residual": 2.6961671784064833e-10,
    "test_data_loss": 1.181875228881836,
    "test_physics_loss": 0.004646811634302139,
    "test_total_loss": 1.181875228881836,
    "test_actual_physics_residual": 3.0572303022502467e-10,
    "training_time_seconds": 6.350494623999111,
    "evaluation_time_seconds": 0.07560687899967888,
    "parameter_names": [
        "s",
        "t0",
        "x0"
    ],
    "timestamp": "2026-05-26T01:42:02.730259"
}