{
    "train_mae": 0.0004982437138820427,
    "train_rmse": 0.0011304784959929775,
    "test_mae": 0.0005807810264791744,
    "test_rmse": 0.0012361352575323283,
    "per_parameter_mae_train": {
        "a": 0.000337277440309048,
        "d": 0.002056250447976868,
        "epsilon": 9.499490256914545e-11,
        "k": 0.0,
        "mu1": 0.0005959223790824713,
        "mu2": 1.1920928966180355e-08
    },
    "per_parameter_mae_test": {
        "a": 0.0004079822088715836,
        "d": 0.002357817185642761,
        "epsilon": 9.499490256914545e-11,
        "k": 0.0,
        "mu1": 0.0007188747484368325,
        "mu2": 1.1920928966180355e-08
    },
    "per_parameter_rmse_train": {
        "a": 0.00044305155579632387,
        "d": 0.0026198529902115497,
        "epsilon": 9.499490256914543e-11,
        "k": 0.0,
        "mu1": 0.0007797213655269456,
        "mu2": 1.1920928966180357e-08
    },
    "per_parameter_rmse_test": {
        "a": 0.0004941057888059313,
        "d": 0.0028547392343090273,
        "epsilon": 9.499490256914543e-11,
        "k": 0.0,
        "mu1": 0.0008800600109709304,
        "mu2": 1.1920928966180355e-08
    },
    "train_data_loss": 0.2821986675262451,
    "train_physics_loss": 0.0,
    "train_total_loss": 0.2821986675262451,
    "train_actual_physics_residual": 0.0,
    "test_data_loss": 0.3514306843280792,
    "test_physics_loss": 0.0,
    "test_total_loss": 0.3514306843280792,
    "test_actual_physics_residual": 0.0,
    "training_time_seconds": 692.876812602015,
    "evaluation_time_seconds": 1.8512119940132834,
    "parameter_names": [
        "a",
        "d",
        "epsilon",
        "k",
        "mu1",
        "mu2"
    ],
    "timestamp": "2026-06-12T02:45:43.879349"
}