{
    "train_mae": 0.0028012120960062017,
    "train_rmse": 0.004093262308201304,
    "test_mae": 0.0027161823982800736,
    "test_rmse": 0.0039900429866651784,
    "per_parameter_mae_train": {
        "s": 0.005586206485309691,
        "t0": 0.0005113953130957892,
        "x0": 0.0023060344896131237
    },
    "per_parameter_mae_test": {
        "s": 0.00522672329529315,
        "t0": 0.0007510893315850945,
        "x0": 0.0021707345679619757
    },
    "per_parameter_rmse_train": {
        "s": 0.006508532338749092,
        "t0": 0.0006121936427954112,
        "x0": 0.002743832121395649
    },
    "per_parameter_rmse_test": {
        "s": 0.006399223344697946,
        "t0": 0.0007832211735407016,
        "x0": 0.0024895449954355697
    },
    "train_data_loss": 1.0455334186553955,
    "train_physics_loss": 0.004150521010160446,
    "train_total_loss": 1.0455334186553955,
    "train_actual_physics_residual": 2.6906588068698056e-10,
    "test_data_loss": 1.201149582862854,
    "test_physics_loss": 0.004012288060039282,
    "test_total_loss": 1.201149582862854,
    "test_actual_physics_residual": 2.949215871517197e-10,
    "training_time_seconds": 5.617277671000011,
    "evaluation_time_seconds": 0.1492449749998741,
    "parameter_names": [
        "s",
        "t0",
        "x0"
    ],
    "timestamp": "2026-05-26T18:40:16.078702"
}