{
    "train_mae": 0.0027487152548737325,
    "train_rmse": 0.004021655451546626,
    "test_mae": 0.0027494081669317914,
    "test_rmse": 0.003983297865525455,
    "per_parameter_mae_train": {
        "s": 0.005472819751450498,
        "t0": 0.0005094588879398518,
        "x0": 0.0022638671252308475
    },
    "per_parameter_mae_test": {
        "s": 0.0053285005187334675,
        "t0": 0.0007392853194332297,
        "x0": 0.0021804386626286766
    },
    "per_parameter_rmse_train": {
        "s": 0.006394245456356837,
        "t0": 0.0005856963996830713,
        "x0": 0.0027003189597013043
    },
    "per_parameter_rmse_test": {
        "s": 0.006384400937312181,
        "t0": 0.0007594347501096843,
        "x0": 0.0025025325549275336
    },
    "train_data_loss": 0.9924997687339783,
    "train_physics_loss": 0.004006038419902325,
    "train_total_loss": 0.9924997687339783,
    "train_actual_physics_residual": 2.6906588068698056e-10,
    "test_data_loss": 1.1675958633422852,
    "test_physics_loss": 0.00399372261017561,
    "test_total_loss": 1.1675958633422852,
    "test_actual_physics_residual": 2.949215871517197e-10,
    "training_time_seconds": 0.9720585879986174,
    "evaluation_time_seconds": 0.11184299399974407,
    "parameter_names": [
        "s",
        "t0",
        "x0"
    ],
    "timestamp": "2026-05-26T08:50:07.010231"
}