{
  "observation_mode": "event_traces",
  "time_axis_size": 128,
  "records": [
    {
      "fraction": 0.25,
      "kept_steps": 32,
      "active_test_mae": 0.0030146842770589527,
      "test_mae": 0.0030146842770589523
    },
    {
      "fraction": 0.5,
      "kept_steps": 64,
      "active_test_mae": 0.0030177435045561024,
      "test_mae": 0.003017743504556102
    },
    {
      "fraction": 0.75,
      "kept_steps": 96,
      "active_test_mae": 0.0030177435045561024,
      "test_mae": 0.003017743504556102
    },
    {
      "fraction": 1.0,
      "kept_steps": 128,
      "active_test_mae": 0.0030177435045561024,
      "test_mae": 0.003017743504556102
    }
  ]
}