{
    "train_mae": 0.0026658325092464626,
    "train_rmse": 0.003962907034255047,
    "test_mae": 0.002994877820439965,
    "test_rmse": 0.004755088151416601,
    "per_parameter_mae_train": {
        "s": 0.004942230563004868,
        "t0": 0.0004423902962194043,
        "x0": 0.002612876668515116
    },
    "per_parameter_mae_test": {
        "s": 0.006706923438031158,
        "t0": 0.0005551548943748898,
        "x0": 0.0017225551289138466
    },
    "per_parameter_rmse_train": {
        "s": 0.006139436097232716,
        "t0": 0.0005240318002025313,
        "x0": 0.0030243365498596234
    },
    "per_parameter_rmse_test": {
        "s": 0.00797290952550553,
        "t0": 0.0005758708136116945,
        "x0": 0.001983349814672397
    },
    "train_data_loss": 1.0039172172546387,
    "train_physics_loss": 0.0036931235808879137,
    "train_total_loss": 1.0039172172546387,
    "train_actual_physics_residual": 2.364869966520189e-10,
    "test_data_loss": 1.1121503114700317,
    "test_physics_loss": 0.00622831005603075,
    "test_total_loss": 1.1121503114700317,
    "test_actual_physics_residual": 3.2109151448800333e-10,
    "training_time_seconds": 0.2795875450001404,
    "evaluation_time_seconds": 0.030506804000197008,
    "parameter_names": [
        "s",
        "t0",
        "x0"
    ],
    "timestamp": "2026-05-26T13:51:02.440374"
}