{
  "train": {
    "event_abs_mean": 0.015625,
    "event_active_fraction_gt_1e_6": 0.015625,
    "spike_mean": 0.12466826289892197,
    "spike_active_fraction_gt_0p5": 0.05185355618596077,
    "spike_count_per_sample_mean": 132.74510192871094,
    "first_spike_flat_index_mean": 557.5490112304688,
    "mem_abs_mean": 2.1522138118743896
  },
  "test": {
    "event_abs_mean": 0.015625,
    "event_active_fraction_gt_1e_6": 0.015625,
    "spike_mean": 0.124679334461689,
    "spike_active_fraction_gt_0p5": 0.05201322212815285,
    "spike_count_per_sample_mean": 133.1538543701172,
    "first_spike_flat_index_mean": 557.423095703125,
    "mem_abs_mean": 2.152161121368408
  }
}