{
  "train": {
    "event_abs_mean": 0.015625,
    "event_active_fraction_gt_1e_6": 0.015625,
    "spike_mean": 0.11011409014463425,
    "spike_active_fraction_gt_0p5": 0.018466606736183167,
    "spike_count_per_sample_mean": 47.274513244628906,
    "first_spike_flat_index_mean": 143.1372528076172,
    "mem_abs_mean": 1.49299156665802
  },
  "test": {
    "event_abs_mean": 0.015625,
    "event_active_fraction_gt_1e_6": 0.015625,
    "spike_mean": 0.11009565740823746,
    "spike_active_fraction_gt_0p5": 0.01805889420211315,
    "spike_count_per_sample_mean": 46.230770111083984,
    "first_spike_flat_index_mean": 147.0,
    "mem_abs_mean": 1.4931837320327759
  }
}