{
  "train": {
    "event_abs_mean": 0.015471814200282097,
    "event_active_fraction_gt_1e_6": 0.015471814200282097,
    "spike_mean": 0.03389127552509308,
    "spike_active_fraction_gt_0p5": 0.003117340849712491,
    "spike_count_per_sample_mean": 7.9803924560546875,
    "first_spike_flat_index_mean": 812.9215698242188,
    "mem_abs_mean": 1.6657158136367798
  },
  "test": {
    "event_abs_mean": 0.015474759973585606,
    "event_active_fraction_gt_1e_6": 0.015474759973585606,
    "spike_mean": 0.03388627991080284,
    "spike_active_fraction_gt_0p5": 0.0031850961968302727,
    "spike_count_per_sample_mean": 8.153846740722656,
    "first_spike_flat_index_mean": 816.5385131835938,
    "mem_abs_mean": 1.6655620336532593
  }
}