{
    "train_mae": 0.0019188944701845224,
    "train_rmse": 0.002861359789681705,
    "test_mae": 0.002906749874962321,
    "test_rmse": 0.004538247863870624,
    "per_parameter_mae_train": {
        "s": 0.003769168340840993,
        "t0": 0.0004691897643940096,
        "x0": 0.0015183253053185648
    },
    "per_parameter_mae_test": {
        "s": 0.006270074436239981,
        "t0": 0.00045534096503548646,
        "x0": 0.0019948342236114957
    },
    "per_parameter_rmse_train": {
        "s": 0.004561699624875992,
        "t0": 0.000533732551191998,
        "x0": 0.0018623011663601314
    },
    "per_parameter_rmse_test": {
        "s": 0.00747003535245451,
        "t0": 0.0005324581564246071,
        "x0": 0.002387915653140952
    },
    "train_data_loss": 0.540286123752594,
    "train_physics_loss": 0.0020388737320899963,
    "train_total_loss": 0.540286123752594,
    "train_actual_physics_residual": 2.6961671784064833e-10,
    "test_data_loss": 0.8906739354133606,
    "test_physics_loss": 0.005467416252940893,
    "test_total_loss": 0.8906739354133606,
    "test_actual_physics_residual": 3.0572303022502467e-10,
    "training_time_seconds": 5.234515354000905,
    "evaluation_time_seconds": 0.08424650500091957,
    "parameter_names": [
        "s",
        "t0",
        "x0"
    ],
    "timestamp": "2026-05-26T01:27:50.280972"
}