{
    "train_mae": 0.002606829429114915,
    "train_rmse": 0.003784176406303808,
    "test_mae": 0.0029758093096414104,
    "test_rmse": 0.004432595094545573,
    "per_parameter_mae_train": {
        "s": 0.005179046517279422,
        "t0": 0.00047652613691024606,
        "x0": 0.0021649156331550756
    },
    "per_parameter_mae_test": {
        "s": 0.0065101865000915145,
        "t0": 0.0004584968107972509,
        "x0": 0.0019587446180354662
    },
    "per_parameter_rmse_train": {
        "s": 0.006021990866370257,
        "t0": 0.0005361209023729218,
        "x0": 0.0025314370633044096
    },
    "per_parameter_rmse_test": {
        "s": 0.007307160519685213,
        "t0": 0.0005280418017818097,
        "x0": 0.0022957079107963937
    },
    "train_data_loss": 0.7808755040168762,
    "train_physics_loss": 0.0035531797911971807,
    "train_total_loss": 0.7808755040168762,
    "train_actual_physics_residual": 2.6961671784064833e-10,
    "test_data_loss": 0.8507015705108643,
    "test_physics_loss": 0.005231593269854784,
    "test_total_loss": 0.8507015705108643,
    "test_actual_physics_residual": 3.0572303022502467e-10,
    "training_time_seconds": 6.13639107400013,
    "evaluation_time_seconds": 0.07764775599935092,
    "parameter_names": [
        "s",
        "t0",
        "x0"
    ],
    "timestamp": "2026-05-26T01:49:52.735900"
}