{
    "train_mae": 0.0018324182428789732,
    "train_rmse": 0.002973339562360818,
    "test_mae": 0.002165460726535826,
    "test_rmse": 0.003647740267586513,
    "per_parameter_mae_train": {
        "s": 0.004211519593251538,
        "t0": 0.000519848394652459,
        "x0": 0.0007658867407329226
    },
    "per_parameter_mae_test": {
        "s": 0.005163231179085553,
        "t0": 0.00040271692744245623,
        "x0": 0.0009304340730794691
    },
    "per_parameter_rmse_train": {
        "s": 0.00501901281898134,
        "t0": 0.0005930054851188378,
        "x0": 0.0009899996347575162
    },
    "per_parameter_rmse_test": {
        "s": 0.0061983676230414056,
        "t0": 0.0004716132871707413,
        "x0": 0.0011295339288009073
    },
    "train_data_loss": 0.5227458477020264,
    "train_physics_loss": 0.002468162914738059,
    "train_total_loss": 0.5227458477020264,
    "train_actual_physics_residual": 2.6961671784064833e-10,
    "test_data_loss": 0.5233398675918579,
    "test_physics_loss": 0.0037643618416041136,
    "test_total_loss": 0.5233398675918579,
    "test_actual_physics_residual": 3.0572303022502467e-10,
    "training_time_seconds": 15.239942126998358,
    "evaluation_time_seconds": 0.10919937700236915,
    "parameter_names": [
        "s",
        "t0",
        "x0"
    ],
    "timestamp": "2026-05-24T02:54:44.874377"
}