{
    "train_mae": 0.0010754313973979474,
    "train_rmse": 0.002448873251673996,
    "test_mae": 0.0010194391393730572,
    "test_rmse": 0.0022963550158701003,
    "per_parameter_mae_train": {
        "a": 0.0010374712783599845,
        "beta": 0.0,
        "d": 0.005027080179466734,
        "epsilon": 4.749745128457272e-11,
        "gamma": 0.00038803687906351406,
        "k": 0.0
    },
    "per_parameter_mae_test": {
        "a": 0.0011782404617793742,
        "beta": 0.0,
        "d": 0.004505447297363593,
        "epsilon": 4.749745128457272e-11,
        "gamma": 0.00043294702959792485,
        "k": 0.0
    },
    "per_parameter_rmse_train": {
        "a": 0.001218390280273221,
        "beta": 0.0,
        "d": 0.005855896399851611,
        "epsilon": 4.7497451284572716e-11,
        "gamma": 0.0004537440861619042,
        "k": 0.0
    },
    "per_parameter_rmse_test": {
        "a": 0.0013937148720702679,
        "beta": 0.0,
        "d": 0.005425536749669507,
        "epsilon": 4.7497451284572716e-11,
        "gamma": 0.0005104781942712176,
        "k": 0.0
    },
    "train_data_loss": 0.6167284250259399,
    "train_physics_loss": 2.769109414657578e-06,
    "train_total_loss": 0.6167284250259399,
    "train_actual_physics_residual": 2.7674559532897547e-06,
    "test_data_loss": 0.655703067779541,
    "test_physics_loss": 2.397583102720091e-06,
    "test_total_loss": 0.655703067779541,
    "test_actual_physics_residual": 2.3955262804520316e-06,
    "training_time_seconds": 128.42957907800155,
    "evaluation_time_seconds": 0.33954382500087377,
    "parameter_names": [
        "a",
        "beta",
        "d",
        "epsilon",
        "gamma",
        "k"
    ],
    "timestamp": "2026-05-11T02:14:05.631164"
}