{
    "train_mae": 0.0016784669853741202,
    "train_rmse": 0.0027810753754294397,
    "test_mae": 0.001927627060492505,
    "test_rmse": 0.0033452922700237427,
    "per_parameter_mae_train": {
        "s": 0.00370760139250268,
        "t0": 0.0005219271752998425,
        "x0": 0.0008058723883198376
    },
    "per_parameter_mae_test": {
        "s": 0.004492657973358038,
        "t0": 0.0003983766460733529,
        "x0": 0.000891846562046125
    },
    "per_parameter_rmse_train": {
        "s": 0.004668815476420948,
        "t0": 0.0005906875291557026,
        "x0": 0.0010278088448209472
    },
    "per_parameter_rmse_test": {
        "s": 0.005669432091243365,
        "t0": 0.0004675001840589902,
        "x0": 0.0011008744053371921
    },
    "train_data_loss": 0.4988213777542114,
    "train_physics_loss": 0.002135748276486993,
    "train_total_loss": 0.4988213777542114,
    "train_actual_physics_residual": 2.6961671784064833e-10,
    "test_data_loss": 0.47136443853378296,
    "test_physics_loss": 0.003149311291053891,
    "test_total_loss": 0.47136443853378296,
    "test_actual_physics_residual": 3.0572303022502467e-10,
    "training_time_seconds": 16.013428753998596,
    "evaluation_time_seconds": 0.06804590100000496,
    "parameter_names": [
        "s",
        "t0",
        "x0"
    ],
    "timestamp": "2026-05-24T03:24:09.000839"
}