{
    "train_mae": 0.0027709773545707152,
    "train_rmse": 0.004044038316926335,
    "test_mae": 0.0027068109051728404,
    "test_rmse": 0.003967024633809884,
    "per_parameter_mae_train": {
        "s": 0.005497428288713059,
        "t0": 0.0005121615083921125,
        "x0": 0.0023033422666069742
    },
    "per_parameter_mae_test": {
        "s": 0.00528314596903207,
        "t0": 0.0007371149079931873,
        "x0": 0.002100171838493263
    },
    "per_parameter_rmse_train": {
        "s": 0.006419003949394666,
        "t0": 0.0005853308062992406,
        "x0": 0.002741626136284437
    },
    "per_parameter_rmse_test": {
        "s": 0.006385866506857103,
        "t0": 0.0007578293466186689,
        "x0": 0.002420383641856703
    },
    "train_data_loss": 1.0047675371170044,
    "train_physics_loss": 0.004037121310830116,
    "train_total_loss": 1.0047675371170044,
    "train_actual_physics_residual": 2.6906588068698056e-10,
    "test_data_loss": 1.147402048110962,
    "test_physics_loss": 0.0039955563843250275,
    "test_total_loss": 1.147402048110962,
    "test_actual_physics_residual": 2.949215871517197e-10,
    "training_time_seconds": 2.8907019610014686,
    "evaluation_time_seconds": 0.041974948999268236,
    "parameter_names": [
        "s",
        "t0",
        "x0"
    ],
    "timestamp": "2026-05-26T08:10:57.009238"
}