{
  "observation_mode": "event_traces",
  "time_axis_size": 128,
  "records": [
    {
      "fraction": 0.25,
      "kept_steps": 32,
      "active_test_mae": 0.0029498663799536026,
      "test_mae": 0.0029498663799536026
    },
    {
      "fraction": 0.5,
      "kept_steps": 64,
      "active_test_mae": 0.0028019952799680395,
      "test_mae": 0.0028019952799680395
    },
    {
      "fraction": 0.75,
      "kept_steps": 96,
      "active_test_mae": 0.00281415863935331,
      "test_mae": 0.00281415863935331
    },
    {
      "fraction": 1.0,
      "kept_steps": 128,
      "active_test_mae": 0.00281415863935331,
      "test_mae": 0.00281415863935331
    }
  ]
}