{
    "train_mae": 0.0026497837227332263,
    "train_rmse": 0.003986848039632297,
    "test_mae": 0.0030903084046208875,
    "test_rmse": 0.004894627731939886,
    "per_parameter_mae_train": {
        "s": 0.004891385416825668,
        "t0": 0.0004400046203122693,
        "x0": 0.002617961131061741
    },
    "per_parameter_mae_test": {
        "s": 0.007030440419973472,
        "t0": 0.0005555316808793628,
        "x0": 0.0016849531130098286
    },
    "per_parameter_rmse_train": {
        "s": 0.006185262167061809,
        "t0": 0.0005234470639480228,
        "x0": 0.003025459794695298
    },
    "per_parameter_rmse_test": {
        "s": 0.008229974735084314,
        "t0": 0.0005765050674017556,
        "x0": 0.0019512302964947374
    },
    "train_data_loss": 1.0084258317947388,
    "train_physics_loss": 0.0037484627682715654,
    "train_total_loss": 1.0084258317947388,
    "train_actual_physics_residual": 2.364869966520189e-10,
    "test_data_loss": 1.1453396081924438,
    "test_physics_loss": 0.006636415608227253,
    "test_total_loss": 1.1453396081924438,
    "test_actual_physics_residual": 3.2109151448800333e-10,
    "training_time_seconds": 0.22598561499989955,
    "evaluation_time_seconds": 0.03350168199995096,
    "parameter_names": [
        "s",
        "t0",
        "x0"
    ],
    "timestamp": "2026-05-26T13:42:34.794803"
}