{
    "train_mae": 0.0027995398475740597,
    "train_rmse": 0.003978206996138743,
    "test_mae": 0.0025540973196951193,
    "test_rmse": 0.004132678089124962,
    "per_parameter_mae_train": {
        "s": 0.0053273358411597815,
        "t0": 0.00043602988457542235,
        "x0": 0.0026352538169869756
    },
    "per_parameter_mae_test": {
        "s": 0.005523328776409851,
        "t0": 0.0005495137404943617,
        "x0": 0.0015894494421811456
    },
    "per_parameter_rmse_train": {
        "s": 0.006173144788857279,
        "t0": 0.0005229971294999598,
        "x0": 0.0030161482275778057
    },
    "per_parameter_rmse_test": {
        "s": 0.006886765571579248,
        "t0": 0.0005700794026767404,
        "x0": 0.0018666960121442205
    },
    "train_data_loss": 1.0044653415679932,
    "train_physics_loss": 0.003733784658834338,
    "train_total_loss": 1.0044653415679932,
    "train_actual_physics_residual": 2.364869966520189e-10,
    "test_data_loss": 0.944551944732666,
    "test_physics_loss": 0.004646943416446447,
    "test_total_loss": 0.944551944732666,
    "test_actual_physics_residual": 3.2109151448800333e-10,
    "training_time_seconds": 7.509199604999594,
    "evaluation_time_seconds": 0.17805752300046152,
    "parameter_names": [
        "s",
        "t0",
        "x0"
    ],
    "timestamp": "2026-05-26T17:25:19.902774"
}