{
  "train_observed_forward_residual": {
    "mean": 0.0003799374457624101,
    "median": 0.00039974346928438136,
    "max": 0.0006321836677420118,
    "mse": 1.703350018514045e-07
  },
  "test_observed_forward_residual": {
    "mean": 0.00038929830896781205,
    "median": 0.0003980245002388507,
    "max": 0.000584308791748201,
    "mse": 1.81145616825084e-07
  },
  "train_clean_forward_residual": {
    "mean": 0.00034025220207988373,
    "median": 0.0003710005530817638,
    "max": 0.0006164406898987858,
    "mse": 1.5180584426484803e-07
  },
  "test_clean_forward_residual": {
    "mean": 0.00033349953202620327,
    "median": 0.00035451559900287764,
    "max": 0.0005654623091967526,
    "mse": 1.571128160560654e-07
  },
  "train_observation_noise_floor": {
    "mean": 0.0001415212896894414,
    "median": 0.00014106759711398395,
    "max": 0.00015459872119666742,
    "mse": 2.0063566377948656e-08
  },
  "test_observation_noise_floor": {
    "mean": 0.0001460135792988296,
    "median": 0.00014542143921412385,
    "max": 0.00016499438430060733,
    "mse": 2.139673423863917e-08
  }
}
