{
    "train_mae": 0.002918286274856724,
    "train_rmse": 0.004230271773735278,
    "test_mae": 0.0030152889534355966,
    "test_rmse": 0.004474725643436281,
    "per_parameter_mae_train": {
        "s": 0.005788825401002525,
        "t0": 0.0005707604683458556,
        "x0": 0.002395272955221791
    },
    "per_parameter_mae_test": {
        "s": 0.006595634178442427,
        "t0": 0.00043551925184694086,
        "x0": 0.0020147134300174227
    },
    "per_parameter_rmse_train": {
        "s": 0.00674024706384475,
        "t0": 0.0006321689289299939,
        "x0": 0.0028026826082544498
    },
    "per_parameter_rmse_test": {
        "s": 0.007353673147713705,
        "t0": 0.0005149862412619188,
        "x0": 0.00239328000033094
    },
    "train_data_loss": 1.004239797592163,
    "train_physics_loss": 0.00445131678134203,
    "train_total_loss": 1.004239797592163,
    "train_actual_physics_residual": 2.6961671784064833e-10,
    "test_data_loss": 0.8637024164199829,
    "test_physics_loss": 0.005298408214002848,
    "test_total_loss": 0.8637024164199829,
    "test_actual_physics_residual": 3.0572303022502467e-10,
    "training_time_seconds": 4.545567610999569,
    "evaluation_time_seconds": 0.09153650099688093,
    "parameter_names": [
        "s",
        "t0",
        "x0"
    ],
    "timestamp": "2026-05-26T01:24:02.587032"
}