{
    "train_mae": 0.002730193791810411,
    "train_rmse": 0.003957240022447479,
    "test_mae": 0.0027073597212011733,
    "test_rmse": 0.004429988537224797,
    "per_parameter_mae_train": {
        "s": 0.0050930357851108445,
        "t0": 0.00042891913272367357,
        "x0": 0.0026686264575967165
    },
    "per_parameter_mae_test": {
        "s": 0.0060779071067672075,
        "t0": 0.000541822612581023,
        "x0": 0.0015023494442552893
    },
    "per_parameter_rmse_train": {
        "s": 0.006122980310822785,
        "t0": 0.000519978260151326,
        "x0": 0.0030361127297955956
    },
    "per_parameter_rmse_test": {
        "s": 0.007439224685256902,
        "t0": 0.0005645949164332708,
        "x0": 0.00179264162130398
    },
    "train_data_loss": 0.9995724558830261,
    "train_physics_loss": 0.003673350205644965,
    "train_total_loss": 0.9995724558830261,
    "train_actual_physics_residual": 2.364869966520189e-10,
    "test_data_loss": 0.9971963167190552,
    "test_physics_loss": 0.005422405432909727,
    "test_total_loss": 0.9971963167190552,
    "test_actual_physics_residual": 3.2109151448800333e-10,
    "training_time_seconds": 0.13815393299955758,
    "evaluation_time_seconds": 0.031033996998303337,
    "parameter_names": [
        "s",
        "t0",
        "x0"
    ],
    "timestamp": "2026-05-26T09:13:23.282008"
}