{
  "train": {
    "event_abs_mean": 0.015625,
    "event_active_fraction_gt_1e_6": 0.015625,
    "spike_mean": 0.10808462649583817,
    "spike_active_fraction_gt_0p5": 0.007996324449777603,
    "spike_count_per_sample_mean": 20.47058868408203,
    "first_spike_flat_index_mean": 148.90196228027344,
    "mem_abs_mean": 1.4876114130020142
  },
  "test": {
    "event_abs_mean": 0.015625,
    "event_active_fraction_gt_1e_6": 0.015625,
    "spike_mean": 0.10808366537094116,
    "spike_active_fraction_gt_0p5": 0.0077524040825665,
    "spike_count_per_sample_mean": 19.846155166625977,
    "first_spike_flat_index_mean": 149.3076934814453,
    "mem_abs_mean": 1.48762845993042
  }
}