{
  "train": {
    "event_abs_mean": 0.015625,
    "event_active_fraction_gt_1e_6": 0.015625,
    "spike_mean": 0.03956311196088791,
    "spike_active_fraction_gt_0p5": 0.002064185217022896,
    "spike_count_per_sample_mean": 5.284313678741455,
    "first_spike_flat_index_mean": 380.76470947265625,
    "mem_abs_mean": 1.3541303873062134
  },
  "test": {
    "event_abs_mean": 0.015625,
    "event_active_fraction_gt_1e_6": 0.015625,
    "spike_mean": 0.03955951705574989,
    "spike_active_fraction_gt_0p5": 0.001893028849735856,
    "spike_count_per_sample_mean": 4.84615421295166,
    "first_spike_flat_index_mean": 388.0,
    "mem_abs_mean": 1.354164481163025
  }
}