{
    "train_mae": 0.0003567901805697713,
    "train_rmse": 0.0005875120320988702,
    "test_mae": 0.0008417577520184711,
    "test_rmse": 0.001507482138631019,
    "per_parameter_mae_train": {
        "s": 0.0007206463751638152,
        "t0": 0.00014279283307102133,
        "x0": 0.0002069313334744774
    },
    "per_parameter_mae_test": {
        "s": 0.001834549653375364,
        "t0": 0.0002913810862934951,
        "x0": 0.0003993425163865544
    },
    "per_parameter_rmse_train": {
        "s": 0.0009571946290431286,
        "t0": 0.00021099769198374988,
        "x0": 0.0002734402671358947
    },
    "per_parameter_rmse_test": {
        "s": 0.002524552857411376,
        "t0": 0.00038053132210730657,
        "x0": 0.000547116055244198
    },
    "train_data_loss": 0.04742535203695297,
    "train_physics_loss": 8.977295510703698e-05,
    "train_total_loss": 0.04742535203695297,
    "train_actual_physics_residual": 2.6961671784064833e-10,
    "test_data_loss": 0.18150942027568817,
    "test_physics_loss": 0.0006244643009267747,
    "test_total_loss": 0.18150942027568817,
    "test_actual_physics_residual": 3.0572303022502467e-10,
    "training_time_seconds": 17.44909228100005,
    "evaluation_time_seconds": 0.14967584800251643,
    "parameter_names": [
        "s",
        "t0",
        "x0"
    ],
    "timestamp": "2026-05-24T03:02:57.921924"
}