{
    "train_mae": 0.002811988772217266,
    "train_rmse": 0.003953656932745211,
    "test_mae": 0.0024445319197531753,
    "test_rmse": 0.0037140592622014294,
    "per_parameter_mae_train": {
        "s": 0.005646654612522086,
        "t0": 0.0004249308385914291,
        "x0": 0.0023643808655382827
    },
    "per_parameter_mae_test": {
        "s": 0.004548503326057591,
        "t0": 0.0005326775570826273,
        "x0": 0.002252414876119308
    },
    "per_parameter_rmse_train": {
        "s": 0.0062713808056667365,
        "t0": 0.0005224290802802047,
        "x0": 0.0027001963024797333
    },
    "per_parameter_rmse_test": {
        "s": 0.005901658958599193,
        "t0": 0.0005727804918506388,
        "x0": 0.0024950055418723857
    },
    "train_data_loss": 0.9484990835189819,
    "train_physics_loss": 0.0038535615894943476,
    "train_total_loss": 0.9484990835189819,
    "train_actual_physics_residual": 2.364869966520189e-10,
    "test_data_loss": 0.9369059205055237,
    "test_physics_loss": 0.0034125999081879854,
    "test_total_loss": 0.9369059205055237,
    "test_actual_physics_residual": 3.2109151448800333e-10,
    "training_time_seconds": 4.371747580999909,
    "evaluation_time_seconds": 0.06453502399926947,
    "parameter_names": [
        "s",
        "t0",
        "x0"
    ],
    "timestamp": "2026-05-26T19:21:10.451130"
}