{
    "train_mae": 0.002767900835480929,
    "train_rmse": 0.003963326633226246,
    "test_mae": 0.002604745302224351,
    "test_rmse": 0.004261270228095661,
    "per_parameter_mae_train": {
        "s": 0.00521730566690441,
        "t0": 0.0004305865726612651,
        "x0": 0.002655810266877112
    },
    "per_parameter_mae_test": {
        "s": 0.005739693636944519,
        "t0": 0.0005448635138332246,
        "x0": 0.0015296787558953093
    },
    "per_parameter_rmse_train": {
        "s": 0.006138382757781894,
        "t0": 0.0005220834254855322,
        "x0": 0.0030284583571052654
    },
    "per_parameter_rmse_test": {
        "s": 0.0071278349948458285,
        "t0": 0.0005673060551229183,
        "x0": 0.0018295912102530881
    },
    "train_data_loss": 1.0022279024124146,
    "train_physics_loss": 0.003691853256896138,
    "train_total_loss": 1.0022279024124146,
    "train_actual_physics_residual": 2.364869966520189e-10,
    "test_data_loss": 0.965630292892456,
    "test_physics_loss": 0.004977966193109751,
    "test_total_loss": 0.965630292892456,
    "test_actual_physics_residual": 3.2109151448800333e-10,
    "training_time_seconds": 0.1997635360021377,
    "evaluation_time_seconds": 0.02190115700068418,
    "parameter_names": [
        "s",
        "t0",
        "x0"
    ],
    "timestamp": "2026-05-26T08:50:45.685312"
}