{
  "train": {
    "event_abs_mean": 0.015380859375,
    "event_active_fraction_gt_1e_6": 0.015380859375,
    "spike_mean": 0.0405719131231308,
    "spike_active_fraction_gt_0p5": 0.0021809895988553762,
    "spike_count_per_sample_mean": 5.583333492279053,
    "first_spike_flat_index_mean": 399.0,
    "mem_abs_mean": 1.3561716079711914
  },
  "test": {
    "event_abs_mean": 0.015380859375,
    "event_active_fraction_gt_1e_6": 0.015380859375,
    "spike_mean": 0.04064158350229263,
    "spike_active_fraction_gt_0p5": 0.0028320313431322575,
    "spike_count_per_sample_mean": 7.25,
    "first_spike_flat_index_mean": 365.75,
    "mem_abs_mean": 1.3559086322784424
  }
}