{
    "train_mae": 0.0029635108769618442,
    "train_rmse": 0.004006616832792536,
    "test_mae": 0.0029689517795541617,
    "test_rmse": 0.00414041933069841,
    "per_parameter_mae_train": {
        "s": 0.0055195321667304564,
        "t0": 0.000500244649987984,
        "x0": 0.0028707558141670927
    },
    "per_parameter_mae_test": {
        "s": 0.005806327327687932,
        "t0": 0.0002574796813347227,
        "x0": 0.00284304832963983
    },
    "per_parameter_rmse_train": {
        "s": 0.006149183989032017,
        "t0": 0.0005826804007472828,
        "x0": 0.003163377175435573
    },
    "per_parameter_rmse_test": {
        "s": 0.006557112599675352,
        "t0": 0.00028602816259928074,
        "x0": 0.00288992715261856
    },
    "train_data_loss": 0.9916309714317322,
    "train_physics_loss": 0.003704871516674757,
    "train_total_loss": 0.9916309714317322,
    "train_actual_physics_residual": 2.0537377354301611e-10,
    "test_data_loss": 0.7314413785934448,
    "test_physics_loss": 0.004212689585983753,
    "test_total_loss": 0.7314413785934448,
    "test_actual_physics_residual": 2.212605099138898e-10,
    "training_time_seconds": 0.0986140120003256,
    "evaluation_time_seconds": 0.022623290002229623,
    "parameter_names": [
        "s",
        "t0",
        "x0"
    ],
    "timestamp": "2026-05-26T08:17:16.301192"
}