{
  "observation_mode": "event_traces",
  "time_axis_size": 128,
  "records": [
    {
      "fraction": 0.25,
      "kept_steps": 32,
      "active_test_mae": 0.003013810681828956,
      "test_mae": 0.0030138106818289557
    },
    {
      "fraction": 0.5,
      "kept_steps": 64,
      "active_test_mae": 0.003015225527980259,
      "test_mae": 0.0030152255279802588
    },
    {
      "fraction": 0.75,
      "kept_steps": 96,
      "active_test_mae": 0.003015225527980259,
      "test_mae": 0.0030152255279802588
    },
    {
      "fraction": 1.0,
      "kept_steps": 128,
      "active_test_mae": 0.003015225527980259,
      "test_mae": 0.0030152255279802588
    }
  ]
}