{
    "train_mae": 0.002992541529391645,
    "train_rmse": 0.004029555293292308,
    "test_mae": 0.0030216323514281446,
    "test_rmse": 0.004150021051588676,
    "per_parameter_mae_train": {
        "s": 0.0055724511571835405,
        "t0": 0.0005062742903828554,
        "x0": 0.00289889914060854
    },
    "per_parameter_mae_test": {
        "s": 0.005864978298146917,
        "t0": 0.00032875193532489605,
        "x0": 0.0028711668208126206
    },
    "per_parameter_rmse_train": {
        "s": 0.006170569235100231,
        "t0": 0.0005885335634868285,
        "x0": 0.0032077486099419037
    },
    "per_parameter_rmse_test": {
        "s": 0.006568988337075769,
        "t0": 0.00035063640556555893,
        "x0": 0.00289714868868378
    },
    "train_data_loss": 1.0099515914916992,
    "train_physics_loss": 0.003730684518814087,
    "train_total_loss": 1.0099515914916992,
    "train_actual_physics_residual": 2.0537377354301611e-10,
    "test_data_loss": 0.7742020487785339,
    "test_physics_loss": 0.004227963276207447,
    "test_total_loss": 0.7742020487785339,
    "test_actual_physics_residual": 2.212605099138898e-10,
    "training_time_seconds": 0.17184287800000675,
    "evaluation_time_seconds": 0.04071280099992691,
    "parameter_names": [
        "s",
        "t0",
        "x0"
    ],
    "timestamp": "2026-05-26T13:17:51.730537"
}