{
    "train_mae": 5.776468492637002e-05,
    "train_rmse": 0.0001367506174475653,
    "test_mae": 8.572570242085213e-05,
    "test_rmse": 0.000240691191712242,
    "per_parameter_mae_train": {
        "a": 4.736737465121687e-05,
        "beta": 0.0,
        "d": 0.0002627773996055888,
        "epsilon": 4.749745128457272e-11,
        "gamma": 3.6443287803963234e-05,
        "k": 0.0
    },
    "per_parameter_mae_test": {
        "a": 5.674077622192551e-05,
        "beta": 0.0,
        "d": 0.0004207912001540893,
        "epsilon": 4.749745128457272e-11,
        "gamma": 3.682219065164664e-05,
        "k": 0.0
    },
    "per_parameter_rmse_train": {
        "a": 5.862749026368941e-05,
        "beta": 0.0,
        "d": 0.0003268651274994789,
        "epsilon": 4.7497451284572716e-11,
        "gamma": 4.3890705666123423e-05,
        "k": 0.0
    },
    "per_parameter_rmse_test": {
        "a": 7.191133596341838e-05,
        "beta": 0.0,
        "d": 0.0005833722875710831,
        "epsilon": 4.7497451284572716e-11,
        "gamma": 4.581519901944075e-05,
        "k": 0.0
    },
    "train_data_loss": 0.0005367607809603214,
    "train_physics_loss": 2.102218786603771e-06,
    "train_total_loss": 0.0005367607809603214,
    "train_actual_physics_residual": 2.1023390672780806e-06,
    "test_data_loss": 0.0011768994154408574,
    "test_physics_loss": 2.501113613107009e-06,
    "test_total_loss": 0.0011768994154408574,
    "test_actual_physics_residual": 2.5013162030518288e-06,
    "training_time_seconds": 260.9737775070025,
    "evaluation_time_seconds": 1.2584251189982751,
    "parameter_names": [
        "a",
        "beta",
        "d",
        "epsilon",
        "gamma",
        "k"
    ],
    "timestamp": "2026-05-11T03:32:48.872106"
}