{
    "train_mae": 0.0012286210944306949,
    "train_rmse": 0.0027191925735719573,
    "test_mae": 0.0010279806531305188,
    "test_rmse": 0.002224291614809257,
    "per_parameter_mae_train": {
        "a": 0.0008210373701011945,
        "d": 0.0052047065476029,
        "epsilon": 9.499490256914545e-11,
        "k": 0.0,
        "mu1": 0.0013459706329562076,
        "mu2": 1.1920928966180355e-08
    },
    "per_parameter_mae_test": {
        "a": 0.0008010318729136906,
        "d": 0.0039539046074062445,
        "epsilon": 9.499490256914545e-11,
        "k": 0.0,
        "mu1": 0.001412935422539309,
        "mu2": 1.1920928966180355e-08
    },
    "per_parameter_rmse_train": {
        "a": 0.0010080390834940765,
        "d": 0.00636815248034852,
        "epsilon": 9.499490256914543e-11,
        "k": 0.0,
        "mu1": 0.0016716879810690223,
        "mu2": 1.1920928966180355e-08
    },
    "per_parameter_rmse_test": {
        "a": 0.0009506124927724466,
        "d": 0.005076997586887052,
        "epsilon": 9.499490256914545e-11,
        "k": 0.0,
        "mu1": 0.0017335716072463022,
        "mu2": 1.1920928966180354e-08
    },
    "train_data_loss": 0.3573676347732544,
    "train_physics_loss": 0.0,
    "train_total_loss": 0.3573676347732544,
    "train_actual_physics_residual": 0.0,
    "test_data_loss": 0.3241537809371948,
    "test_physics_loss": 0.0,
    "test_total_loss": 0.3241537809371948,
    "test_actual_physics_residual": 0.0,
    "training_time_seconds": 39.5236903699988,
    "evaluation_time_seconds": 0.19212456801324151,
    "parameter_names": [
        "a",
        "d",
        "epsilon",
        "k",
        "mu1",
        "mu2"
    ],
    "timestamp": "2026-06-15T16:31:34.071177"
}