{
    "train_mae": 0.0027201376739704078,
    "train_rmse": 0.0036967945785012805,
    "test_mae": 0.002239437934160655,
    "test_rmse": 0.0037464904190216025,
    "per_parameter_mae_train": {
        "s": 0.00523189857235864,
        "t0": 0.00041617661698292784,
        "x0": 0.0025123378325696555
    },
    "per_parameter_mae_test": {
        "s": 0.004463560771230002,
        "t0": 0.0005497255498570457,
        "x0": 0.0017050274813949179
    },
    "per_parameter_rmse_train": {
        "s": 0.005667381741291118,
        "t0": 0.0005049266185588907,
        "x0": 0.00293678459803577
    },
    "per_parameter_rmse_test": {
        "s": 0.0061467518996902075,
        "t0": 0.0005898600324027301,
        "x0": 0.0019945118714338726
    },
    "train_data_loss": 0.9114271998405457,
    "train_physics_loss": 0.0031470267567783594,
    "train_total_loss": 0.9114271998405457,
    "train_actual_physics_residual": 2.364869966520189e-10,
    "test_data_loss": 0.9051105380058289,
    "test_physics_loss": 0.0037019303999841213,
    "test_total_loss": 0.9051105380058289,
    "test_actual_physics_residual": 3.2109151448800333e-10,
    "training_time_seconds": 2.304963675000181,
    "evaluation_time_seconds": 0.02612814799977059,
    "parameter_names": [
        "s",
        "t0",
        "x0"
    ],
    "timestamp": "2026-05-26T06:11:19.345706"
}