{
    "train_mae": 0.0023016549646571564,
    "train_rmse": 0.003386475253192214,
    "test_mae": 0.002991112398384884,
    "test_rmse": 0.004531694914335448,
    "per_parameter_mae_train": {
        "s": 0.0044535706398009444,
        "t0": 0.00046634315023942456,
        "x0": 0.0019850511039310992
    },
    "per_parameter_mae_test": {
        "s": 0.006256871361691636,
        "t0": 0.0005714142701750493,
        "x0": 0.002145051563287966
    },
    "per_parameter_rmse_train": {
        "s": 0.005330362967348221,
        "t0": 0.0005600762039802419,
        "x0": 0.0023828951306147698
    },
    "per_parameter_rmse_test": {
        "s": 0.007345734836109197,
        "t0": 0.0006467198096393282,
        "x0": 0.0026889978793656817
    },
    "train_data_loss": 0.7143934965133667,
    "train_physics_loss": 0.0027838789392262697,
    "train_total_loss": 0.7143934965133667,
    "train_actual_physics_residual": 2.6961671784064833e-10,
    "test_data_loss": 1.055841326713562,
    "test_physics_loss": 0.00528697669506073,
    "test_total_loss": 1.055841326713562,
    "test_actual_physics_residual": 3.0572303022502467e-10,
    "training_time_seconds": 3.234914692000075,
    "evaluation_time_seconds": 0.04339912599971285,
    "parameter_names": [
        "s",
        "t0",
        "x0"
    ],
    "timestamp": "2026-05-24T14:06:42.428569"
}