{
    "train_mae": 0.002924611914968527,
    "train_rmse": 0.004232495201391571,
    "test_mae": 0.003012172661691672,
    "test_rmse": 0.0044779712140172335,
    "per_parameter_mae_train": {
        "s": 0.005798030228105485,
        "t0": 0.0005735960716671555,
        "x0": 0.00240220944513294
    },
    "per_parameter_mae_test": {
        "s": 0.006596280659589606,
        "t0": 0.00043289062970018773,
        "x0": 0.0020073466957852217
    },
    "per_parameter_rmse_train": {
        "s": 0.006745777365347286,
        "t0": 0.0006348955769538271,
        "x0": 0.0027988287251885756
    },
    "per_parameter_rmse_test": {
        "s": 0.0073632887901360095,
        "t0": 0.0005125133857040555,
        "x0": 0.0023824329588117425
    },
    "train_data_loss": 1.0067795515060425,
    "train_physics_loss": 0.004458623938262463,
    "train_total_loss": 1.0067795515060425,
    "train_actual_physics_residual": 2.6961671784064833e-10,
    "test_data_loss": 0.8603893518447876,
    "test_physics_loss": 0.005312273744493723,
    "test_total_loss": 0.8603893518447876,
    "test_actual_physics_residual": 3.0572303022502467e-10,
    "training_time_seconds": 21.3284206240005,
    "evaluation_time_seconds": 0.2859197689995199,
    "parameter_names": [
        "s",
        "t0",
        "x0"
    ],
    "timestamp": "2026-05-24T14:52:27.684211"
}