{
  "train_polynomial_residual": {
    "mean": 0.00012265472774458381,
    "median": 8.978304871257185e-05,
    "max": 0.0003670354019814532,
    "mse": 2.7961768340977148e-08
  },
  "test_polynomial_residual": {
    "mean": 3.621634843347883e-05,
    "median": 2.3107417763100695e-05,
    "max": 0.00010268759750605996,
    "mse": 2.5221503206305794e-09
  },
  "train_forward_linear_error": {
    "mean": 0.0054437011390251555,
    "median": 0.004796763080102691,
    "max": 0.013204284370082921,
    "mse": 4.6904449051605216e-05
  },
  "test_forward_linear_error": {
    "mean": 0.0027639591627001098,
    "median": 0.0020112927422857247,
    "max": 0.007389721898817053,
    "mse": 1.2388269994717958e-05
  },
  "train_forward_quadratic_error": {
    "mean": 0.00022173136975414911,
    "median": 0.00018987157049405237,
    "max": 0.0006411746250002838,
    "mse": 8.361070947966403e-08
  },
  "test_forward_quadratic_error": {
    "mean": 0.00010898550895991806,
    "median": 8.881429525929072e-05,
    "max": 0.0002762812676207339,
    "mse": 2.078322736473341e-08
  },
  "train_observed_forward_residual": {
    "mean": 0.00016595185077035034,
    "median": 0.00013195190306963372,
    "max": 0.000638682106890238,
    "mse": 5.600118110220508e-08
  },
  "test_observed_forward_residual": {
    "mean": 0.000100574449879844,
    "median": 7.69263129224059e-05,
    "max": 0.0002758710228612649,
    "mse": 1.8377460730662284e-08
  },
  "train_clean_forward_residual": {
    "mean": 0.00016595185077035034,
    "median": 0.00013195190306963372,
    "max": 0.000638682106890238,
    "mse": 5.600118110220508e-08
  },
  "test_clean_forward_residual": {
    "mean": 0.000100574449879844,
    "median": 7.69263129224059e-05,
    "max": 0.0002758710228612649,
    "mse": 1.8377460730662284e-08
  },
  "train_observation_noise_floor": {
    "mean": 0.0,
    "median": 0.0,
    "max": 0.0,
    "mse": 0.0
  },
  "test_observation_noise_floor": {
    "mean": 0.0,
    "median": 0.0,
    "max": 0.0,
    "mse": 0.0
  }
}
