{
    "train_mae": 0.0019390164700336715,
    "train_rmse": 0.0030714691251053734,
    "test_mae": 0.001957718713292742,
    "test_rmse": 0.003198042703812443,
    "per_parameter_mae_train": {
        "s": 0.004445406541091699,
        "t0": 0.0005089937677822804,
        "x0": 0.0008626491012270352
    },
    "per_parameter_mae_test": {
        "s": 0.0038577769351093413,
        "t0": 0.0007371475759234969,
        "x0": 0.0012782316288453876
    },
    "per_parameter_rmse_train": {
        "s": 0.005180148595265724,
        "t0": 0.000581783844194374,
        "x0": 0.0010627115549516097
    },
    "per_parameter_rmse_test": {
        "s": 0.005250252208594454,
        "t0": 0.0007575741970178378,
        "x0": 0.0015947929296262387
    },
    "train_data_loss": 0.5959774851799011,
    "train_physics_loss": 0.0026291832327842712,
    "train_total_loss": 0.5959774851799011,
    "train_actual_physics_residual": 2.6906588068698056e-10,
    "test_data_loss": 0.8888583183288574,
    "test_physics_loss": 0.002700832672417164,
    "test_total_loss": 0.8888583183288574,
    "test_actual_physics_residual": 2.949215871517197e-10,
    "training_time_seconds": 2.4148443099984434,
    "evaluation_time_seconds": 0.09825490299772355,
    "parameter_names": [
        "s",
        "t0",
        "x0"
    ],
    "timestamp": "2026-05-26T10:39:24.123729"
}