{
    "train_mae": 0.0017055385179063703,
    "train_rmse": 0.002829560497353606,
    "test_mae": 0.0019066330083867807,
    "test_rmse": 0.0033265884738036006,
    "per_parameter_mae_train": {
        "s": 0.0038133792559940506,
        "t0": 0.0005215811914040147,
        "x0": 0.0007816551063210444
    },
    "per_parameter_mae_test": {
        "s": 0.004463515887035547,
        "t0": 0.00039133251096944957,
        "x0": 0.0008650506271553466
    },
    "per_parameter_rmse_train": {
        "s": 0.0047623758968630085,
        "t0": 0.0005902537979986902,
        "x0": 0.0009952959838552193
    },
    "per_parameter_rmse_test": {
        "s": 0.005635954759937182,
        "t0": 0.00047261286119331075,
        "x0": 0.0011005560637718575
    },
    "train_data_loss": 0.5020543336868286,
    "train_physics_loss": 0.0022222038824111223,
    "train_total_loss": 0.5020543336868286,
    "train_actual_physics_residual": 2.6961671784064833e-10,
    "test_data_loss": 0.47261154651641846,
    "test_physics_loss": 0.0031122290529310703,
    "test_total_loss": 0.47261154651641846,
    "test_actual_physics_residual": 3.0572303022502467e-10,
    "training_time_seconds": 15.112947867000003,
    "evaluation_time_seconds": 0.15529979300004015,
    "parameter_names": [
        "s",
        "t0",
        "x0"
    ],
    "timestamp": "2026-05-26T03:44:12.968311"
}