{
  "train_polynomial_residual": {
    "mean": 2.2867744311731182e-06,
    "median": 1.7393224228570832e-06,
    "max": 5.318452876437858e-06,
    "mse": 8.587480841218921e-12
  },
  "test_polynomial_residual": {
    "mean": 1.037114431549403e-06,
    "median": 9.900804927918797e-07,
    "max": 2.306546217039929e-06,
    "mse": 1.8086625518852461e-12
  },
  "train_forward_linear_error": {
    "mean": 0.00021849626238286757,
    "median": 0.0001997544669103943,
    "max": 0.0005148470943498761,
    "mse": 7.568919641305287e-08
  },
  "test_forward_linear_error": {
    "mean": 0.00011081550122295721,
    "median": 8.305844012459559e-05,
    "max": 0.0003043333075780703,
    "mse": 2.0260324412576717e-08
  },
  "train_forward_quadratic_error": {
    "mean": 1.7795695335729017e-06,
    "median": 1.4418113393408465e-06,
    "max": 4.929808848700558e-06,
    "mse": 5.394095299289755e-12
  },
  "test_forward_quadratic_error": {
    "mean": 8.691172342668875e-07,
    "median": 7.397940818891844e-07,
    "max": 2.291446571050968e-06,
    "mse": 1.3366464625187529e-12
  },
  "train_observed_forward_residual": {
    "mean": 8.434879789613052e-07,
    "median": 3.096011781778111e-07,
    "max": 3.838994795745801e-06,
    "mse": 1.916663182409866e-12
  },
  "test_observed_forward_residual": {
    "mean": 1.895525631923326e-07,
    "median": 3.2077021842098954e-08,
    "max": 6.425802851470392e-07,
    "mse": 8.812655258713641e-14
  },
  "train_clean_forward_residual": {
    "mean": 8.434879789613052e-07,
    "median": 3.096011781778111e-07,
    "max": 3.838994795745801e-06,
    "mse": 1.916663182409866e-12
  },
  "test_clean_forward_residual": {
    "mean": 1.895525631923326e-07,
    "median": 3.2077021842098954e-08,
    "max": 6.425802851470392e-07,
    "mse": 8.812655258713641e-14
  },
  "train_observation_noise_floor": {
    "mean": 0.0,
    "median": 0.0,
    "max": 0.0,
    "mse": 0.0
  },
  "test_observation_noise_floor": {
    "mean": 0.0,
    "median": 0.0,
    "max": 0.0,
    "mse": 0.0
  }
}
