{
  "train_observed_forward_residual": {
    "mean": 0.0014079071455268303,
    "median": 0.0014271376776839456,
    "max": 0.0015272317615833064,
    "mse": 1.9869962979461072e-06
  },
  "test_observed_forward_residual": {
    "mean": 0.001370275590816554,
    "median": 0.0013623592341445014,
    "max": 0.0014565016529751779,
    "mse": 1.8808269450330405e-06
  },
  "train_clean_forward_residual": {
    "mean": 0.00012161347247534844,
    "median": 0.00013108454174798654,
    "max": 0.0002126944014985354,
    "mse": 1.731005933836669e-08
  },
  "test_clean_forward_residual": {
    "mean": 0.00012457671192096087,
    "median": 0.00011665194645106599,
    "max": 0.00020686611332996097,
    "mse": 1.6847194932602642e-08
  },
  "train_observation_noise_floor": {
    "mean": 0.0014134642406194787,
    "median": 0.0014339923449357712,
    "max": 0.001531237899332812,
    "mse": 2.0025988529166245e-06
  },
  "test_observation_noise_floor": {
    "mean": 0.0013765334995131107,
    "median": 0.0013693375603808817,
    "max": 0.001459799170993348,
    "mse": 1.8979072195759565e-06
  }
}
