{
    "train_mae": 0.0029798725589132613,
    "train_rmse": 0.004004214927150014,
    "test_mae": 0.0030184137006102735,
    "test_rmse": 0.004153672638040795,
    "per_parameter_mae_train": {
        "s": 0.005545599264712227,
        "t0": 0.000501064834735362,
        "x0": 0.0028929535772921947
    },
    "per_parameter_mae_test": {
        "s": 0.006002217992742254,
        "t0": 0.0001768047946312315,
        "x0": 0.002876218314457335
    },
    "per_parameter_rmse_train": {
        "s": 0.006120945831379385,
        "t0": 0.0005913348524696835,
        "x0": 0.003207110345779665
    },
    "per_parameter_rmse_test": {
        "s": 0.0065787446844228475,
        "t0": 0.00021493639507126172,
        "x0": 0.002903947292097129
    },
    "train_data_loss": 1.0077054500579834,
    "train_physics_loss": 0.003670921316370368,
    "train_total_loss": 1.0077054500579834,
    "train_actual_physics_residual": 2.0537377354301611e-10,
    "test_data_loss": 0.7019709348678589,
    "test_physics_loss": 0.0042405324056744576,
    "test_total_loss": 0.7019709348678589,
    "test_actual_physics_residual": 2.212605099138898e-10,
    "training_time_seconds": 0.1452005809999264,
    "evaluation_time_seconds": 0.03190445999985059,
    "parameter_names": [
        "s",
        "t0",
        "x0"
    ],
    "timestamp": "2026-05-26T13:25:50.546613"
}