{
    "train_mae": 0.0027437090420607464,
    "train_rmse": 0.003995253217490707,
    "test_mae": 0.0028575533442961407,
    "test_rmse": 0.004019106855142234,
    "per_parameter_mae_train": {
        "s": 0.0054058822057437336,
        "t0": 0.0005210027179439799,
        "x0": 0.0023042422024945252
    },
    "per_parameter_mae_test": {
        "s": 0.005500528693500595,
        "t0": 0.0007366541182393468,
        "x0": 0.00233547722114848
    },
    "per_parameter_rmse_train": {
        "s": 0.0063303557330553865,
        "t0": 0.0005922529293898707,
        "x0": 0.0027316620538074318
    },
    "per_parameter_rmse_test": {
        "s": 0.006385734057649736,
        "t0": 0.0007571478247176873,
        "x0": 0.0026662309456705734
    },
    "train_data_loss": 1.0006461143493652,
    "train_physics_loss": 0.003926386125385761,
    "train_total_loss": 1.0006461143493652,
    "train_actual_physics_residual": 2.6906588068698056e-10,
    "test_data_loss": 1.202183723449707,
    "test_physics_loss": 0.003995390608906746,
    "test_total_loss": 1.202183723449707,
    "test_actual_physics_residual": 2.949215871517197e-10,
    "training_time_seconds": 1.1958180339997853,
    "evaluation_time_seconds": 0.2688897480002197,
    "parameter_names": [
        "s",
        "t0",
        "x0"
    ],
    "timestamp": "2026-05-26T14:47:19.652591"
}