{
  "train": {
    "event_abs_mean": 0.015625,
    "event_active_fraction_gt_1e_6": 0.015625,
    "spike_mean": 0.07833231985569,
    "spike_active_fraction_gt_0p5": 0.0041718753054738045,
    "spike_count_per_sample_mean": 10.679999351501465,
    "first_spike_flat_index_mean": 30.15999984741211,
    "mem_abs_mean": 1.099542260169983
  },
  "test": {
    "event_abs_mean": 0.015625,
    "event_active_fraction_gt_1e_6": 0.015625,
    "spike_mean": 0.0783233493566513,
    "spike_active_fraction_gt_0p5": 0.004185267724096775,
    "spike_count_per_sample_mean": 10.714285850524902,
    "first_spike_flat_index_mean": 34.71428680419922,
    "mem_abs_mean": 1.099731206893921
  }
}