{
    "train_mae": 0.0029673382848379734,
    "train_rmse": 0.004045541773045822,
    "test_mae": 0.0029315144746997687,
    "test_rmse": 0.004118668643782706,
    "per_parameter_mae_train": {
        "s": 0.005490604045799467,
        "t0": 0.0005116523678104015,
        "x0": 0.0028997584409040517
    },
    "per_parameter_mae_test": {
        "s": 0.005562007888753606,
        "t0": 0.00036056405182861156,
        "x0": 0.0028719714835170884
    },
    "per_parameter_rmse_train": {
        "s": 0.006217173985210864,
        "t0": 0.0005922372130385974,
        "x0": 0.003177298763649044
    },
    "per_parameter_rmse_test": {
        "s": 0.006511744476439229,
        "t0": 0.00037959845499203724,
        "x0": 0.0028884914883668044
    },
    "train_data_loss": 1.0128165483474731,
    "train_physics_loss": 0.003787253051996231,
    "train_total_loss": 1.0128165483474731,
    "train_actual_physics_residual": 2.0537377354301611e-10,
    "test_data_loss": 0.7865762710571289,
    "test_physics_loss": 0.004154596012085676,
    "test_total_loss": 0.7865762710571289,
    "test_actual_physics_residual": 2.212605099138898e-10,
    "training_time_seconds": 1.3671200819999285,
    "evaluation_time_seconds": 0.05897131499932584,
    "parameter_names": [
        "s",
        "t0",
        "x0"
    ],
    "timestamp": "2026-05-26T16:31:58.091707"
}