{
    "train_mae": 0.002811044617872721,
    "train_rmse": 0.004109573293041091,
    "test_mae": 0.002785209161902651,
    "test_rmse": 0.004048545683147463,
    "per_parameter_mae_train": {
        "s": 0.005617243790815962,
        "t0": 0.0005079139873311973,
        "x0": 0.002307976075471002
    },
    "per_parameter_mae_test": {
        "s": 0.005223073657043826,
        "t0": 0.0007426438119176892,
        "x0": 0.002389910016746437
    },
    "per_parameter_rmse_train": {
        "s": 0.006546362290072595,
        "t0": 0.0005930430720631809,
        "x0": 0.002731157013872166
    },
    "per_parameter_rmse_test": {
        "s": 0.006413702616687582,
        "t0": 0.0007629565833055187,
        "x0": 0.002730289809211011
    },
    "train_data_loss": 1.0246323347091675,
    "train_physics_loss": 0.004198909737169743,
    "train_total_loss": 1.0246323347091675,
    "train_actual_physics_residual": 2.6906588068698056e-10,
    "test_data_loss": 1.2289812564849854,
    "test_physics_loss": 0.004030465614050627,
    "test_total_loss": 1.2289812564849854,
    "test_actual_physics_residual": 2.949215871517197e-10,
    "training_time_seconds": 0.8613380589995359,
    "evaluation_time_seconds": 0.017421696000383236,
    "parameter_names": [
        "s",
        "t0",
        "x0"
    ],
    "timestamp": "2026-05-26T08:24:15.589814"
}