{
    "train_mae": 0.00010316909613212667,
    "train_rmse": 0.0002496392488053379,
    "test_mae": 0.0001662160978727575,
    "test_rmse": 0.00040291428215085014,
    "per_parameter_mae_train": {
        "a": 6.906894442676448e-05,
        "d": 0.00043521430195580206,
        "epsilon": 9.499490256914545e-11,
        "k": 0.0,
        "mu1": 0.0001147193144863247,
        "mu2": 1.1920928966180355e-08
    },
    "per_parameter_mae_test": {
        "a": 0.00012505832186435355,
        "d": 0.0006698330766898767,
        "epsilon": 9.499490256914545e-11,
        "k": 0.0,
        "mu1": 0.00020239317275844588,
        "mu2": 1.1920928966180355e-08
    },
    "per_parameter_rmse_train": {
        "a": 9.388592779462914e-05,
        "d": 0.0005839729314594844,
        "epsilon": 9.499490256914543e-11,
        "k": 0.0,
        "mu1": 0.00015517594854616096,
        "mu2": 1.1920928966180357e-08
    },
    "per_parameter_rmse_test": {
        "a": 0.00016844499477828477,
        "d": 0.0009315990002445882,
        "epsilon": 9.499490256914543e-11,
        "k": 0.0,
        "mu1": 0.0002789069717703723,
        "mu2": 1.1920928966180355e-08
    },
    "train_data_loss": 0.003065533237531781,
    "train_physics_loss": 0.000975063827354461,
    "train_total_loss": 0.003065533237531781,
    "train_actual_physics_residual": 0.0009751527104526758,
    "test_data_loss": 0.0093410424888134,
    "test_physics_loss": 0.0009745791321620345,
    "test_total_loss": 0.0093410424888134,
    "test_actual_physics_residual": 0.0009747170261107385,
    "training_time_seconds": 54.16132170700075,
    "evaluation_time_seconds": 0.14364438300253823,
    "parameter_names": [
        "a",
        "d",
        "epsilon",
        "k",
        "mu1",
        "mu2"
    ],
    "timestamp": "2026-05-10T22:33:45.087597"
}