{
    "train_mae": 0.0028060184333914056,
    "train_rmse": 0.0040897033292042586,
    "test_mae": 0.0030079333698974963,
    "test_rmse": 0.00448589484623381,
    "per_parameter_mae_train": {
        "s": 0.005615919278310909,
        "t0": 0.0005459319290936486,
        "x0": 0.002256204092769659
    },
    "per_parameter_mae_test": {
        "s": 0.006618574092727805,
        "t0": 0.0004384037727811191,
        "x0": 0.001966822244183565
    },
    "per_parameter_rmse_train": {
        "s": 0.006541188542639622,
        "t0": 0.0006068481989958482,
        "x0": 0.002649831631581303
    },
    "per_parameter_rmse_test": {
        "s": 0.007396814047026626,
        "t0": 0.0005110944545843323,
        "x0": 0.002322860763499161
    },
    "train_data_loss": 0.9229352474212646,
    "train_physics_loss": 0.004192279186099768,
    "train_total_loss": 0.9229352474212646,
    "train_actual_physics_residual": 2.6961671784064833e-10,
    "test_data_loss": 0.850855827331543,
    "test_physics_loss": 0.005360758397728205,
    "test_total_loss": 0.850855827331543,
    "test_actual_physics_residual": 3.0572303022502467e-10,
    "training_time_seconds": 4.551201646001573,
    "evaluation_time_seconds": 0.09560765200149035,
    "parameter_names": [
        "s",
        "t0",
        "x0"
    ],
    "timestamp": "2026-05-26T01:27:03.927103"
}