{
  "train": {
    "event_abs_mean": 0.015625,
    "event_active_fraction_gt_1e_6": 0.015625,
    "spike_mean": 0.07367705553770065,
    "spike_active_fraction_gt_0p5": 0.004329427145421505,
    "spike_count_per_sample_mean": 11.083333969116211,
    "first_spike_flat_index_mean": 30.75,
    "mem_abs_mean": 1.0321887731552124
  },
  "test": {
    "event_abs_mean": 0.015625,
    "event_active_fraction_gt_1e_6": 0.015625,
    "spike_mean": 0.07359849661588669,
    "spike_active_fraction_gt_0p5": 0.004101562779396772,
    "spike_count_per_sample_mean": 10.5,
    "first_spike_flat_index_mean": 26.25,
    "mem_abs_mean": 1.0328571796417236
  }
}