{
    "train_mae": 0.000848590177886707,
    "train_rmse": 0.0014215662519309722,
    "test_mae": 0.0009923038086042616,
    "test_rmse": 0.001746415950686188,
    "per_parameter_mae_train": {
        "s": 0.0017807949482167213,
        "t0": 0.00041458396557490145,
        "x0": 0.00035039161986849857
    },
    "per_parameter_mae_test": {
        "s": 0.002054139075408583,
        "t0": 0.0004931547172531067,
        "x0": 0.00042961763315109533
    },
    "per_parameter_rmse_train": {
        "s": 0.002369374436271151,
        "t0": 0.0005126638419480188,
        "x0": 0.00043103641585262603
    },
    "per_parameter_rmse_test": {
        "s": 0.0029135968226966466,
        "t0": 0.0006221213907823791,
        "x0": 0.0005232824747079066
    },
    "train_data_loss": 0.2705940306186676,
    "train_physics_loss": 0.0005500526749528944,
    "train_total_loss": 0.2705940306186676,
    "train_actual_physics_residual": 2.6961671784064833e-10,
    "test_data_loss": 0.4001132845878601,
    "test_physics_loss": 0.0008317577885463834,
    "test_total_loss": 0.4001132845878601,
    "test_actual_physics_residual": 3.0572303022502467e-10,
    "training_time_seconds": 12.033740932998626,
    "evaluation_time_seconds": 0.12841548700089334,
    "parameter_names": [
        "s",
        "t0",
        "x0"
    ],
    "timestamp": "2026-05-24T02:32:43.387707"
}