{
    "train_mae": 0.0027991179460301243,
    "train_rmse": 0.003977218361124904,
    "test_mae": 0.0025648705044487193,
    "test_rmse": 0.004141683257213768,
    "per_parameter_mae_train": {
        "s": 0.005321499354343375,
        "t0": 0.00044489816164832883,
        "x0": 0.0026309563220986696
    },
    "per_parameter_mae_test": {
        "s": 0.0055348239579022475,
        "t0": 0.00055400218311968,
        "x0": 0.0016057853723242294
    },
    "per_parameter_rmse_train": {
        "s": 0.0061711849823302915,
        "t0": 0.000524851737375555,
        "x0": 0.003015925105807858
    },
    "per_parameter_rmse_test": {
        "s": 0.006899395233998001,
        "t0": 0.0005740966510560438,
        "x0": 0.0018786641662592186
    },
    "train_data_loss": 1.0065746307373047,
    "train_physics_loss": 0.0037314146757125854,
    "train_total_loss": 1.0065746307373047,
    "train_actual_physics_residual": 2.364869966520189e-10,
    "test_data_loss": 0.953339159488678,
    "test_physics_loss": 0.004664002917706966,
    "test_total_loss": 0.953339159488678,
    "test_actual_physics_residual": 3.2109151448800333e-10,
    "training_time_seconds": 0.7058390399997734,
    "evaluation_time_seconds": 0.14208820600106264,
    "parameter_names": [
        "s",
        "t0",
        "x0"
    ],
    "timestamp": "2026-05-26T17:24:50.324490"
}