{
    "train_mae": 0.002907408005067008,
    "train_rmse": 0.003956638498529846,
    "test_mae": 0.0029745490282276008,
    "test_rmse": 0.004147568642907986,
    "per_parameter_mae_train": {
        "s": 0.005428664885770373,
        "t0": 0.0004896002538418454,
        "x0": 0.002803958875588805
    },
    "per_parameter_mae_test": {
        "s": 0.0057548587169243826,
        "t0": 0.00029318100091003246,
        "x0": 0.0028756073668483872
    },
    "per_parameter_rmse_train": {
        "s": 0.006094127580923842,
        "t0": 0.000580133573405071,
        "x0": 0.0030805873934328033
    },
    "per_parameter_rmse_test": {
        "s": 0.006563854743498929,
        "t0": 0.00031752417032364453,
        "x0": 0.002902062413251593
    },
    "train_data_loss": 0.9657571911811829,
    "train_physics_loss": 0.0036388260778039694,
    "train_total_loss": 0.9657571911811829,
    "train_actual_physics_residual": 2.0537377354301611e-10,
    "test_data_loss": 0.7530354261398315,
    "test_physics_loss": 0.004221356939524412,
    "test_total_loss": 0.7530354261398315,
    "test_actual_physics_residual": 2.212605099138898e-10,
    "training_time_seconds": 0.667967759000021,
    "evaluation_time_seconds": 0.035106813000084,
    "parameter_names": [
        "s",
        "t0",
        "x0"
    ],
    "timestamp": "2026-05-26T13:27:20.442146"
}