{
  "train_observed_forward_residual": {
    "mean": 2.4482488903645663e-05,
    "median": 1.4263826234024334e-05,
    "max": 9.624163782274799e-05,
    "mse": 1.085126359802619e-09
  },
  "test_observed_forward_residual": {
    "mean": 1.4236611379888497e-05,
    "median": 1.4397239287813708e-05,
    "max": 1.5534036530348002e-05,
    "mse": 2.036292222507042e-10
  },
  "train_clean_forward_residual": {
    "mean": 1.3929246567138192e-05,
    "median": 1.233447080873814e-06,
    "max": 9.540133282416332e-05,
    "mse": 8.815486373474673e-10
  },
  "test_clean_forward_residual": {
    "mean": 1.37394209082065e-06,
    "median": 1.3796720389327661e-06,
    "max": 1.760284678623985e-06,
    "mse": 1.9919011311611097e-12
  },
  "train_observation_noise_floor": {
    "mean": 1.4108564902479847e-05,
    "median": 1.4169152917293253e-05,
    "max": 1.5721282214395744e-05,
    "mse": 1.995410567017737e-10
  },
  "test_observation_noise_floor": {
    "mean": 1.4262986068046467e-05,
    "median": 1.4494687025685124e-05,
    "max": 1.5470605833418225e-05,
    "mse": 2.042845010693216e-10
  }
}
