{
    "train_mae": 0.0016871320773412398,
    "train_rmse": 0.002821103502132212,
    "test_mae": 0.0019150234455201764,
    "test_rmse": 0.003318732960568829,
    "per_parameter_mae_train": {
        "s": 0.0037438348510801774,
        "t0": 0.0005270002687148936,
        "x0": 0.0007905611122286491
    },
    "per_parameter_mae_test": {
        "s": 0.004447731159159743,
        "t0": 0.0003928380140605055,
        "x0": 0.0009045011633402813
    },
    "per_parameter_rmse_train": {
        "s": 0.0047453404146326796,
        "t0": 0.0005964597816570702,
        "x0": 0.001000927063949833
    },
    "per_parameter_rmse_test": {
        "s": 0.005615054170900233,
        "t0": 0.00048039091900406954,
        "x0": 0.00113241185683132
    },
    "train_data_loss": 0.5075533390045166,
    "train_physics_loss": 0.0022063332144171,
    "train_total_loss": 0.5075533390045166,
    "train_actual_physics_residual": 2.6961671784064833e-10,
    "test_data_loss": 0.4801659882068634,
    "test_physics_loss": 0.0030891906935721636,
    "test_total_loss": 0.4801659882068634,
    "test_actual_physics_residual": 3.0572303022502467e-10,
    "training_time_seconds": 51.63268648599842,
    "evaluation_time_seconds": 0.19889126799898804,
    "parameter_names": [
        "s",
        "t0",
        "x0"
    ],
    "timestamp": "2026-05-24T06:00:04.251166"
}