{
    "train_mae": 0.0029079065730852854,
    "train_rmse": 0.003960021638847521,
    "test_mae": 0.0029752947071690094,
    "test_rmse": 0.004153085921359427,
    "per_parameter_mae_train": {
        "s": 0.005535446606885486,
        "t0": 0.0004954545475458783,
        "x0": 0.0026928185648244923
    },
    "per_parameter_mae_test": {
        "s": 0.005855262741048528,
        "t0": 0.0002924378054954893,
        "x0": 0.0027781835749630113
    },
    "per_parameter_rmse_train": {
        "s": 0.00615433968493165,
        "t0": 0.0005690953978583305,
        "x0": 0.002974146534895967
    },
    "per_parameter_rmse_test": {
        "s": 0.0066275484605131055,
        "t0": 0.00030836923744995473,
        "x0": 0.00277936644354906
    },
    "train_data_loss": 0.9385374188423157,
    "train_physics_loss": 0.0037110864650458097,
    "train_total_loss": 0.9385374188423157,
    "train_actual_physics_residual": 2.0537377354301611e-10,
    "test_data_loss": 0.7317366003990173,
    "test_physics_loss": 0.00430368073284626,
    "test_total_loss": 0.7317366003990173,
    "test_actual_physics_residual": 2.212605099138898e-10,
    "training_time_seconds": 0.5916301249999378,
    "evaluation_time_seconds": 0.03428256899996995,
    "parameter_names": [
        "s",
        "t0",
        "x0"
    ],
    "timestamp": "2026-05-26T13:56:11.390057"
}