{
    "train_mae": 0.0001860321834713457,
    "train_rmse": 0.00042350517348893634,
    "test_mae": 0.0003363245290122978,
    "test_rmse": 0.0007276690475614565,
    "per_parameter_mae_train": {
        "a": 0.00011783765072846164,
        "d": 0.0008037276372049697,
        "epsilon": 9.499490256914545e-11,
        "k": 0.0,
        "mu1": 0.00019461579697077405,
        "mu2": 1.1920928966180355e-08
    },
    "per_parameter_mae_test": {
        "a": 0.00022979523728082623,
        "d": 0.0014313935204127326,
        "epsilon": 9.499490256914545e-11,
        "k": 0.0,
        "mu1": 0.00035674640045635917,
        "mu2": 1.1920928966180355e-08
    },
    "per_parameter_rmse_train": {
        "a": 0.00014479268304964146,
        "d": 0.0009972998222159879,
        "epsilon": 9.499490256914543e-11,
        "k": 0.0,
        "mu1": 0.00024610553677739916,
        "mu2": 1.1920928966180355e-08
    },
    "per_parameter_rmse_test": {
        "a": 0.00027835062699717897,
        "d": 0.001708475347580741,
        "epsilon": 9.499490256914545e-11,
        "k": 0.0,
        "mu1": 0.00042502514242219827,
        "mu2": 1.1920928966180354e-08
    },
    "train_data_loss": 0.03146021068096161,
    "train_physics_loss": 0.0,
    "train_total_loss": 0.03146021068096161,
    "train_actual_physics_residual": 0.0,
    "test_data_loss": 0.10050847381353378,
    "test_physics_loss": 0.0,
    "test_total_loss": 0.10050847381353378,
    "test_actual_physics_residual": 0.0,
    "training_time_seconds": 60.32125951803755,
    "evaluation_time_seconds": 0.22377399704419076,
    "parameter_names": [
        "a",
        "d",
        "epsilon",
        "k",
        "mu1",
        "mu2"
    ],
    "timestamp": "2026-06-15T21:03:43.971436"
}