{
  "observation_mode": "event_traces",
  "time_axis_size": 128,
  "records": [
    {
      "fraction": 0.25,
      "kept_steps": 32,
      "active_test_mae": 0.0026744148065148527,
      "test_mae": 0.0026744148065148527
    },
    {
      "fraction": 0.5,
      "kept_steps": 64,
      "active_test_mae": 0.0026503510768825164,
      "test_mae": 0.0026503510768825164
    },
    {
      "fraction": 0.75,
      "kept_steps": 96,
      "active_test_mae": 0.0025478580027320716,
      "test_mae": 0.0025478580027320716
    },
    {
      "fraction": 1.0,
      "kept_steps": 128,
      "active_test_mae": 0.0025478580027320716,
      "test_mae": 0.0025478580027320716
    }
  ]
}