{
    "train_mae": 0.001957195463186951,
    "train_rmse": 0.0030334760793425983,
    "test_mae": 0.0025478580027320716,
    "test_rmse": 0.004608963771931032,
    "per_parameter_mae_train": {
        "s": 0.0036887615464094212,
        "t0": 0.0002763331039456844,
        "x0": 0.0019064917392057484
    },
    "per_parameter_mae_test": {
        "s": 0.004931897386510564,
        "t0": 0.00045262715097450085,
        "x0": 0.0022590494707111497
    },
    "per_parameter_rmse_train": {
        "s": 0.004748928037499805,
        "t0": 0.00034679243151228425,
        "x0": 0.00222111433202464
    },
    "per_parameter_rmse_test": {
        "s": 0.007627270866922783,
        "t0": 0.0005127811669021732,
        "x0": 0.0022998773337679574
    },
    "train_data_loss": 0.477195680141449,
    "train_physics_loss": 0.0022096880711615086,
    "train_total_loss": 0.477195680141449,
    "train_actual_physics_residual": 2.0537377354301611e-10,
    "test_data_loss": 0.9389035701751709,
    "test_physics_loss": 0.005699973553419113,
    "test_total_loss": 0.9389035701751709,
    "test_actual_physics_residual": 2.212605099138898e-10,
    "training_time_seconds": 0.1754381300015666,
    "evaluation_time_seconds": 0.05716589700023178,
    "parameter_names": [
        "s",
        "t0",
        "x0"
    ],
    "timestamp": "2026-05-26T10:05:55.400007"
}