{
    "train_mae": 0.002560827543134387,
    "train_rmse": 0.003677560294842495,
    "test_mae": 0.002729987841615589,
    "test_rmse": 0.004029874417292518,
    "per_parameter_mae_train": {
        "s": 0.004960201387831663,
        "t0": 0.00051054473240258,
        "x0": 0.0022117365091689186
    },
    "per_parameter_mae_test": {
        "s": 0.005602452636066513,
        "t0": 0.0007257567844339691,
        "x0": 0.0018617541043462855
    },
    "per_parameter_rmse_train": {
        "s": 0.00575643097082748,
        "t0": 0.000571579218325937,
        "x0": 0.002666486235082071
    },
    "per_parameter_rmse_test": {
        "s": 0.006586766192793371,
        "t0": 0.000746415455975551,
        "x0": 0.002185643737209079
    },
    "train_data_loss": 0.9041815996170044,
    "train_physics_loss": 0.0032467092387378216,
    "train_total_loss": 0.9041815996170044,
    "train_actual_physics_residual": 2.6906588068698056e-10,
    "test_data_loss": 1.1046178340911865,
    "test_physics_loss": 0.004250911995768547,
    "test_total_loss": 1.1046178340911865,
    "test_actual_physics_residual": 2.949215871517197e-10,
    "training_time_seconds": 1.792109674999665,
    "evaluation_time_seconds": 0.06525302099908004,
    "parameter_names": [
        "s",
        "t0",
        "x0"
    ],
    "timestamp": "2026-05-26T09:41:14.302046"
}