{
    "train_mae": 0.0028385014510052655,
    "train_rmse": 0.0041022806149197686,
    "test_mae": 0.003014253407716021,
    "test_rmse": 0.004475306539960563,
    "per_parameter_mae_train": {
        "s": 0.005602534005553354,
        "t0": 0.0005600667761132801,
        "x0": 0.002352903571349162
    },
    "per_parameter_mae_test": {
        "s": 0.006589760828445714,
        "t0": 0.0004451404988340962,
        "x0": 0.002007858895868253
    },
    "per_parameter_rmse_train": {
        "s": 0.006521942098900916,
        "t0": 0.0006213387065734528,
        "x0": 0.002750332380083738
    },
    "per_parameter_rmse_test": {
        "s": 0.007360427950990275,
        "t0": 0.0005197830019803646,
        "x0": 0.002374664584520255
    },
    "train_data_loss": 0.9592036008834839,
    "train_physics_loss": 0.004167644772678614,
    "train_total_loss": 0.9592036008834839,
    "train_actual_physics_residual": 2.6961671784064833e-10,
    "test_data_loss": 0.8648324012756348,
    "test_physics_loss": 0.00530814565718174,
    "test_total_loss": 0.8648324012756348,
    "test_actual_physics_residual": 3.0572303022502467e-10,
    "training_time_seconds": 6.577708646998872,
    "evaluation_time_seconds": 0.0729737589990691,
    "parameter_names": [
        "s",
        "t0",
        "x0"
    ],
    "timestamp": "2026-05-24T20:12:27.499733"
}