{
    "train_mae": 0.0028709429128357957,
    "train_rmse": 0.004162956129902218,
    "test_mae": 0.002934903745115315,
    "test_rmse": 0.004430546746681592,
    "per_parameter_mae_train": {
        "s": 0.0056697960520883306,
        "t0": 0.0005519056146995018,
        "x0": 0.0023911270717195546
    },
    "per_parameter_mae_test": {
        "s": 0.006323256640539983,
        "t0": 0.0004763214651930146,
        "x0": 0.002005133129612947
    },
    "per_parameter_rmse_train": {
        "s": 0.006623707504143674,
        "t0": 0.0006165820688424266,
        "x0": 0.0027815349486217376
    },
    "per_parameter_rmse_test": {
        "s": 0.007273879562555301,
        "t0": 0.0005457085222398342,
        "x0": 0.002383718049977311
    },
    "train_data_loss": 0.9713928699493408,
    "train_physics_loss": 0.004298720043152571,
    "train_total_loss": 0.9713928699493408,
    "train_actual_physics_residual": 2.6961671784064833e-10,
    "test_data_loss": 0.8806727528572083,
    "test_physics_loss": 0.005184050649404526,
    "test_total_loss": 0.8806727528572083,
    "test_actual_physics_residual": 3.0572303022502467e-10,
    "training_time_seconds": 6.67935427599997,
    "evaluation_time_seconds": 0.05391724700001532,
    "parameter_names": [
        "s",
        "t0",
        "x0"
    ],
    "timestamp": "2026-05-26T03:23:06.370136"
}