{
    "train_mae": 0.0026286031958108365,
    "train_rmse": 0.005960829021982381,
    "test_mae": 0.0029611109173315053,
    "test_rmse": 0.00653896422410128,
    "per_parameter_mae_train": {
        "a": 0.0018163562964387554,
        "d": 0.010824113162541968,
        "epsilon": 9.499490256914545e-11,
        "k": 0.0,
        "mu1": 0.003131137699960427,
        "mu2": 1.1920928966180355e-08
    },
    "per_parameter_mae_test": {
        "a": 0.0020582111926776116,
        "d": 0.012239561293530498,
        "epsilon": 9.499490256914545e-11,
        "k": 0.0,
        "mu1": 0.003468881001857054,
        "mu2": 1.1920928966180355e-08
    },
    "per_parameter_rmse_train": {
        "a": 0.002326271462073779,
        "d": 0.013857354613525094,
        "epsilon": 9.499490256914543e-11,
        "k": 0.0,
        "mu1": 0.003968763028382822,
        "mu2": 1.1920928966180357e-08
    },
    "per_parameter_rmse_test": {
        "a": 0.0025539420464090723,
        "d": 0.015213370742055192,
        "epsilon": 9.499490256914543e-11,
        "k": 0.0,
        "mu1": 0.0043103421479830945,
        "mu2": 1.1920928966180355e-08
    },
    "train_data_loss": 0.3032309114933014,
    "train_physics_loss": 0.0011580486316233873,
    "train_total_loss": 0.3032309114933014,
    "train_actual_physics_residual": 0.0011632302775979042,
    "test_data_loss": 0.3618587553501129,
    "test_physics_loss": 0.0011652432149276137,
    "test_total_loss": 0.3618587553501129,
    "test_actual_physics_residual": 0.001166488858871162,
    "training_time_seconds": 66.77060542600157,
    "evaluation_time_seconds": 0.15153039100187016,
    "parameter_names": [
        "a",
        "d",
        "epsilon",
        "k",
        "mu1",
        "mu2"
    ],
    "timestamp": "2026-05-10T23:27:59.882877"
}