{
    "train_mae": 0.0027870665256863316,
    "train_rmse": 0.004064603095380373,
    "test_mae": 0.002756342938102774,
    "test_rmse": 0.004016445504670394,
    "per_parameter_mae_train": {
        "s": 0.0055577014404847545,
        "t0": 0.0005272280432572487,
        "x0": 0.002276270093316992
    },
    "per_parameter_mae_test": {
        "s": 0.005244228720966415,
        "t0": 0.0007363005022217851,
        "x0": 0.0022884995911201223
    },
    "per_parameter_rmse_train": {
        "s": 0.006472119853267289,
        "t0": 0.0005902510334799751,
        "x0": 0.00270670709374811
    },
    "per_parameter_rmse_test": {
        "s": 0.006398787581889857,
        "t0": 0.0007624884639348852,
        "x0": 0.0026209983403618214
    },
    "train_data_loss": 1.0074937343597412,
    "train_physics_loss": 0.004104210063815117,
    "train_total_loss": 1.0074937343597412,
    "train_actual_physics_residual": 2.6906588068698056e-10,
    "test_data_loss": 1.200622797012329,
    "test_physics_loss": 0.00401174183934927,
    "test_total_loss": 1.200622797012329,
    "test_actual_physics_residual": 2.949215871517197e-10,
    "training_time_seconds": 5.826566809999804,
    "evaluation_time_seconds": 0.16973716199981936,
    "parameter_names": [
        "s",
        "t0",
        "x0"
    ],
    "timestamp": "2026-05-26T18:49:55.430517"
}