{
  "observation_mode": "event_traces",
  "time_axis_size": 128,
  "records": [
    {
      "fraction": 0.25,
      "kept_steps": 32,
      "active_test_mae": 0.003008496946410259,
      "test_mae": 0.0030084969464102586
    },
    {
      "fraction": 0.5,
      "kept_steps": 64,
      "active_test_mae": 0.003005456771638792,
      "test_mae": 0.0030054567716387916
    },
    {
      "fraction": 0.75,
      "kept_steps": 96,
      "active_test_mae": 0.003005456771638792,
      "test_mae": 0.0030054567716387916
    },
    {
      "fraction": 1.0,
      "kept_steps": 128,
      "active_test_mae": 0.003005456771638792,
      "test_mae": 0.0030054567716387916
    }
  ]
}