{
  "observation_mode": "event_traces",
  "time_axis_size": 128,
  "records": [
    {
      "fraction": 0.25,
      "kept_steps": 32,
      "active_test_mae": 0.003037544645631726,
      "test_mae": 0.0030375446456317257
    },
    {
      "fraction": 0.5,
      "kept_steps": 64,
      "active_test_mae": 0.0029884618414752684,
      "test_mae": 0.0029884618414752684
    },
    {
      "fraction": 0.75,
      "kept_steps": 96,
      "active_test_mae": 0.0029884618414752684,
      "test_mae": 0.0029884618414752684
    },
    {
      "fraction": 1.0,
      "kept_steps": 128,
      "active_test_mae": 0.0029884618414752684,
      "test_mae": 0.0029884618414752684
    }
  ]
}