{
  "observation_mode": "event_traces",
  "time_axis_size": 128,
  "records": [
    {
      "fraction": 0.25,
      "kept_steps": 32,
      "active_test_mae": 0.0012254760600330812,
      "test_mae": 0.0008169840400220541
    },
    {
      "fraction": 0.5,
      "kept_steps": 64,
      "active_test_mae": 0.0012256500024339402,
      "test_mae": 0.0008171000016226268
    },
    {
      "fraction": 0.75,
      "kept_steps": 96,
      "active_test_mae": 0.0012260860046792563,
      "test_mae": 0.000817390669786171
    },
    {
      "fraction": 1.0,
      "kept_steps": 128,
      "active_test_mae": 0.0012260860046792563,
      "test_mae": 0.000817390669786171
    }
  ]
}