{
    "train_mae": 0.0029188410070085913,
    "train_rmse": 0.004033462067138309,
    "test_mae": 0.002893328386495385,
    "test_rmse": 0.004159610721751607,
    "per_parameter_mae_train": {
        "s": 0.005387458208015654,
        "t0": 0.0005109749858577978,
        "x0": 0.002858089827152322
    },
    "per_parameter_mae_test": {
        "s": 0.005444616540868474,
        "t0": 0.00036670519288562603,
        "x0": 0.0028686634257320542
    },
    "per_parameter_rmse_train": {
        "s": 0.006198176118161255,
        "t0": 0.0005912944237001233,
        "x0": 0.0031685063443028707
    },
    "per_parameter_rmse_test": {
        "s": 0.006590444326020262,
        "t0": 0.00038637831857258183,
        "x0": 0.002885106488519463
    },
    "train_data_loss": 1.007824182510376,
    "train_physics_loss": 0.003764144144952297,
    "train_total_loss": 1.007824182510376,
    "train_actual_physics_residual": 2.0537377354301611e-10,
    "test_data_loss": 0.7999908328056335,
    "test_physics_loss": 0.004255626350641251,
    "test_total_loss": 0.7999908328056335,
    "test_actual_physics_residual": 2.212605099138898e-10,
    "training_time_seconds": 3.3733387219999713,
    "evaluation_time_seconds": 0.08380529100031708,
    "parameter_names": [
        "s",
        "t0",
        "x0"
    ],
    "timestamp": "2026-05-26T06:45:41.459475"
}