{
    "train_mae": 0.0029279280212473925,
    "train_rmse": 0.004232037841823055,
    "test_mae": 0.003011078712300491,
    "test_rmse": 0.004505795592449114,
    "per_parameter_mae_train": {
        "s": 0.005813426027121637,
        "t0": 0.0005753148183479949,
        "x0": 0.0023950432182725445
    },
    "per_parameter_mae_test": {
        "s": 0.006595826747294779,
        "t0": 0.00043208827611407156,
        "x0": 0.0020053211134926233
    },
    "per_parameter_rmse_train": {
        "s": 0.006746423484103745,
        "t0": 0.0006366330786215641,
        "x0": 0.002794798987441736
    },
    "per_parameter_rmse_test": {
        "s": 0.007418292336313788,
        "t0": 0.0005130889758197979,
        "x0": 0.002369020953618158
    },
    "train_data_loss": 1.007746696472168,
    "train_physics_loss": 0.004459477495402098,
    "train_total_loss": 1.007746696472168,
    "train_actual_physics_residual": 2.6961671784064833e-10,
    "test_data_loss": 0.8641312718391418,
    "test_physics_loss": 0.005391934886574745,
    "test_total_loss": 0.8641312718391418,
    "test_actual_physics_residual": 3.0572303022502467e-10,
    "training_time_seconds": 22.19064892499955,
    "evaluation_time_seconds": 0.3127814270010276,
    "parameter_names": [
        "s",
        "t0",
        "x0"
    ],
    "timestamp": "2026-05-24T20:48:31.859631"
}