{
  "train": {
    "event_abs_mean": 0.01487821713089943,
    "event_active_fraction_gt_1e_6": 0.01487821713089943,
    "spike_mean": 0.050875063985586166,
    "spike_active_fraction_gt_0p5": 0.0038045248948037624,
    "spike_count_per_sample_mean": 31.166667938232422,
    "first_spike_flat_index_mean": 45.156864166259766,
    "mem_abs_mean": 1.1793850660324097
  },
  "test": {
    "event_abs_mean": 0.014836238697171211,
    "event_active_fraction_gt_1e_6": 0.014836238697171211,
    "spike_mean": 0.050865091383457184,
    "spike_active_fraction_gt_0p5": 0.0037513147108256817,
    "spike_count_per_sample_mean": 30.730770111083984,
    "first_spike_flat_index_mean": 53.96154022216797,
    "mem_abs_mean": 1.1795525550842285
  }
}