{
    "train_mae": 0.002424780199823296,
    "train_rmse": 0.003497026672564292,
    "test_mae": 0.002504780123956775,
    "test_rmse": 0.004074866437333956,
    "per_parameter_mae_train": {
        "s": 0.004615935785934982,
        "t0": 0.00039000357169712116,
        "x0": 0.0022684012418377852
    },
    "per_parameter_mae_test": {
        "s": 0.005230090639482051,
        "t0": 0.0005462101682567055,
        "x0": 0.0017380395641315677
    },
    "per_parameter_rmse_train": {
        "s": 0.005450827181308814,
        "t0": 0.0004961886621870416,
        "x0": 0.0025941986232554154
    },
    "per_parameter_rmse_test": {
        "s": 0.00674878034986988,
        "t0": 0.0006243432948927183,
        "x0": 0.0019692050897925474
    },
    "train_data_loss": 0.8100796937942505,
    "train_physics_loss": 0.002911123912781477,
    "train_total_loss": 0.8100796937942505,
    "train_actual_physics_residual": 2.364869966520189e-10,
    "test_data_loss": 1.0213602781295776,
    "test_physics_loss": 0.004462589509785175,
    "test_total_loss": 1.0213602781295776,
    "test_actual_physics_residual": 3.2109151448800333e-10,
    "training_time_seconds": 7.848028217000319,
    "evaluation_time_seconds": 0.17248204899988195,
    "parameter_names": [
        "s",
        "t0",
        "x0"
    ],
    "timestamp": "2026-05-26T19:04:14.062965"
}