{
    "train_mae": 0.002669163993948881,
    "train_rmse": 0.0038674487099321403,
    "test_mae": 0.002830849508234125,
    "test_rmse": 0.003974819976971511,
    "per_parameter_mae_train": {
        "s": 0.00516771786750817,
        "t0": 0.0005205413663062331,
        "x0": 0.002319232748032241
    },
    "per_parameter_mae_test": {
        "s": 0.005448388384240153,
        "t0": 0.0007262869218995194,
        "x0": 0.0023178732185627025
    },
    "per_parameter_rmse_train": {
        "s": 0.006079850094096648,
        "t0": 0.0005860842038957152,
        "x0": 0.002750164851626941
    },
    "per_parameter_rmse_test": {
        "s": 0.006272789991949437,
        "t0": 0.0007576460577531765,
        "x0": 0.0027341652686085826
    },
    "train_data_loss": 0.9723116159439087,
    "train_physics_loss": 0.0036217854358255863,
    "train_total_loss": 0.9723116159439087,
    "train_actual_physics_residual": 2.6906588068698056e-10,
    "test_data_loss": 1.2073321342468262,
    "test_physics_loss": 0.003855308284983039,
    "test_total_loss": 1.2073321342468262,
    "test_actual_physics_residual": 2.949215871517197e-10,
    "training_time_seconds": 1.7604967050001505,
    "evaluation_time_seconds": 0.031428022000000055,
    "parameter_names": [
        "s",
        "t0",
        "x0"
    ],
    "timestamp": "2026-05-26T13:38:54.950133"
}