{
  "train": {
    "event_abs_mean": 0.015625,
    "event_active_fraction_gt_1e_6": 0.015625,
    "spike_mean": 0.06958681344985962,
    "spike_active_fraction_gt_0p5": 0.006437413860112429,
    "spike_count_per_sample_mean": 52.735294342041016,
    "first_spike_flat_index_mean": 302.48040771484375,
    "mem_abs_mean": 1.092360019683838
  },
  "test": {
    "event_abs_mean": 0.015625,
    "event_active_fraction_gt_1e_6": 0.015625,
    "spike_mean": 0.06958125531673431,
    "spike_active_fraction_gt_0p5": 0.006366436369717121,
    "spike_count_per_sample_mean": 52.153846740722656,
    "first_spike_flat_index_mean": 362.423095703125,
    "mem_abs_mean": 1.0924149751663208
  }
}