{
    "train_mae": 0.0005197404392428056,
    "train_rmse": 0.001133479218275858,
    "test_mae": 0.0005593057457337639,
    "test_rmse": 0.0012371432411094974,
    "per_parameter_mae_train": {
        "a": 0.0003639790375946069,
        "d": 0.0021685925080483152,
        "epsilon": 9.499490256914545e-11,
        "k": 0.0,
        "mu1": 0.0005858590738900432,
        "mu2": 1.1920928966180355e-08
    },
    "per_parameter_mae_test": {
        "a": 0.00041614673300855305,
        "d": 0.002231047136084624,
        "epsilon": 9.499490256914545e-11,
        "k": 0.0,
        "mu1": 0.0007086285893855377,
        "mu2": 1.1920928966180355e-08
    },
    "per_parameter_rmse_train": {
        "a": 0.00046181384360756455,
        "d": 0.002635816780477316,
        "epsilon": 9.499490256914543e-11,
        "k": 0.0,
        "mu1": 0.0007401680235216789,
        "mu2": 1.1920928966180355e-08
    },
    "per_parameter_rmse_test": {
        "a": 0.00048289684794545275,
        "d": 0.0028657095268876235,
        "epsilon": 9.499490256914545e-11,
        "k": 0.0,
        "mu1": 0.0008588713150089537,
        "mu2": 1.1920928966180354e-08
    },
    "train_data_loss": 0.27840131521224976,
    "train_physics_loss": 0.0,
    "train_total_loss": 0.27840131521224976,
    "train_actual_physics_residual": 0.0,
    "test_data_loss": 0.3396194577217102,
    "test_physics_loss": 0.0,
    "test_total_loss": 0.3396194577217102,
    "test_actual_physics_residual": 0.0,
    "training_time_seconds": 116.79879609099589,
    "evaluation_time_seconds": 0.44735289799427846,
    "parameter_names": [
        "a",
        "d",
        "epsilon",
        "k",
        "mu1",
        "mu2"
    ],
    "timestamp": "2026-06-18T07:36:51.595528"
}