{
  "train": {
    "event_abs_mean": 0.015625,
    "event_active_fraction_gt_1e_6": 0.015625,
    "spike_mean": 0.03447053208947182,
    "spike_active_fraction_gt_0p5": 0.00315755233168602,
    "spike_count_per_sample_mean": 8.083333969116211,
    "first_spike_flat_index_mean": 851.5,
    "mem_abs_mean": 1.69507896900177
  },
  "test": {
    "event_abs_mean": 0.015625,
    "event_active_fraction_gt_1e_6": 0.015625,
    "spike_mean": 0.03448193892836571,
    "spike_active_fraction_gt_0p5": 0.00341796875,
    "spike_count_per_sample_mean": 8.75,
    "first_spike_flat_index_mean": 804.0,
    "mem_abs_mean": 1.6949118375778198
  }
}