{
  "observation_mode": "event_traces",
  "time_axis_size": 128,
  "records": [
    {
      "fraction": 0.25,
      "kept_steps": 32,
      "active_test_mae": 0.0029854591617483627,
      "test_mae": 0.0029854591617483627
    },
    {
      "fraction": 0.5,
      "kept_steps": 64,
      "active_test_mae": 0.002975266767491771,
      "test_mae": 0.002975266767491771
    },
    {
      "fraction": 0.75,
      "kept_steps": 96,
      "active_test_mae": 0.0029751096844175193,
      "test_mae": 0.0029751096844175193
    },
    {
      "fraction": 1.0,
      "kept_steps": 128,
      "active_test_mae": 0.0029751096844175193,
      "test_mae": 0.0029751096844175193
    }
  ]
}