{
    "train_mae": 0.00047822092929895166,
    "train_rmse": 0.00107098913420228,
    "test_mae": 0.0005382200823337688,
    "test_rmse": 0.0012109270330297205,
    "per_parameter_mae_train": {
        "a": 0.0003030693601326872,
        "d": 0.00203700142912642,
        "epsilon": 9.499490256914545e-11,
        "k": 0.0,
        "mu1": 0.0005292427706107337,
        "mu2": 1.1920928966180355e-08
    },
    "per_parameter_mae_test": {
        "a": 0.00033537973467564136,
        "d": 0.0023110262793220484,
        "epsilon": 9.499490256914545e-11,
        "k": 0.0,
        "mu1": 0.0005829024640810535,
        "mu2": 1.1920928966180355e-08
    },
    "per_parameter_rmse_train": {
        "a": 0.00037615713702235707,
        "d": 0.002509480009313768,
        "epsilon": 9.499490256914543e-11,
        "k": 0.0,
        "mu1": 0.0006656742780487261,
        "mu2": 1.1920928966180357e-08
    },
    "per_parameter_rmse_test": {
        "a": 0.00042962073175886414,
        "d": 0.002839424946891829,
        "epsilon": 9.499490256914543e-11,
        "k": 0.0,
        "mu1": 0.0007423999418118021,
        "mu2": 1.1920928966180355e-08
    },
    "train_data_loss": 0.008689983747899532,
    "train_physics_loss": 0.0,
    "train_total_loss": 0.008689983747899532,
    "train_actual_physics_residual": 0.0,
    "test_data_loss": 0.011037932708859444,
    "test_physics_loss": 0.0,
    "test_total_loss": 0.011037932708859444,
    "test_actual_physics_residual": 0.0,
    "training_time_seconds": 61.951715052997315,
    "evaluation_time_seconds": 0.056071687999065034,
    "parameter_names": [
        "a",
        "d",
        "epsilon",
        "k",
        "mu1",
        "mu2"
    ],
    "timestamp": "2026-06-19T18:17:41.995063"
}