{
  "train": {
    "event_abs_mean": 0.015369690023362637,
    "event_active_fraction_gt_1e_6": 0.015369690023362637,
    "spike_mean": 0.05940280109643936,
    "spike_active_fraction_gt_0p5": 0.004833027254790068,
    "spike_count_per_sample_mean": 12.372549057006836,
    "first_spike_flat_index_mean": 141.80392456054688,
    "mem_abs_mean": 0.8275583386421204
  },
  "test": {
    "event_abs_mean": 0.01522435899823904,
    "event_active_fraction_gt_1e_6": 0.01522435899823904,
    "spike_mean": 0.059420082718133926,
    "spike_active_fraction_gt_0p5": 0.004747596103698015,
    "spike_count_per_sample_mean": 12.153846740722656,
    "first_spike_flat_index_mean": 147.07693481445312,
    "mem_abs_mean": 0.828070878982544
  }
}