{
    "train_mae": 0.0005539061556833411,
    "train_rmse": 0.0012365549076777886,
    "test_mae": 0.0005506363249781061,
    "test_rmse": 0.001218891105332917,
    "per_parameter_mae_train": {
        "a": 0.0003727296269275596,
        "d": 0.002321914842908326,
        "epsilon": 9.499490256914545e-11,
        "k": 0.0,
        "mu1": 0.0006287804483402923,
        "mu2": 1.1920928966180355e-08
    },
    "per_parameter_mae_test": {
        "a": 0.0003957100441326036,
        "d": 0.002198636693580641,
        "epsilon": 9.499490256914545e-11,
        "k": 0.0,
        "mu1": 0.0007094591962315238,
        "mu2": 1.1920928966180355e-08
    },
    "per_parameter_rmse_train": {
        "a": 0.00046611712659659795,
        "d": 0.00289005248816747,
        "epsilon": 9.499490256914543e-11,
        "k": 0.0,
        "mu1": 0.0007776500999809437,
        "mu2": 1.1920928966180355e-08
    },
    "per_parameter_rmse_test": {
        "a": 0.0004848950828620648,
        "d": 0.0028068402363397664,
        "epsilon": 9.499490256914545e-11,
        "k": 0.0,
        "mu1": 0.0008948171914399055,
        "mu2": 1.1920928966180354e-08
    },
    "train_data_loss": 0.30450430512428284,
    "train_physics_loss": 0.0,
    "train_total_loss": 0.30450430512428284,
    "train_actual_physics_residual": 0.0,
    "test_data_loss": 0.351346880197525,
    "test_physics_loss": 0.0,
    "test_total_loss": 0.351346880197525,
    "test_actual_physics_residual": 0.0,
    "training_time_seconds": 106.57294335700135,
    "evaluation_time_seconds": 0.4064301769976737,
    "parameter_names": [
        "a",
        "d",
        "epsilon",
        "k",
        "mu1",
        "mu2"
    ],
    "timestamp": "2026-06-18T01:43:29.335128"
}