{
    "train_mae": 0.0005174660774498622,
    "train_rmse": 0.000776552974314971,
    "test_mae": 0.0007803252377985315,
    "test_rmse": 0.0013263895735193116,
    "per_parameter_mae_train": {
        "s": 0.0010079003519350633,
        "t0": 0.0002107351914532521,
        "x0": 0.0003337626889612715
    },
    "per_parameter_mae_test": {
        "s": 0.00151467968162352,
        "t0": 0.00035216014696546905,
        "x0": 0.00047413588480660563
    },
    "per_parameter_rmse_train": {
        "s": 0.001253169127212337,
        "t0": 0.0002666358634108236,
        "x0": 0.00040936050212168505
    },
    "per_parameter_rmse_test": {
        "s": 0.002165579106924453,
        "t0": 0.00042009849165987784,
        "x0": 0.0006416481054126212
    },
    "train_data_loss": 0.07857166975736618,
    "train_physics_loss": 0.0001538731885375455,
    "train_total_loss": 0.07857166975736618,
    "train_actual_physics_residual": 2.6961671784064833e-10,
    "test_data_loss": 0.20066051185131073,
    "test_physics_loss": 0.0004595017817337066,
    "test_total_loss": 0.20066051185131073,
    "test_actual_physics_residual": 3.0572303022502467e-10,
    "training_time_seconds": 29.393492808998417,
    "evaluation_time_seconds": 0.11559983600091073,
    "parameter_names": [
        "s",
        "t0",
        "x0"
    ],
    "timestamp": "2026-05-24T04:00:12.842387"
}