{
  "observation_mode": "event_traces",
  "time_axis_size": 128,
  "records": [
    {
      "fraction": 0.25,
      "kept_steps": 32,
      "active_test_mae": 0.002549644545109543,
      "test_mae": 0.002549644545109543
    },
    {
      "fraction": 0.5,
      "kept_steps": 64,
      "active_test_mae": 0.0015401283322411337,
      "test_mae": 0.0015401283322411337
    },
    {
      "fraction": 0.75,
      "kept_steps": 96,
      "active_test_mae": 0.0015401283322411337,
      "test_mae": 0.0015401283322411337
    },
    {
      "fraction": 1.0,
      "kept_steps": 128,
      "active_test_mae": 0.0015401283322411337,
      "test_mae": 0.0015401283322411337
    }
  ]
}