{
    "train_mae": 0.00042604056612349767,
    "train_rmse": 0.0006772712641369144,
    "test_mae": 0.00084097042088806,
    "test_rmse": 0.0013328529022810047,
    "per_parameter_mae_train": {
        "s": 0.0008823384166170295,
        "t0": 0.0001321380319933711,
        "x0": 0.0002636452497600925
    },
    "per_parameter_mae_test": {
        "s": 0.0017104213365019677,
        "t0": 0.00037483880542707405,
        "x0": 0.00043765112073513814
    },
    "per_parameter_rmse_train": {
        "s": 0.0011094648407146094,
        "t0": 0.00018070942635669955,
        "x0": 0.0003354414496164442
    },
    "per_parameter_rmse_test": {
        "s": 0.002201921950152708,
        "t0": 0.00043963380429365596,
        "x0": 0.0005364255968115956
    },
    "train_data_loss": 0.041337642818689346,
    "train_physics_loss": 0.00012060662265866995,
    "train_total_loss": 0.041337642818689346,
    "train_actual_physics_residual": 2.6961671784064833e-10,
    "test_data_loss": 0.2107018679380417,
    "test_physics_loss": 0.0004750509397126734,
    "test_total_loss": 0.2107018679380417,
    "test_actual_physics_residual": 3.0572303022502467e-10,
    "training_time_seconds": 26.965381967998837,
    "evaluation_time_seconds": 0.13067406800109893,
    "parameter_names": [
        "s",
        "t0",
        "x0"
    ],
    "timestamp": "2026-05-24T04:00:48.107839"
}