{
  "train": {
    "event_abs_mean": 0.015625,
    "event_active_fraction_gt_1e_6": 0.015625,
    "spike_mean": 0.10294034332036972,
    "spike_active_fraction_gt_0p5": 0.008656250312924385,
    "spike_count_per_sample_mean": 22.15999984741211,
    "first_spike_flat_index_mean": 143.95999145507812,
    "mem_abs_mean": 1.5187691450119019
  },
  "test": {
    "event_abs_mean": 0.015625,
    "event_active_fraction_gt_1e_6": 0.015625,
    "spike_mean": 0.10291866958141327,
    "spike_active_fraction_gt_0p5": 0.008649553172290325,
    "spike_count_per_sample_mean": 22.142858505249023,
    "first_spike_flat_index_mean": 147.0,
    "mem_abs_mean": 1.5189458131790161
  }
}