{
  "observation_mode": "event_traces",
  "time_axis_size": 128,
  "records": [
    {
      "fraction": 0.25,
      "kept_steps": 32,
      "active_test_mae": 0.003121303706350746,
      "test_mae": 0.0031213037063507463
    },
    {
      "fraction": 0.5,
      "kept_steps": 64,
      "active_test_mae": 0.002973572326643711,
      "test_mae": 0.002973572326643711
    },
    {
      "fraction": 0.75,
      "kept_steps": 96,
      "active_test_mae": 0.0029432587196779247,
      "test_mae": 0.0029432587196779247
    },
    {
      "fraction": 1.0,
      "kept_steps": 128,
      "active_test_mae": 0.0029432587196779247,
      "test_mae": 0.0029432587196779247
    }
  ]
}