{
    "train_mae": 1.2994541812301936e-05,
    "train_rmse": 3.113344054424593e-05,
    "test_mae": 1.067874601537323e-05,
    "test_rmse": 2.112058573436379e-05,
    "per_parameter_mae_train": {
        "alpha": 4.5174407874259966e-06,
        "beta": 0.0,
        "gamma": 3.4466184649479814e-05
    },
    "per_parameter_mae_test": {
        "alpha": 3.7862797820206344e-06,
        "beta": 0.0,
        "gamma": 2.8249958264099056e-05
    },
    "per_parameter_rmse_train": {
        "alpha": 7.923480011194365e-06,
        "beta": 0.0,
        "gamma": 5.333940217961288e-05
    },
    "per_parameter_rmse_test": {
        "alpha": 4.932710468806865e-06,
        "beta": 0.0,
        "gamma": 3.624783845581357e-05
    },
    "train_data_loss": 9.69291120122096e-10,
    "train_physics_loss": 1.0380931506387588e-10,
    "train_total_loss": 1.073100435185972e-09,
    "train_actual_physics_residual": 1.0380931506387588e-10,
    "test_data_loss": 4.460791417626113e-10,
    "test_physics_loss": 1.0454474297922537e-10,
    "test_total_loss": 5.506238847418367e-10,
    "test_actual_physics_residual": 1.0454474297922537e-10,
    "training_time_seconds": 4.307697852000274,
    "evaluation_time_seconds": 5.771999894932378e-06,
    "parameter_names": [
        "alpha",
        "beta",
        "gamma"
    ],
    "timestamp": "2026-07-01T15:34:32.665217"
}