{
  "observation_mode": "event_traces",
  "time_axis_size": 128,
  "records": [
    {
      "fraction": 0.25,
      "kept_steps": 32,
      "active_test_mae": 0.002543281741032074,
      "test_mae": 0.002543281741032074
    },
    {
      "fraction": 0.5,
      "kept_steps": 64,
      "active_test_mae": 0.002545071981821145,
      "test_mae": 0.002545071981821145
    },
    {
      "fraction": 0.75,
      "kept_steps": 96,
      "active_test_mae": 0.002545071981821145,
      "test_mae": 0.002545071981821145
    },
    {
      "fraction": 1.0,
      "kept_steps": 128,
      "active_test_mae": 0.002545071981821145,
      "test_mae": 0.002545071981821145
    }
  ]
}