{
    "train_mae": 0.0028190546069556716,
    "train_rmse": 0.003977548295700908,
    "test_mae": 0.00250975801098022,
    "test_rmse": 0.004082529230019037,
    "per_parameter_mae_train": {
        "s": 0.00535331869791027,
        "t0": 0.00044186815953117185,
        "x0": 0.002661976963425574
    },
    "per_parameter_mae_test": {
        "s": 0.005468952310476187,
        "t0": 0.0005516712157614996,
        "x0": 0.0015086505067029735
    },
    "per_parameter_rmse_train": {
        "s": 0.006167127853439954,
        "t0": 0.0005227546448463004,
        "x0": 0.0030258772206611965
    },
    "per_parameter_rmse_test": {
        "s": 0.006811828423237549,
        "t0": 0.0005718759908525579,
        "x0": 0.0018091672463702614
    },
    "train_data_loss": 1.005645513534546,
    "train_physics_loss": 0.003726509166881442,
    "train_total_loss": 1.005645513534546,
    "train_actual_physics_residual": 2.364869966520189e-10,
    "test_data_loss": 0.9302128553390503,
    "test_physics_loss": 0.004546363838016987,
    "test_total_loss": 0.9302128553390503,
    "test_actual_physics_residual": 3.2109151448800333e-10,
    "training_time_seconds": 2.423095123999701,
    "evaluation_time_seconds": 0.10345558100016206,
    "parameter_names": [
        "s",
        "t0",
        "x0"
    ],
    "timestamp": "2026-05-26T19:09:47.355354"
}