{
    "train_mae": 0.0015529080663688026,
    "train_rmse": 0.002215250091338391,
    "test_mae": 0.0012551060828612098,
    "test_rmse": 0.001985538981911069,
    "per_parameter_mae_train": {
        "s": 0.0024159882407167044,
        "t0": 0.0004220128194888766,
        "x0": 0.001820723138900827
    },
    "per_parameter_mae_test": {
        "s": 0.0028444533195092214,
        "t0": 0.00028560989481803134,
        "x0": 0.0006352550342563767
    },
    "per_parameter_rmse_train": {
        "s": 0.003257365410730841,
        "t0": 0.0005289898308914647,
        "x0": 0.0019574828840406163
    },
    "per_parameter_rmse_test": {
        "s": 0.0033496183365344487,
        "t0": 0.00037679501450727594,
        "x0": 0.0006820393409914015
    },
    "train_data_loss": 0.4916645288467407,
    "train_physics_loss": 0.0010396171128377318,
    "train_total_loss": 0.4916645288467407,
    "train_actual_physics_residual": 2.0537377354301611e-10,
    "test_data_loss": 0.251495361328125,
    "test_physics_loss": 0.0010993154719471931,
    "test_total_loss": 0.251495361328125,
    "test_actual_physics_residual": 2.212605099138898e-10,
    "training_time_seconds": 3.531572339000377,
    "evaluation_time_seconds": 0.09301337899978535,
    "parameter_names": [
        "s",
        "t0",
        "x0"
    ],
    "timestamp": "2026-05-26T16:30:28.493743"
}