{
    "train_mae": 0.0015619379077297596,
    "train_rmse": 0.00256225790460619,
    "test_mae": 0.0018594225552542858,
    "test_rmse": 0.0029769251774599535,
    "per_parameter_mae_train": {
        "s": 0.0031914084469092645,
        "t0": 0.0005340755531591402,
        "x0": 0.0009603297231208742
    },
    "per_parameter_mae_test": {
        "s": 0.004019838489938716,
        "t0": 0.00042655842609280254,
        "x0": 0.0011318707497313396
    },
    "per_parameter_rmse_train": {
        "s": 0.004217220396741646,
        "t0": 0.0006064637115609437,
        "x0": 0.0012420751189105546
    },
    "per_parameter_rmse_test": {
        "s": 0.004939176390856557,
        "t0": 0.0005117522844163921,
        "x0": 0.0013888472615751267
    },
    "train_data_loss": 0.506044864654541,
    "train_physics_loss": 0.0017425667028874159,
    "train_total_loss": 0.506044864654541,
    "train_actual_physics_residual": 2.6961671784064833e-10,
    "test_data_loss": 0.4816536009311676,
    "test_physics_loss": 0.0023902638349682093,
    "test_total_loss": 0.4816536009311676,
    "test_actual_physics_residual": 3.0572303022502467e-10,
    "training_time_seconds": 19.831109653000567,
    "evaluation_time_seconds": 0.23710219799977494,
    "parameter_names": [
        "s",
        "t0",
        "x0"
    ],
    "timestamp": "2026-05-26T04:50:04.321836"
}