{
    "train_mae": 0.002932048109903896,
    "train_rmse": 0.003998936119216368,
    "test_mae": 0.002936105894992623,
    "test_rmse": 0.00410267273069653,
    "per_parameter_mae_train": {
        "s": 0.005356056494326485,
        "t0": 0.0005043232219830834,
        "x0": 0.002935764613402119
    },
    "per_parameter_mae_test": {
        "s": 0.0055859391536309255,
        "t0": 0.0003439846473553068,
        "x0": 0.0028783938839916368
    },
    "per_parameter_rmse_train": {
        "s": 0.006124630691889129,
        "t0": 0.0005735899998390323,
        "x0": 0.003183451532028429
    },
    "per_parameter_rmse_test": {
        "s": 0.0064779916212375195,
        "t0": 0.0003645902607804289,
        "x0": 0.0028980112322976466
    },
    "train_data_loss": 0.9829941987991333,
    "train_physics_loss": 0.003675346029922366,
    "train_total_loss": 0.9829941987991333,
    "train_actual_physics_residual": 2.0537377354301611e-10,
    "test_data_loss": 0.7737128138542175,
    "test_physics_loss": 0.004111638758331537,
    "test_total_loss": 0.7737128138542175,
    "test_actual_physics_residual": 2.212605099138898e-10,
    "training_time_seconds": 0.5339245709997158,
    "evaluation_time_seconds": 0.02920162199961851,
    "parameter_names": [
        "s",
        "t0",
        "x0"
    ],
    "timestamp": "2026-05-26T13:38:05.949158"
}