{
    "train_mae": 0.0028018364425102926,
    "train_rmse": 0.0039693939298308615,
    "test_mae": 0.0025395658492147,
    "test_rmse": 0.004121404769574743,
    "per_parameter_mae_train": {
        "s": 0.0053424086637305825,
        "t0": 0.00043100946926510284,
        "x0": 0.002632091194535193
    },
    "per_parameter_mae_test": {
        "s": 0.0055075250305951185,
        "t0": 0.0005491114091421279,
        "x0": 0.0015620611079068536
    },
    "per_parameter_rmse_train": {
        "s": 0.0061600559836663595,
        "t0": 0.0005205038480785214,
        "x0": 0.0030084963906852192
    },
    "per_parameter_rmse_test": {
        "s": 0.006871214200429276,
        "t0": 0.0005704180320655752,
        "x0": 0.0018490458362446878
    },
    "train_data_loss": 0.9981712102890015,
    "train_physics_loss": 0.0037179680075496435,
    "train_total_loss": 0.9981712102890015,
    "train_actual_physics_residual": 2.364869966520189e-10,
    "test_data_loss": 0.9407210946083069,
    "test_physics_loss": 0.004625979345291853,
    "test_total_loss": 0.9407210946083069,
    "test_actual_physics_residual": 3.2109151448800333e-10,
    "training_time_seconds": 0.5958334470014961,
    "evaluation_time_seconds": 0.02528669700041064,
    "parameter_names": [
        "s",
        "t0",
        "x0"
    ],
    "timestamp": "2026-05-26T09:05:33.742980"
}