{
    "train_mae": 0.0027397951344044127,
    "train_rmse": 0.0039644401037494,
    "test_mae": 0.002712531327718044,
    "test_rmse": 0.004354922160137796,
    "per_parameter_mae_train": {
        "s": 0.0051744952268409335,
        "t0": 0.0004314591846607768,
        "x0": 0.002613430991711527
    },
    "per_parameter_mae_test": {
        "s": 0.0058626491896355114,
        "t0": 0.0005478213943302033,
        "x0": 0.0017271233991884175
    },
    "per_parameter_rmse_train": {
        "s": 0.006140555312654562,
        "t0": 0.0005227024369303289,
        "x0": 0.003028319438782276
    },
    "per_parameter_rmse_test": {
        "s": 0.0072536351138726305,
        "t0": 0.0005700700420552658,
        "x0": 0.0019889290697565998
    },
    "train_data_loss": 1.0032230615615845,
    "train_physics_loss": 0.003694467479363084,
    "train_total_loss": 1.0032230615615845,
    "train_actual_physics_residual": 2.364869966520189e-10,
    "test_data_loss": 1.0077658891677856,
    "test_physics_loss": 0.0051552304066717625,
    "test_total_loss": 1.0077658891677856,
    "test_actual_physics_residual": 3.2109151448800333e-10,
    "training_time_seconds": 0.8077367640007651,
    "evaluation_time_seconds": 0.1077406250005879,
    "parameter_names": [
        "s",
        "t0",
        "x0"
    ],
    "timestamp": "2026-05-26T16:39:27.156836"
}