{
  "train": {
    "event_abs_mean": 0.015625,
    "event_active_fraction_gt_1e_6": 0.015625,
    "spike_mean": 0.11035024374723434,
    "spike_active_fraction_gt_0p5": 0.00742187537252903,
    "spike_count_per_sample_mean": 19.0,
    "first_spike_flat_index_mean": 271.5199890136719,
    "mem_abs_mean": 1.3682347536087036
  },
  "test": {
    "event_abs_mean": 0.015625,
    "event_active_fraction_gt_1e_6": 0.015625,
    "spike_mean": 0.11034827679395676,
    "spike_active_fraction_gt_0p5": 0.0073102680034935474,
    "spike_count_per_sample_mean": 18.71428680419922,
    "first_spike_flat_index_mean": 271.2857360839844,
    "mem_abs_mean": 1.3682941198349
  }
}