{
  "observation_mode": "event_traces",
  "time_axis_size": 128,
  "records": [
    {
      "fraction": 0.25,
      "kept_steps": 32,
      "active_test_mae": 0.0030056216746070716,
      "test_mae": 0.0030056216746070716
    },
    {
      "fraction": 0.5,
      "kept_steps": 64,
      "active_test_mae": 0.002939689003378027,
      "test_mae": 0.002939689003378027
    },
    {
      "fraction": 0.75,
      "kept_steps": 96,
      "active_test_mae": 0.002916248855938388,
      "test_mae": 0.002916248855938388
    },
    {
      "fraction": 1.0,
      "kept_steps": 128,
      "active_test_mae": 0.002916248855938388,
      "test_mae": 0.002916248855938388
    }
  ]
}