{
  "observation_mode": "event_traces",
  "n_sensors": 12,
  "train": {
    "sample_count": 102,
    "feature_count": 1536,
    "active_fraction": 0.03767744076797386,
    "active_entries_per_sample_mean": 57.872549019607845,
    "first_active_flat_index_mean": 24.57843137254902,
    "active_fraction_gt_0p5": 0.03767744076797386,
    "active_entries_per_sample_mean_gt_0p5": 57.872549019607845,
    "first_active_flat_index_mean_gt_0p5": 24.57843137254902
  },
  "test": {
    "sample_count": 26,
    "feature_count": 1536,
    "active_fraction": 0.03605769230769231,
    "active_entries_per_sample_mean": 55.38461538461539,
    "first_active_flat_index_mean": 22.576923076923077,
    "active_fraction_gt_0p5": 0.03605769230769231,
    "active_entries_per_sample_mean_gt_0p5": 55.38461538461539,
    "first_active_flat_index_mean_gt_0p5": 22.576923076923077
  }
}