{
  "train_polynomial_residual": {
    "mean": 0.00033788844465630847,
    "median": 0.0003728876630921367,
    "max": 0.0006149815600085231,
    "mse": 1.489879863410622e-07
  },
  "test_polynomial_residual": {
    "mean": 0.00034021220195887237,
    "median": 0.0003736501260206131,
    "max": 0.0005685380027781021,
    "mse": 1.603127096182245e-07
  },
  "train_forward_linear_error": {
    "mean": 0.00021975851854844091,
    "median": 0.00020019749624919839,
    "max": 0.0005136672691139572,
    "mse": 7.573422998561572e-08
  },
  "test_forward_linear_error": {
    "mean": 0.00011358443694803052,
    "median": 8.341295915436278e-05,
    "max": 0.0003053644261007466,
    "mse": 2.0642994691773452e-08
  },
  "train_forward_quadratic_error": {
    "mean": 1.4291805375933738e-05,
    "median": 1.441028248257596e-05,
    "max": 1.551912082295797e-05,
    "mse": 2.0479734121495156e-10
  },
  "test_forward_quadratic_error": {
    "mean": 1.383468748164077e-05,
    "median": 1.3858839045202032e-05,
    "max": 1.4679479748398358e-05,
    "mse": 1.9174038195528314e-10
  },
  "train_observed_forward_residual": {
    "mean": 0.00033752555482302084,
    "median": 0.0003734683339818467,
    "max": 0.0006138531522879105,
    "mse": 1.486630190897994e-07
  },
  "test_observed_forward_residual": {
    "mean": 0.0003397724650041795,
    "median": 0.0003732858056348649,
    "max": 0.0005675010709540279,
    "mse": 1.5986300235945104e-07
  },
  "train_clean_forward_residual": {
    "mean": 0.00033665406781203423,
    "median": 0.0003733758507112734,
    "max": 0.000613698458711833,
    "mse": 1.4852336728602356e-07
  },
  "test_clean_forward_residual": {
    "mean": 0.00033851484455486554,
    "median": 0.0003737768685457777,
    "max": 0.0005664288507874906,
    "mse": 1.5941759674230288e-07
  },
  "train_observation_noise_floor": {
    "mean": 1.4134642406195077e-05,
    "median": 1.4339923449345069e-05,
    "max": 1.5312378993319748e-05,
    "mse": 2.0025988529165444e-10
  },
  "test_observation_noise_floor": {
    "mean": 1.376533499511875e-05,
    "median": 1.3693375603748957e-05,
    "max": 1.4597991709935976e-05,
    "mse": 1.8979072195724866e-10
  }
}
