{
  "observation_mode": "event_traces",
  "time_axis_size": 128,
  "records": [
    {
      "fraction": 0.25,
      "kept_steps": 32,
      "active_test_mae": 0.0028503368487562187,
      "test_mae": 0.0028503368487562187
    },
    {
      "fraction": 0.5,
      "kept_steps": 64,
      "active_test_mae": 0.0028537033649428598,
      "test_mae": 0.0028537033649428598
    },
    {
      "fraction": 0.75,
      "kept_steps": 96,
      "active_test_mae": 0.002853646434865478,
      "test_mae": 0.002853646434865478
    },
    {
      "fraction": 1.0,
      "kept_steps": 128,
      "active_test_mae": 0.002853646434865478,
      "test_mae": 0.002853646434865478
    }
  ]
}