{
  "observation_mode": "event_traces",
  "time_axis_size": 128,
  "records": [
    {
      "fraction": 0.25,
      "kept_steps": 32,
      "active_test_mae": 0.0020067294106118983,
      "test_mae": 0.0020067294106118983
    },
    {
      "fraction": 0.5,
      "kept_steps": 64,
      "active_test_mae": 0.002233402445526245,
      "test_mae": 0.002233402445526245
    },
    {
      "fraction": 0.75,
      "kept_steps": 96,
      "active_test_mae": 0.002233402445526245,
      "test_mae": 0.002233402445526245
    },
    {
      "fraction": 1.0,
      "kept_steps": 128,
      "active_test_mae": 0.002233402445526245,
      "test_mae": 0.002233402445526245
    }
  ]
}