{
    "train_mae": 0.002718486927852121,
    "train_rmse": 0.003999205049110926,
    "test_mae": 0.0028552480182237605,
    "test_rmse": 0.004049135229081329,
    "per_parameter_mae_train": {
        "s": 0.005328405832925548,
        "t0": 0.0005135606105563623,
        "x0": 0.002313494340074453
    },
    "per_parameter_mae_test": {
        "s": 0.005778392546877167,
        "t0": 0.0007395575521858095,
        "x0": 0.0020477939556083047
    },
    "per_parameter_rmse_train": {
        "s": 0.006324689354601634,
        "t0": 0.000593989867851456,
        "x0": 0.0027615944088843934
    },
    "per_parameter_rmse_test": {
        "s": 0.006558524277471372,
        "t0": 0.000758910889672293,
        "x0": 0.0023656504123640005
    },
    "train_data_loss": 1.0093376636505127,
    "train_physics_loss": 0.003919363021850586,
    "train_total_loss": 1.0093376636505127,
    "train_actual_physics_residual": 2.6906588068698056e-10,
    "test_data_loss": 1.1559311151504517,
    "test_physics_loss": 0.004214535467326641,
    "test_total_loss": 1.1559311151504517,
    "test_actual_physics_residual": 2.949215871517197e-10,
    "training_time_seconds": 1.3325714039992818,
    "evaluation_time_seconds": 0.22139874000004056,
    "parameter_names": [
        "s",
        "t0",
        "x0"
    ],
    "timestamp": "2026-05-26T16:38:10.606914"
}