{
    "train_mae": 0.00243221157275047,
    "train_rmse": 0.003573267564023197,
    "test_mae": 0.0024573576145111185,
    "test_rmse": 0.003619375649222447,
    "per_parameter_mae_train": {
        "s": 0.0048938559123755205,
        "t0": 0.00038984567299354766,
        "x0": 0.002012933132882341
    },
    "per_parameter_mae_test": {
        "s": 0.004986274478378952,
        "t0": 0.0007328119111376716,
        "x0": 0.0016529864540167317
    },
    "per_parameter_rmse_train": {
        "s": 0.005664831864536441,
        "t0": 0.0004819813643707906,
        "x0": 0.0024458326114500713
    },
    "per_parameter_rmse_test": {
        "s": 0.005838381339780478,
        "t0": 0.0008084355639467597,
        "x0": 0.0021352694304940583
    },
    "train_data_loss": 0.7554435133934021,
    "train_physics_loss": 0.0031442029867321253,
    "train_total_loss": 0.7554435133934021,
    "train_actual_physics_residual": 2.6906588068698056e-10,
    "test_data_loss": 1.1088998317718506,
    "test_physics_loss": 0.0033398144878447056,
    "test_total_loss": 1.1088998317718506,
    "test_actual_physics_residual": 2.949215871517197e-10,
    "training_time_seconds": 14.598738588000288,
    "evaluation_time_seconds": 0.1973089580001215,
    "parameter_names": [
        "s",
        "t0",
        "x0"
    ],
    "timestamp": "2026-05-26T18:56:47.095546"
}