{
    "train_mae": 0.0028439487967545636,
    "train_rmse": 0.004042873398339076,
    "test_mae": 0.002198832119844326,
    "test_rmse": 0.003447221211744245,
    "per_parameter_mae_train": {
        "s": 0.005764600283603629,
        "t0": 0.000423604186549052,
        "x0": 0.0023436419201110104
    },
    "per_parameter_mae_test": {
        "s": 0.004300684242980024,
        "t0": 0.0005402952435586536,
        "x0": 0.0017555168729943005
    },
    "per_parameter_rmse_train": {
        "s": 0.0064261117342063745,
        "t0": 0.0005218571961065258,
        "x0": 0.002732623097201703
    },
    "per_parameter_rmse_test": {
        "s": 0.005627232207506204,
        "t0": 0.0005702223360851615,
        "x0": 0.0019128790914045798
    },
    "train_data_loss": 0.9716311097145081,
    "train_physics_loss": 0.004046059679239988,
    "train_total_loss": 0.9716311097145081,
    "train_actual_physics_residual": 2.364869966520189e-10,
    "test_data_loss": 0.8114166259765625,
    "test_physics_loss": 0.0031026059295982122,
    "test_total_loss": 0.8114166259765625,
    "test_actual_physics_residual": 3.2109151448800333e-10,
    "training_time_seconds": 0.4796415029995842,
    "evaluation_time_seconds": 0.15691248000075575,
    "parameter_names": [
        "s",
        "t0",
        "x0"
    ],
    "timestamp": "2026-05-26T10:23:10.186678"
}