{
    "train_mae": 0.002121759771066041,
    "train_rmse": 0.0029264505987449153,
    "test_mae": 0.002492958496065587,
    "test_rmse": 0.004106099143338657,
    "per_parameter_mae_train": {
        "s": 0.0038804674374322535,
        "t0": 0.0003305986217910312,
        "x0": 0.002154213253974837
    },
    "per_parameter_mae_test": {
        "s": 0.005187124520079633,
        "t0": 0.0005312619467692117,
        "x0": 0.0017604890213479155
    },
    "per_parameter_rmse_train": {
        "s": 0.004404567617202508,
        "t0": 0.0004077433127592269,
        "x0": 0.0024750492554845398
    },
    "per_parameter_rmse_test": {
        "s": 0.0067859252898309266,
        "t0": 0.00056388786260204,
        "x0": 0.0020526565626091775
    },
    "train_data_loss": 0.5990052223205566,
    "train_physics_loss": 0.001900827744975686,
    "train_total_loss": 0.5990052223205566,
    "train_actual_physics_residual": 2.364869966520189e-10,
    "test_data_loss": 0.950425922870636,
    "test_physics_loss": 0.004511847626417875,
    "test_total_loss": 0.950425922870636,
    "test_actual_physics_residual": 3.2109151448800333e-10,
    "training_time_seconds": 2.3382987120003236,
    "evaluation_time_seconds": 0.07514699199964525,
    "parameter_names": [
        "s",
        "t0",
        "x0"
    ],
    "timestamp": "2026-05-26T06:20:21.240111"
}