{
    "train_mae": 0.0029210057170500066,
    "train_rmse": 0.004251143789322863,
    "test_mae": 0.003013830836604673,
    "test_rmse": 0.004453924639739563,
    "per_parameter_mae_train": {
        "s": 0.005785349671399323,
        "t0": 0.0005669117413795266,
        "x0": 0.002410755738371171
    },
    "per_parameter_mae_test": {
        "s": 0.006597940419697967,
        "t0": 0.0004407527115946955,
        "x0": 0.002002799378521357
    },
    "per_parameter_rmse_train": {
        "s": 0.006772259686045154,
        "t0": 0.0006296800139718173,
        "x0": 0.0028207574119847867
    },
    "per_parameter_rmse_test": {
        "s": 0.0073220460572893465,
        "t0": 0.0005167932803276373,
        "x0": 0.0023733731964820292
    },
    "train_data_loss": 1.009090781211853,
    "train_physics_loss": 0.004493700806051493,
    "train_total_loss": 1.009090781211853,
    "train_actual_physics_residual": 2.6961671784064833e-10,
    "test_data_loss": 0.857831597328186,
    "test_physics_loss": 0.0052529312670230865,
    "test_total_loss": 0.857831597328186,
    "test_actual_physics_residual": 3.0572303022502467e-10,
    "training_time_seconds": 9.40936576400054,
    "evaluation_time_seconds": 0.081088474002172,
    "parameter_names": [
        "s",
        "t0",
        "x0"
    ],
    "timestamp": "2026-05-26T01:56:59.876162"
}