{
  "train": {
    "event_abs_mean": 0.015433517284691334,
    "event_active_fraction_gt_1e_6": 0.015433517284691334,
    "spike_mean": 0.03653397783637047,
    "spike_active_fraction_gt_0p5": 0.000911458395421505,
    "spike_count_per_sample_mean": 2.3333334922790527,
    "first_spike_flat_index_mean": 1245.97998046875,
    "mem_abs_mean": 1.1439412832260132
  },
  "test": {
    "event_abs_mean": 0.015424679964780807,
    "event_active_fraction_gt_1e_6": 0.015424679964780807,
    "spike_mean": 0.036510590463876724,
    "spike_active_fraction_gt_0p5": 0.000931490387301892,
    "spike_count_per_sample_mean": 2.384615421295166,
    "first_spike_flat_index_mean": 1111.3077392578125,
    "mem_abs_mean": 1.1434091329574585
  }
}