{
    "train_mae": 0.0027616477213079278,
    "train_rmse": 0.0040153876065732305,
    "test_mae": 0.002799327630052765,
    "test_rmse": 0.0039962913802980985,
    "per_parameter_mae_train": {
        "s": 0.005448894901619738,
        "t0": 0.0005355348562635563,
        "x0": 0.0023005134060404887
    },
    "per_parameter_mae_test": {
        "s": 0.005391929030719833,
        "t0": 0.0007324416745941629,
        "x0": 0.0022736121848443
    },
    "per_parameter_rmse_train": {
        "s": 0.006366958914948606,
        "t0": 0.0005980187797787543,
        "x0": 0.0027339020844671974
    },
    "per_parameter_rmse_test": {
        "s": 0.006369879969272018,
        "t0": 0.0007587950567900849,
        "x0": 0.002599979543687352
    },
    "train_data_loss": 1.0115941762924194,
    "train_physics_loss": 0.003971922677010298,
    "train_total_loss": 1.0115941762924194,
    "train_actual_physics_residual": 2.6906588068698056e-10,
    "test_data_loss": 1.1873042583465576,
    "test_physics_loss": 0.003975576255470514,
    "test_total_loss": 1.1873042583465576,
    "test_actual_physics_residual": 2.949215871517197e-10,
    "training_time_seconds": 12.407381376000558,
    "evaluation_time_seconds": 0.23658021300070686,
    "parameter_names": [
        "s",
        "t0",
        "x0"
    ],
    "timestamp": "2026-05-26T21:50:06.116344"
}