{
    "train_mae": 0.0029251130570021665,
    "train_rmse": 0.004233494800692031,
    "test_mae": 0.0030133558143314873,
    "test_rmse": 0.004491106432499091,
    "per_parameter_mae_train": {
        "s": 0.005809717413355561,
        "t0": 0.0005678299158707356,
        "x0": 0.002397791841780202
    },
    "per_parameter_mae_test": {
        "s": 0.0065974360727037145,
        "t0": 0.00044047618043023274,
        "x0": 0.002002155189860515
    },
    "per_parameter_rmse_train": {
        "s": 0.0067477444258226575,
        "t0": 0.0006302973344772219,
        "x0": 0.00279966160747858
    },
    "per_parameter_rmse_test": {
        "s": 0.007391257901518701,
        "t0": 0.0005165908948008788,
        "x0": 0.0023690824056478727
    },
    "train_data_loss": 1.0022684335708618,
    "train_physics_loss": 0.004461224190890789,
    "train_total_loss": 1.0022684335708618,
    "train_actual_physics_residual": 2.6961671784064833e-10,
    "test_data_loss": 0.8642494082450867,
    "test_physics_loss": 0.005352707114070654,
    "test_total_loss": 0.8642494082450867,
    "test_actual_physics_residual": 3.0572303022502467e-10,
    "training_time_seconds": 21.14603970799999,
    "evaluation_time_seconds": 0.2935982150002019,
    "parameter_names": [
        "s",
        "t0",
        "x0"
    ],
    "timestamp": "2026-05-24T14:38:23.157354"
}