{
    "train_mae": 0.0012370602455620433,
    "train_rmse": 0.0019299291141716742,
    "test_mae": 0.0012464656232533552,
    "test_rmse": 0.0019601592567971273,
    "per_parameter_mae_train": {
        "s": 0.002669518878989348,
        "t0": 0.000529740407708411,
        "x0": 0.0005119214499883703
    },
    "per_parameter_mae_test": {
        "s": 0.0027522420262380363,
        "t0": 0.00044966211838086786,
        "x0": 0.0005374927251411613
    },
    "per_parameter_rmse_train": {
        "s": 0.003237783792048787,
        "t0": 0.0005991630235644653,
        "x0": 0.0005758810157677182
    },
    "per_parameter_rmse_test": {
        "s": 0.0032933258790304137,
        "t0": 0.0005497944430505072,
        "x0": 0.0006151452356328023
    },
    "train_data_loss": 0.3935520350933075,
    "train_physics_loss": 0.0010271478677168489,
    "train_total_loss": 0.3935520350933075,
    "train_actual_physics_residual": 2.6961671784064833e-10,
    "test_data_loss": 0.35038846731185913,
    "test_physics_loss": 0.0010626910952851176,
    "test_total_loss": 0.35038846731185913,
    "test_actual_physics_residual": 3.0572303022502467e-10,
    "training_time_seconds": 12.211286870999174,
    "evaluation_time_seconds": 0.034512414000346325,
    "parameter_names": [
        "s",
        "t0",
        "x0"
    ],
    "timestamp": "2026-05-24T02:33:46.094896"
}