{
    "train_mae": 0.0017851621790089796,
    "train_rmse": 0.0023832894399730803,
    "test_mae": 0.0018844834428284906,
    "test_rmse": 0.002633882002587377,
    "per_parameter_mae_train": {
        "s": 0.00262747799032364,
        "t0": 0.0005164952627726566,
        "x0": 0.002211513283930642
    },
    "per_parameter_mae_test": {
        "s": 0.002942541777615796,
        "t0": 0.0007080564974220156,
        "x0": 0.00200285205344766
    },
    "per_parameter_rmse_train": {
        "s": 0.0031286567639217644,
        "t0": 0.0005778192617350997,
        "x0": 0.0026301782103872917
    },
    "per_parameter_rmse_test": {
        "s": 0.0037492646021934266,
        "t0": 0.0007600830677542904,
        "x0": 0.0024854158371414776
    },
    "train_data_loss": 0.7075048685073853,
    "train_physics_loss": 0.0009590779663994908,
    "train_total_loss": 0.7075048685073853,
    "train_actual_physics_residual": 2.6906588068698056e-10,
    "test_data_loss": 0.9417968988418579,
    "test_physics_loss": 0.0013773067621514201,
    "test_total_loss": 0.9417968988418579,
    "test_actual_physics_residual": 2.949215871517197e-10,
    "training_time_seconds": 4.002536324000175,
    "evaluation_time_seconds": 0.05744408600003226,
    "parameter_names": [
        "s",
        "t0",
        "x0"
    ],
    "timestamp": "2026-05-26T14:12:16.853088"
}