{
    "train_mae": 0.0004948802669955165,
    "train_rmse": 0.00075532898192981,
    "test_mae": 0.0006055443777170241,
    "test_rmse": 0.0010443414600793141,
    "per_parameter_mae_train": {
        "s": 0.0009478225173059847,
        "t0": 0.0002370272296741194,
        "x0": 0.0002997910540064455
    },
    "per_parameter_mae_test": {
        "s": 0.001144208189027086,
        "t0": 0.00031348293806550675,
        "x0": 0.00035894200605847946
    },
    "per_parameter_rmse_train": {
        "s": 0.0012079318820358083,
        "t0": 0.000304432064205997,
        "x0": 0.00039973403592148075
    },
    "per_parameter_rmse_test": {
        "s": 0.001703436800531356,
        "t0": 0.0003876143557917678,
        "x0": 0.00046904736807854496
    },
    "train_data_loss": 0.09561845660209656,
    "train_physics_loss": 0.00014296425797510892,
    "train_total_loss": 0.09561845660209656,
    "train_actual_physics_residual": 2.6961671784064833e-10,
    "test_data_loss": 0.1572776436805725,
    "test_physics_loss": 0.00028430833481252193,
    "test_total_loss": 0.1572776436805725,
    "test_actual_physics_residual": 3.0572303022502467e-10,
    "training_time_seconds": 14.150922570999683,
    "evaluation_time_seconds": 0.21506714600036503,
    "parameter_names": [
        "s",
        "t0",
        "x0"
    ],
    "timestamp": "2026-05-24T02:43:29.816188"
}