{
    "train_mae": 0.002434385178680152,
    "train_rmse": 0.003586788280972305,
    "test_mae": 0.0027535338381577254,
    "test_rmse": 0.0041349873512399596,
    "per_parameter_mae_train": {
        "s": 0.004770628876784937,
        "t0": 0.00045542372935015573,
        "x0": 0.0020771029299053636
    },
    "per_parameter_mae_test": {
        "s": 0.0055882078803169205,
        "t0": 0.0007141533648366368,
        "x0": 0.001958240269319618
    },
    "per_parameter_rmse_train": {
        "s": 0.005663072419228062,
        "t0": 0.0005240980948870098,
        "x0": 0.002500016495760582
    },
    "per_parameter_rmse_test": {
        "s": 0.006748925456532617,
        "t0": 0.0007384269888287092,
        "x0": 0.002280590263304383
    },
    "train_data_loss": 0.8074881434440613,
    "train_physics_loss": 0.0031422514002770185,
    "train_total_loss": 0.8074881434440613,
    "train_actual_physics_residual": 2.6906588068698056e-10,
    "test_data_loss": 1.1303157806396484,
    "test_physics_loss": 0.004462794866412878,
    "test_total_loss": 1.1303157806396484,
    "test_actual_physics_residual": 2.949215871517197e-10,
    "training_time_seconds": 2.28927346799901,
    "evaluation_time_seconds": 0.09164370200232952,
    "parameter_names": [
        "s",
        "t0",
        "x0"
    ],
    "timestamp": "2026-05-26T10:44:20.784725"
}