{
    "train_mae": 0.002926665358398794,
    "train_rmse": 0.0039384676356315484,
    "test_mae": 0.0029387999007601273,
    "test_rmse": 0.004154637455535386,
    "per_parameter_mae_train": {
        "s": 0.005395276350588692,
        "t0": 0.000493921848634872,
        "x0": 0.002890797875972818
    },
    "per_parameter_mae_test": {
        "s": 0.0056317155208184255,
        "t0": 0.00031189313407920666,
        "x0": 0.00287279104738275
    },
    "per_parameter_rmse_train": {
        "s": 0.006016196994231332,
        "t0": 0.0005738207440416231,
        "x0": 0.0031639667240761036
    },
    "per_parameter_rmse_test": {
        "s": 0.006580492968544494,
        "t0": 0.000335779495891115,
        "x0": 0.002892646121095393
    },
    "train_data_loss": 0.967657208442688,
    "train_physics_loss": 0.003546356689184904,
    "train_total_loss": 0.967657208442688,
    "train_actual_physics_residual": 2.0537377354301611e-10,
    "test_data_loss": 0.7647449374198914,
    "test_physics_loss": 0.004242784809321165,
    "test_total_loss": 0.7647449374198914,
    "test_actual_physics_residual": 2.212605099138898e-10,
    "training_time_seconds": 0.5601511010004288,
    "evaluation_time_seconds": 0.032740677000219875,
    "parameter_names": [
        "s",
        "t0",
        "x0"
    ],
    "timestamp": "2026-05-26T13:57:32.568120"
}