{
    "train_mae": 0.002385589475149436,
    "train_rmse": 0.0035269096314748103,
    "test_mae": 0.0023920579961846443,
    "test_rmse": 0.003916280801011076,
    "per_parameter_mae_train": {
        "s": 0.004925231318314927,
        "t0": 0.0004410682651982861,
        "x0": 0.0017904688419350956
    },
    "per_parameter_mae_test": {
        "s": 0.0055009174299743046,
        "t0": 0.0005624106955076369,
        "x0": 0.001112845863071992
    },
    "per_parameter_rmse_train": {
        "s": 0.005716555425297255,
        "t0": 0.0005225859220341804,
        "x0": 0.002089299564295548
    },
    "per_parameter_rmse_test": {
        "s": 0.006631341632028107,
        "t0": 0.0005843887381582993,
        "x0": 0.0013021382027835694
    },
    "train_data_loss": 0.7826915383338928,
    "train_physics_loss": 0.003201881656423211,
    "train_total_loss": 0.7826915383338928,
    "train_actual_physics_residual": 2.364869966520189e-10,
    "test_data_loss": 0.86865234375,
    "test_physics_loss": 0.004308635368943214,
    "test_total_loss": 0.86865234375,
    "test_actual_physics_residual": 3.2109151448800333e-10,
    "training_time_seconds": 1.2587320399979944,
    "evaluation_time_seconds": 0.019886980000592303,
    "parameter_names": [
        "s",
        "t0",
        "x0"
    ],
    "timestamp": "2026-05-26T09:04:33.173061"
}