{
    "train_mae": 0.0029246110384296333,
    "train_rmse": 0.004233008726086458,
    "test_mae": 0.003011781034153018,
    "test_rmse": 0.004474534651002314,
    "per_parameter_mae_train": {
        "s": 0.005798449798055963,
        "t0": 0.000573681388119481,
        "x0": 0.002401701929113455
    },
    "per_parameter_mae_test": {
        "s": 0.006593217897842687,
        "t0": 0.00043258001443346854,
        "x0": 0.0020095451901828987
    },
    "per_parameter_rmse_train": {
        "s": 0.006747162164484594,
        "t0": 0.000634916284094945,
        "x0": 0.0027978156950933977
    },
    "per_parameter_rmse_test": {
        "s": 0.007356751950606373,
        "t0": 0.0005119095387167154,
        "x0": 0.002383386328416227
    },
    "train_data_loss": 1.0066967010498047,
    "train_physics_loss": 0.004460454918444157,
    "train_total_loss": 1.0066967010498047,
    "train_actual_physics_residual": 2.6961671784064833e-10,
    "test_data_loss": 0.8593560457229614,
    "test_physics_loss": 0.005302845500409603,
    "test_total_loss": 0.8593560457229614,
    "test_actual_physics_residual": 3.0572303022502467e-10,
    "training_time_seconds": 20.82844396999917,
    "evaluation_time_seconds": 0.3223340990007273,
    "parameter_names": [
        "s",
        "t0",
        "x0"
    ],
    "timestamp": "2026-05-24T14:51:26.104563"
}