{
    "train_mae": 0.0003140359841095817,
    "train_rmse": 0.0007279970346752065,
    "test_mae": 0.0005027492880874734,
    "test_rmse": 0.0012721289036102506,
    "per_parameter_mae_train": {
        "a": 0.00022607059698388952,
        "d": 0.001288175698840957,
        "epsilon": 9.499490256914545e-11,
        "k": 0.0,
        "mu1": 0.0003699575929087746,
        "mu2": 1.1920928966180355e-08
    },
    "per_parameter_mae_test": {
        "a": 0.000373291082594783,
        "d": 0.0021141453748578553,
        "epsilon": 9.499490256914545e-11,
        "k": 0.0,
        "mu1": 0.000529047255148333,
        "mu2": 1.1920928966180355e-08
    },
    "per_parameter_rmse_train": {
        "a": 0.00027817819653926904,
        "d": 0.001701367205524544,
        "epsilon": 9.499490256914543e-11,
        "k": 0.0,
        "mu1": 0.00045589978917412124,
        "mu2": 1.1920928966180357e-08
    },
    "per_parameter_rmse_test": {
        "a": 0.00048735846449592194,
        "d": 0.002990925051601572,
        "epsilon": 9.499490256914543e-11,
        "k": 0.0,
        "mu1": 0.0007257552941921275,
        "mu2": 1.1920928966180355e-08
    },
    "train_data_loss": 0.004236801993101835,
    "train_physics_loss": 0.0,
    "train_total_loss": 0.004236801993101835,
    "train_actual_physics_residual": 0.0,
    "test_data_loss": 0.012033235281705856,
    "test_physics_loss": 0.0,
    "test_total_loss": 0.012033235281705856,
    "test_actual_physics_residual": 0.0,
    "training_time_seconds": 114.79092994800158,
    "evaluation_time_seconds": 0.14704679300120915,
    "parameter_names": [
        "a",
        "d",
        "epsilon",
        "k",
        "mu1",
        "mu2"
    ],
    "timestamp": "2026-06-19T18:55:22.098891"
}