{
  "train": {
    "event_abs_mean": 0.015625,
    "event_active_fraction_gt_1e_6": 0.015625,
    "spike_mean": 0.06851238757371902,
    "spike_active_fraction_gt_0p5": 0.008229932747781277,
    "spike_count_per_sample_mean": 21.068628311157227,
    "first_spike_flat_index_mean": 13.147059440612793,
    "mem_abs_mean": 1.2427701950073242
  },
  "test": {
    "event_abs_mean": 0.015625,
    "event_active_fraction_gt_1e_6": 0.015625,
    "spike_mean": 0.06850584596395493,
    "spike_active_fraction_gt_0p5": 0.008533653803169727,
    "spike_count_per_sample_mean": 21.846155166625977,
    "first_spike_flat_index_mean": 13.076923370361328,
    "mem_abs_mean": 1.242745280265808
  }
}