{
    "train_mae": 0.0027413491071791246,
    "train_rmse": 0.003991830214614098,
    "test_mae": 0.00286002789225696,
    "test_rmse": 0.004023436736722164,
    "per_parameter_mae_train": {
        "s": 0.005399687997561194,
        "t0": 0.000519452120640926,
        "x0": 0.0023049072033352546
    },
    "per_parameter_mae_test": {
        "s": 0.005510138796227458,
        "t0": 0.0007385001428626308,
        "x0": 0.0023314447376807912
    },
    "per_parameter_rmse_train": {
        "s": 0.0063236975984878934,
        "t0": 0.0005921788547410217,
        "x0": 0.002732086798363876
    },
    "per_parameter_rmse_test": {
        "s": 0.006394378290431117,
        "t0": 0.0007584618965446003,
        "x0": 0.0026647310096086035
    },
    "train_data_loss": 0.9999626874923706,
    "train_physics_loss": 0.003918131347745657,
    "train_total_loss": 0.9999626874923706,
    "train_actual_physics_residual": 2.6906588068698056e-10,
    "test_data_loss": 1.2046425342559814,
    "test_physics_loss": 0.004006214439868927,
    "test_total_loss": 1.2046425342559814,
    "test_actual_physics_residual": 2.949215871517197e-10,
    "training_time_seconds": 1.0643252380004924,
    "evaluation_time_seconds": 0.29720009900029254,
    "parameter_names": [
        "s",
        "t0",
        "x0"
    ],
    "timestamp": "2026-05-26T14:28:56.170977"
}