{
    "train_mae": 0.0021844694077504446,
    "train_rmse": 0.003908793661330447,
    "test_mae": 0.0024259302647656254,
    "test_rmse": 0.004286774710948097,
    "per_parameter_mae_train": {
        "s": 0.005780221874750235,
        "t0": 0.0005629639038153682,
        "x0": 0.00021022244468573006
    },
    "per_parameter_mae_test": {
        "s": 0.0066259958674964765,
        "t0": 0.00044850615533836044,
        "x0": 0.00020328877146203974
    },
    "per_parameter_rmse_train": {
        "s": 0.006735351935574005,
        "t0": 0.0006277458223530928,
        "x0": 0.00027744034863190666
    },
    "per_parameter_rmse_test": {
        "s": 0.0074020270105495485,
        "t0": 0.0005235679403814145,
        "x0": 0.00025531356049398853
    },
    "train_data_loss": 0.6678701043128967,
    "train_physics_loss": 0.0044448538683354855,
    "train_total_loss": 0.6678701043128967,
    "train_actual_physics_residual": 2.6961671784064833e-10,
    "test_data_loss": 0.635327935218811,
    "test_physics_loss": 0.005368316546082497,
    "test_total_loss": 0.635327935218811,
    "test_actual_physics_residual": 3.0572303022502467e-10,
    "training_time_seconds": 9.2105477719997,
    "evaluation_time_seconds": 0.024288840999361128,
    "parameter_names": [
        "s",
        "t0",
        "x0"
    ],
    "timestamp": "2026-05-24T03:36:41.216842"
}