{
  "observation_mode": "event_traces",
  "time_axis_size": 128,
  "records": [
    {
      "fraction": 0.25,
      "kept_steps": 32,
      "active_test_mae": 0.003010350460263269,
      "test_mae": 0.003010350460263269
    },
    {
      "fraction": 0.5,
      "kept_steps": 64,
      "active_test_mae": 0.0030104069127393305,
      "test_mae": 0.0030104069127393305
    },
    {
      "fraction": 0.75,
      "kept_steps": 96,
      "active_test_mae": 0.0030111572244135463,
      "test_mae": 0.0030111572244135463
    },
    {
      "fraction": 1.0,
      "kept_steps": 128,
      "active_test_mae": 0.0030111572244135463,
      "test_mae": 0.0030111572244135463
    }
  ]
}