{
    "train_mae": 0.0029148353311488438,
    "train_rmse": 0.004226868041441259,
    "test_mae": 0.0030111572244135463,
    "test_rmse": 0.00446541903791512,
    "per_parameter_mae_train": {
        "s": 0.005774094283523621,
        "t0": 0.0005670089641518256,
        "x0": 0.0024034027457710853
    },
    "per_parameter_mae_test": {
        "s": 0.006593520506039239,
        "t0": 0.000439098109580594,
        "x0": 0.002000853057620807
    },
    "per_parameter_rmse_train": {
        "s": 0.006731661492118566,
        "t0": 0.0006291157679362985,
        "x0": 0.0028085916800657165
    },
    "per_parameter_rmse_test": {
        "s": 0.007344421180696219,
        "t0": 0.0005159109594556508,
        "x0": 0.0023692224367877946
    },
    "train_data_loss": 1.0015580654144287,
    "train_physics_loss": 0.004439983982592821,
    "train_total_loss": 1.0015580654144287,
    "train_actual_physics_residual": 2.6961671784064833e-10,
    "test_data_loss": 0.8586263656616211,
    "test_physics_loss": 0.005285084247589111,
    "test_total_loss": 0.8586263656616211,
    "test_actual_physics_residual": 3.0572303022502467e-10,
    "training_time_seconds": 19.353330449999703,
    "evaluation_time_seconds": 0.25544949999857636,
    "parameter_names": [
        "s",
        "t0",
        "x0"
    ],
    "timestamp": "2026-05-26T06:42:00.231314"
}