{
    "train_mae": 0.002947131128937876,
    "train_rmse": 0.004155407440848522,
    "test_mae": 0.002818381133625779,
    "test_rmse": 0.0042741275322013645,
    "per_parameter_mae_train": {
        "s": 0.0053620368270189496,
        "t0": 0.0005021420645133339,
        "x0": 0.0029772144952813447
    },
    "per_parameter_mae_test": {
        "s": 0.00539022730251093,
        "t0": 0.00020009717222236462,
        "x0": 0.0028648189261440415
    },
    "per_parameter_rmse_train": {
        "s": 0.006191492129704237,
        "t0": 0.0005908848266909448,
        "x0": 0.0036219488300878403
    },
    "per_parameter_rmse_test": {
        "s": 0.006543935436316102,
        "t0": 0.00023347425867861247,
        "x0": 0.0034535340247963454
    },
    "train_data_loss": 1.1085139513015747,
    "train_physics_loss": 0.0037560309283435345,
    "train_total_loss": 1.1085139513015747,
    "train_actual_physics_residual": 2.0537377354301611e-10,
    "test_data_loss": 0.821675181388855,
    "test_physics_loss": 0.0041957744397223,
    "test_total_loss": 0.821675181388855,
    "test_actual_physics_residual": 2.212605099138898e-10,
    "training_time_seconds": 0.5333401650004816,
    "evaluation_time_seconds": 0.11021898099988903,
    "parameter_names": [
        "s",
        "t0",
        "x0"
    ],
    "timestamp": "2026-05-26T16:36:58.974598"
}