{
    "train_mae": 0.00016366767935786867,
    "train_rmse": 0.0003658893615495537,
    "test_mae": 0.00014077194309566532,
    "test_rmse": 0.0003362255796623066,
    "per_parameter_mae_train": {
        "a": 0.0,
        "b": 0.0,
        "p": 0.0004910030380736061
    },
    "per_parameter_mae_test": {
        "a": 0.0,
        "b": 0.0,
        "p": 0.00042231582928699594
    },
    "per_parameter_rmse_train": {
        "a": 0.0,
        "b": 0.0,
        "p": 0.0006337389641527654
    },
    "per_parameter_rmse_test": {
        "a": 0.0,
        "b": 0.0,
        "p": 0.0005823597867794121
    },
    "train_data_loss": 2.6092806137967273e-07,
    "train_physics_loss": 1.3782856740363059e-06,
    "train_total_loss": 1.6392136785725597e-06,
    "train_actual_physics_residual": 0.00011160659050801769,
    "test_data_loss": 2.203199898076491e-07,
    "test_physics_loss": 1.3091878372506471e-06,
    "test_total_loss": 1.5295078128474415e-06,
    "test_actual_physics_residual": 0.00011690601968439296,
    "training_time_seconds": 23.627484033999963,
    "evaluation_time_seconds": 0.16407158200013328,
    "parameter_names": [
        "a",
        "b",
        "p"
    ],
    "timestamp": "2026-05-11T20:44:13.994257"
}