{
    "train_mae": 0.0029199656251925905,
    "train_rmse": 0.004232837991629718,
    "test_mae": 0.0030092067006213773,
    "test_rmse": 0.00446666783137587,
    "per_parameter_mae_train": {
        "s": 0.005790827415835863,
        "t0": 0.0005673912081544109,
        "x0": 0.0024016782515874978
    },
    "per_parameter_mae_test": {
        "s": 0.00659003134183354,
        "t0": 0.0004417585399752802,
        "x0": 0.0019958302200553113
    },
    "per_parameter_rmse_train": {
        "s": 0.0067461059570150615,
        "t0": 0.0006300161180949143,
        "x0": 0.002800693931478093
    },
    "per_parameter_rmse_test": {
        "s": 0.007347015163880179,
        "t0": 0.0005178185476549697,
        "x0": 0.0023678253062595733
    },
    "train_data_loss": 1.00205397605896,
    "train_physics_loss": 0.004459058865904808,
    "train_total_loss": 1.00205397605896,
    "train_actual_physics_residual": 2.6961671784064833e-10,
    "test_data_loss": 0.8602892756462097,
    "test_physics_loss": 0.005288818385452032,
    "test_total_loss": 0.8602892756462097,
    "test_actual_physics_residual": 3.0572303022502467e-10,
    "training_time_seconds": 21.700794323000082,
    "evaluation_time_seconds": 0.22449926100034645,
    "parameter_names": [
        "s",
        "t0",
        "x0"
    ],
    "timestamp": "2026-05-24T14:27:50.165944"
}