{
  "observation_mode": "event_traces",
  "time_axis_size": 128,
  "records": [
    {
      "fraction": 0.25,
      "kept_steps": 32,
      "active_test_mae": 0.003302098648366264,
      "test_mae": 0.003302098648366264
    },
    {
      "fraction": 0.5,
      "kept_steps": 64,
      "active_test_mae": 0.0028412557000554875,
      "test_mae": 0.0028412557000554875
    },
    {
      "fraction": 0.75,
      "kept_steps": 96,
      "active_test_mae": 0.0028790635827072777,
      "test_mae": 0.0028790635827072777
    },
    {
      "fraction": 1.0,
      "kept_steps": 128,
      "active_test_mae": 0.0029609331500699888,
      "test_mae": 0.0029609331500699888
    }
  ]
}