{
    "train_mae": 0.0028036523693814124,
    "train_rmse": 0.0039604523176991445,
    "test_mae": 0.00252964680369938,
    "test_rmse": 0.004111259394387166,
    "per_parameter_mae_train": {
        "s": 0.0053485837049293125,
        "t0": 0.00044056758618217284,
        "x0": 0.002621805817032752
    },
    "per_parameter_mae_test": {
        "s": 0.00548041343217157,
        "t0": 0.0005527036533585018,
        "x0": 0.0015558233255680684
    },
    "per_parameter_rmse_train": {
        "s": 0.006157308512682215,
        "t0": 0.0005203845966743143,
        "x0": 0.00297864053445541
    },
    "per_parameter_rmse_test": {
        "s": 0.006847139263771008,
        "t0": 0.0005724814651144336,
        "x0": 0.0018698423191371085
    },
    "train_data_loss": 0.9911799430847168,
    "train_physics_loss": 0.003714652033522725,
    "train_total_loss": 0.9911799430847168,
    "train_actual_physics_residual": 2.364869966520189e-10,
    "test_data_loss": 0.9435058236122131,
    "test_physics_loss": 0.004593620076775551,
    "test_total_loss": 0.9435058236122131,
    "test_actual_physics_residual": 3.2109151448800333e-10,
    "training_time_seconds": 2.40875772399977,
    "evaluation_time_seconds": 0.09675703299944871,
    "parameter_names": [
        "s",
        "t0",
        "x0"
    ],
    "timestamp": "2026-05-26T19:22:19.897099"
}