{
  "train": {
    "event_abs_mean": 0.015625,
    "event_active_fraction_gt_1e_6": 0.015625,
    "spike_mean": 0.06920839846134186,
    "spike_active_fraction_gt_0p5": 0.00742187537252903,
    "spike_count_per_sample_mean": 19.0,
    "first_spike_flat_index_mean": 145.0,
    "mem_abs_mean": 0.8180257678031921
  },
  "test": {
    "event_abs_mean": 0.015625,
    "event_active_fraction_gt_1e_6": 0.015625,
    "spike_mean": 0.0692087933421135,
    "spike_active_fraction_gt_0p5": 0.0074218749068677425,
    "spike_count_per_sample_mean": 19.0,
    "first_spike_flat_index_mean": 145.0,
    "mem_abs_mean": 0.8180218935012817
  }
}