{
    "train_mae": 0.0025879858602232395,
    "train_rmse": 0.00368064192712639,
    "test_mae": 0.0028142136986559715,
    "test_rmse": 0.004019423383613636,
    "per_parameter_mae_train": {
        "s": 0.004904501418742995,
        "t0": 0.0005603119854945235,
        "x0": 0.002299144176432199
    },
    "per_parameter_mae_test": {
        "s": 0.005762761620676264,
        "t0": 0.0007124299882324099,
        "x0": 0.0019674494870592406
    },
    "per_parameter_rmse_train": {
        "s": 0.005707317518573029,
        "t0": 0.0006296712799186667,
        "x0": 0.002769732082457977
    },
    "per_parameter_rmse_test": {
        "s": 0.006534451570132937,
        "t0": 0.000783276000153353,
        "x0": 0.002270399611388099
    },
    "train_data_loss": 0.9908187985420227,
    "train_physics_loss": 0.003191545372828841,
    "train_total_loss": 0.9908187985420227,
    "train_actual_physics_residual": 2.6906588068698056e-10,
    "test_data_loss": 1.1693053245544434,
    "test_physics_loss": 0.004183656070381403,
    "test_total_loss": 1.1693053245544434,
    "test_actual_physics_residual": 2.949215871517197e-10,
    "training_time_seconds": 2.2650893749960233,
    "evaluation_time_seconds": 0.08417612299672328,
    "parameter_names": [
        "s",
        "t0",
        "x0"
    ],
    "timestamp": "2026-05-24T12:54:39.346077"
}