{
    "train_mae": 0.0028957374120753177,
    "train_rmse": 0.004203204300908252,
    "test_mae": 0.003010062944268439,
    "test_rmse": 0.004466438561549747,
    "per_parameter_mae_train": {
        "s": 0.005757695414370421,
        "t0": 0.0005605334600292972,
        "x0": 0.0023689833618262346
    },
    "per_parameter_mae_test": {
        "s": 0.006581241949215508,
        "t0": 0.00044227778813072733,
        "x0": 0.0020066690954590825
    },
    "per_parameter_rmse_train": {
        "s": 0.006705436467278078,
        "t0": 0.0006224031187789871,
        "x0": 0.002765956493973171
    },
    "per_parameter_rmse_test": {
        "s": 0.007343612245872152,
        "t0": 0.0005179399674759617,
        "x0": 0.002377039680918956
    },
    "train_data_loss": 0.9817750453948975,
    "train_physics_loss": 0.0044054570607841015,
    "train_total_loss": 0.9817750453948975,
    "train_actual_physics_residual": 2.6961671784064833e-10,
    "test_data_loss": 0.8618906736373901,
    "test_physics_loss": 0.005283919628709555,
    "test_total_loss": 0.8618906736373901,
    "test_actual_physics_residual": 3.0572303022502467e-10,
    "training_time_seconds": 12.590447990998655,
    "evaluation_time_seconds": 0.11483479000162333,
    "parameter_names": [
        "s",
        "t0",
        "x0"
    ],
    "timestamp": "2026-05-26T02:10:26.094979"
}