{
    "train_mae": 0.00015378549685150162,
    "train_rmse": 0.00036349276673470604,
    "test_mae": 0.0005018860097752052,
    "test_rmse": 0.0011342568446541014,
    "per_parameter_mae_train": {
        "a": 0.00010031730026501495,
        "d": 0.0006433087886983116,
        "epsilon": 9.499490256914545e-11,
        "k": 0.0,
        "mu1": 0.00017907487622181422,
        "mu2": 1.1920928966180355e-08
    },
    "per_parameter_mae_test": {
        "a": 0.0003523593123641658,
        "d": 0.0021009162765387836,
        "epsilon": 9.499490256914545e-11,
        "k": 0.0,
        "mu1": 0.0005580284538244135,
        "mu2": 1.1920928966180355e-08
    },
    "per_parameter_rmse_train": {
        "a": 0.00013636515270973394,
        "d": 0.0008504635122243464,
        "epsilon": 9.499490256914543e-11,
        "k": 0.0,
        "mu1": 0.0002255622046577639,
        "mu2": 1.1920928966180355e-08
    },
    "per_parameter_rmse_test": {
        "a": 0.0004428222178788015,
        "d": 0.0026502912671662,
        "epsilon": 9.499490256914545e-11,
        "k": 0.0,
        "mu1": 0.0007064674233546972,
        "mu2": 1.1920928966180354e-08
    },
    "train_data_loss": 0.025942599400877953,
    "train_physics_loss": 0.0,
    "train_total_loss": 0.025942599400877953,
    "train_actual_physics_residual": 0.0,
    "test_data_loss": 0.26036521792411804,
    "test_physics_loss": 0.0,
    "test_total_loss": 0.26036521792411804,
    "test_actual_physics_residual": 0.0,
    "training_time_seconds": 91.40402001700022,
    "evaluation_time_seconds": 0.5291448299994954,
    "parameter_names": [
        "a",
        "d",
        "epsilon",
        "k",
        "mu1",
        "mu2"
    ],
    "timestamp": "2026-06-17T08:17:29.718342"
}