{
  "train": {
    "event_abs_mean": 0.015625,
    "event_active_fraction_gt_1e_6": 0.015625,
    "spike_mean": 0.05809689685702324,
    "spike_active_fraction_gt_0p5": 0.0038641239516437054,
    "spike_count_per_sample_mean": 9.892157554626465,
    "first_spike_flat_index_mean": 188.05882263183594,
    "mem_abs_mean": 0.8384477496147156
  },
  "test": {
    "event_abs_mean": 0.015625,
    "event_active_fraction_gt_1e_6": 0.015625,
    "spike_mean": 0.05809867009520531,
    "spike_active_fraction_gt_0p5": 0.003966346383094788,
    "spike_count_per_sample_mean": 10.153846740722656,
    "first_spike_flat_index_mean": 178.07693481445312,
    "mem_abs_mean": 0.8384246826171875
  }
}