{
  "observation_mode": "event_traces",
  "time_axis_size": 128,
  "records": [
    {
      "fraction": 0.25,
      "kept_steps": 32,
      "active_test_mae": 0.0026890689713257553,
      "test_mae": 0.0026890689713257553
    },
    {
      "fraction": 0.5,
      "kept_steps": 64,
      "active_test_mae": 0.002687289046725203,
      "test_mae": 0.002687289046725203
    },
    {
      "fraction": 0.75,
      "kept_steps": 96,
      "active_test_mae": 0.0026872880915225624,
      "test_mae": 0.0026872880915225624
    },
    {
      "fraction": 1.0,
      "kept_steps": 128,
      "active_test_mae": 0.002687255805673309,
      "test_mae": 0.002687255805673309
    }
  ]
}