{
    "train_mae": 0.0028328742525135105,
    "train_rmse": 0.004135440582961708,
    "test_mae": 0.002687255805673309,
    "test_rmse": 0.004005346529188609,
    "per_parameter_mae_train": {
        "s": 0.005665544590017479,
        "t0": 0.0005322105825089876,
        "x0": 0.002300867585014065
    },
    "per_parameter_mae_test": {
        "s": 0.0051522449991599625,
        "t0": 0.0007334807440266416,
        "x0": 0.002176041673833323
    },
    "per_parameter_rmse_train": {
        "s": 0.006590749799335261,
        "t0": 0.0005960935960319745,
        "x0": 0.0027408567917627303
    },
    "per_parameter_rmse_test": {
        "s": 0.00642856881738287,
        "t0": 0.0007578008738821519,
        "x0": 0.0024955246447121602
    },
    "train_data_loss": 1.0353153944015503,
    "train_physics_loss": 0.004256043583154678,
    "train_total_loss": 1.0353153944015503,
    "train_actual_physics_residual": 2.6906588068698056e-10,
    "test_data_loss": 1.16840398311615,
    "test_physics_loss": 0.004049171227961779,
    "test_total_loss": 1.16840398311615,
    "test_actual_physics_residual": 2.949215871517197e-10,
    "training_time_seconds": 4.6420174579980085,
    "evaluation_time_seconds": 0.23864359500294086,
    "parameter_names": [
        "s",
        "t0",
        "x0"
    ],
    "timestamp": "2026-05-24T11:30:33.864184"
}