{
    "train_mae": 0.0024523767664049313,
    "train_rmse": 0.0034880492284295153,
    "test_mae": 0.0026062122521790456,
    "test_rmse": 0.004295286757902394,
    "per_parameter_mae_train": {
        "s": 0.004569026476840934,
        "t0": 0.00038624748921256834,
        "x0": 0.002401856333161292
    },
    "per_parameter_mae_test": {
        "s": 0.005697203725637534,
        "t0": 0.0005552123702823518,
        "x0": 0.0015662206606172505
    },
    "per_parameter_rmse_train": {
        "s": 0.005357396753789067,
        "t0": 0.00045215742790869867,
        "x0": 0.0027555972025534786
    },
    "per_parameter_rmse_test": {
        "s": 0.007186177912585751,
        "t0": 0.0005762227856547993,
        "x0": 0.0018371933234670463
    },
    "train_data_loss": 0.7817566394805908,
    "train_physics_loss": 0.002812185324728489,
    "train_total_loss": 0.7817566394805908,
    "train_actual_physics_residual": 2.364869966520189e-10,
    "test_data_loss": 0.9864920973777771,
    "test_physics_loss": 0.005059791728854179,
    "test_total_loss": 0.9864920973777771,
    "test_actual_physics_residual": 3.2109151448800333e-10,
    "training_time_seconds": 1.5544675900000584,
    "evaluation_time_seconds": 0.0678952840007696,
    "parameter_names": [
        "s",
        "t0",
        "x0"
    ],
    "timestamp": "2026-05-26T06:02:41.557498"
}