{
  "train_polynomial_residual": {
    "mean": 0.001452371270787736,
    "median": 0.0014542493628976595,
    "max": 0.001639354915279925,
    "mse": 2.118492284674093e-06
  },
  "test_polynomial_residual": {
    "mean": 0.0013825265457567567,
    "median": 0.0013781127649320514,
    "max": 0.0014844582544289743,
    "mse": 1.9155589438994734e-06
  },
  "train_forward_linear_error": {
    "mean": 0.005783348042124229,
    "median": 0.005012521271087158,
    "max": 0.013175194811435665,
    "mse": 4.850962048491156e-05
  },
  "test_forward_linear_error": {
    "mean": 0.0033106739437471612,
    "median": 0.0024815494466259636,
    "max": 0.007599371430192289,
    "mse": 1.477533796725137e-05
  },
  "train_forward_quadratic_error": {
    "mean": 0.0014382234945537848,
    "median": 0.0014464822866030586,
    "max": 0.0015745378361511678,
    "mse": 2.074706326149868e-06
  },
  "test_forward_quadratic_error": {
    "mean": 0.0013868967061120947,
    "median": 0.001393074786541921,
    "max": 0.0014740088740179548,
    "mse": 1.9271848406453955e-06
  },
  "train_observed_forward_residual": {
    "mean": 0.0014176888471421564,
    "median": 0.0014271327500607032,
    "max": 0.0015303067171278633,
    "mse": 2.015656017616903e-06
  },
  "test_observed_forward_residual": {
    "mean": 0.0013709056632578824,
    "median": 0.0013633162471937642,
    "max": 0.0014564813801991464,
    "mse": 1.8825807454620348e-06
  },
  "train_clean_forward_residual": {
    "mean": 0.00019181495917561182,
    "median": 0.0001515312514629895,
    "max": 0.000599328321748056,
    "mse": 5.273313475622597e-08
  },
  "test_clean_forward_residual": {
    "mean": 0.0001104797094540143,
    "median": 9.933891898584276e-05,
    "max": 0.0002091636117104352,
    "mse": 1.4069094716921166e-08
  },
  "train_observation_noise_floor": {
    "mean": 0.001413464240619478,
    "median": 0.0014339923449357684,
    "max": 0.001531237899332812,
    "mse": 2.0025988529166232e-06
  },
  "test_observation_noise_floor": {
    "mean": 0.0013765334995131104,
    "median": 0.0013693375603808817,
    "max": 0.001459799170993348,
    "mse": 1.8979072195759558e-06
  }
}
