{
  "train": {
    "event_abs_mean": 0.015625,
    "event_active_fraction_gt_1e_6": 0.015625,
    "spike_mean": 0.026701664552092552,
    "spike_active_fraction_gt_0p5": 0.0015937500866129994,
    "spike_count_per_sample_mean": 4.079999923706055,
    "first_spike_flat_index_mean": 1365.1199951171875,
    "mem_abs_mean": 1.0367505550384521
  },
  "test": {
    "event_abs_mean": 0.015625,
    "event_active_fraction_gt_1e_6": 0.015625,
    "spike_mean": 0.02670750766992569,
    "spike_active_fraction_gt_0p5": 0.001953125,
    "spike_count_per_sample_mean": 5.0,
    "first_spike_flat_index_mean": 1376.4285888671875,
    "mem_abs_mean": 1.0366686582565308
  }
}