{
    "train_mae": 0.0027499347268570905,
    "train_rmse": 0.004006848054041638,
    "test_mae": 0.0028040192033424896,
    "test_rmse": 0.003999705081963349,
    "per_parameter_mae_train": {
        "s": 0.005440826068923085,
        "t0": 0.0005208297476022787,
        "x0": 0.0022881483640459074
    },
    "per_parameter_mae_test": {
        "s": 0.005395422779898206,
        "t0": 0.0007355399698793145,
        "x0": 0.002281094860249949
    },
    "per_parameter_rmse_train": {
        "s": 0.006357054293167719,
        "t0": 0.0005919675829404296,
        "x0": 0.002720648650413597
    },
    "per_parameter_rmse_test": {
        "s": 0.006374742255986042,
        "t0": 0.0007559150588833093,
        "x0": 0.002604645047132098
    },
    "train_data_loss": 1.0004743337631226,
    "train_physics_loss": 0.003959574270993471,
    "train_total_loss": 1.0004743337631226,
    "train_actual_physics_residual": 2.6906588068698056e-10,
    "test_data_loss": 1.1847615242004395,
    "test_physics_loss": 0.003981647547334433,
    "test_total_loss": 1.1847615242004395,
    "test_actual_physics_residual": 2.949215871517197e-10,
    "training_time_seconds": 1.0707007060009346,
    "evaluation_time_seconds": 0.05940651600030833,
    "parameter_names": [
        "s",
        "t0",
        "x0"
    ],
    "timestamp": "2026-05-26T09:17:22.830173"
}