{
    "train_mae": 0.0010860913040138833,
    "train_rmse": 0.002291612995628074,
    "test_mae": 0.0011259076311291249,
    "test_rmse": 0.0024741437841383023,
    "per_parameter_mae_train": {
        "a": 0.000840633157934776,
        "d": 0.004353642534563685,
        "epsilon": 9.499490256914545e-11,
        "k": 0.0,
        "mu1": 0.0013222601156609704,
        "mu2": 1.1920928966180355e-08
    },
    "per_parameter_mae_test": {
        "a": 0.0008803440484260044,
        "d": 0.0044484713086193175,
        "epsilon": 9.499490256914545e-11,
        "k": 0.0,
        "mu1": 0.0014266184138055596,
        "mu2": 1.1920928966180355e-08
    },
    "per_parameter_rmse_train": {
        "a": 0.0010266038302415904,
        "d": 0.005269355481468765,
        "epsilon": 9.499490256914543e-11,
        "k": 0.0,
        "mu1": 0.0016397920953264487,
        "mu2": 1.1920928966180355e-08
    },
    "per_parameter_rmse_test": {
        "a": 0.0010197291148307359,
        "d": 0.005700907023436646,
        "epsilon": 9.499490256914545e-11,
        "k": 0.0,
        "mu1": 0.0017855353342614974,
        "mu2": 1.1920928966180354e-08
    },
    "train_data_loss": 0.32904544472694397,
    "train_physics_loss": 0.0,
    "train_total_loss": 0.32904544472694397,
    "train_actual_physics_residual": 0.0,
    "test_data_loss": 0.3644101917743683,
    "test_physics_loss": 0.0,
    "test_total_loss": 0.3644101917743683,
    "test_actual_physics_residual": 0.0,
    "training_time_seconds": 91.61149065999962,
    "evaluation_time_seconds": 0.5598645230002148,
    "parameter_names": [
        "a",
        "d",
        "epsilon",
        "k",
        "mu1",
        "mu2"
    ],
    "timestamp": "2026-06-17T08:08:19.309913"
}