{
  "train": {
    "event_abs_mean": 0.014935662038624287,
    "event_active_fraction_gt_1e_6": 0.014935662038624287,
    "spike_mean": 0.06298825144767761,
    "spike_active_fraction_gt_0p5": 0.0048368568532168865,
    "spike_count_per_sample_mean": 12.382353782653809,
    "first_spike_flat_index_mean": 1131.294189453125,
    "mem_abs_mean": 1.3065704107284546
  },
  "test": {
    "event_abs_mean": 0.014986478723585606,
    "event_active_fraction_gt_1e_6": 0.014986478723585606,
    "spike_mean": 0.06294827163219452,
    "spike_active_fraction_gt_0p5": 0.004912860691547394,
    "spike_count_per_sample_mean": 12.576923370361328,
    "first_spike_flat_index_mean": 1013.0769653320312,
    "mem_abs_mean": 1.3058091402053833
  }
}