{
    "train_mae": 0.00019246373657244624,
    "train_rmse": 0.0004522120927821813,
    "test_mae": 0.00017373707271835058,
    "test_rmse": 0.00043342783315066804,
    "per_parameter_mae_train": {
        "a": 0.00013191238718463131,
        "d": 0.000797932065983299,
        "epsilon": 9.499490256914545e-11,
        "k": 0.0,
        "mu1": 0.00022492595034287832,
        "mu2": 1.1920928966180355e-08
    },
    "per_parameter_mae_test": {
        "a": 0.00013332488569119393,
        "d": 0.0007088440664493878,
        "epsilon": 9.499490256914545e-11,
        "k": 0.0,
        "mu1": 0.00020024146824565298,
        "mu2": 1.1920928966180355e-08
    },
    "per_parameter_rmse_train": {
        "a": 0.00017882654966898875,
        "d": 0.0010508144806337866,
        "epsilon": 9.499490256914543e-11,
        "k": 0.0,
        "mu1": 0.0003013049177035673,
        "mu2": 1.1920928966180355e-08
    },
    "per_parameter_rmse_test": {
        "a": 0.0001891415479928929,
        "d": 0.000998611029569826,
        "epsilon": 9.499490256914545e-11,
        "k": 0.0,
        "mu1": 0.000306854371975253,
        "mu2": 1.1920928966180354e-08
    },
    "train_data_loss": 0.011035792529582977,
    "train_physics_loss": 0.0,
    "train_total_loss": 0.011035792529582977,
    "train_actual_physics_residual": 0.0,
    "test_data_loss": 0.011441078037023544,
    "test_physics_loss": 0.0,
    "test_total_loss": 0.011441078037023544,
    "test_actual_physics_residual": 0.0,
    "training_time_seconds": 57.819825857004616,
    "evaluation_time_seconds": 0.2309178480063565,
    "parameter_names": [
        "a",
        "d",
        "epsilon",
        "k",
        "mu1",
        "mu2"
    ],
    "timestamp": "2026-06-15T17:25:11.851278"
}