{
  "observation_mode": "event_traces",
  "time_axis_size": 128,
  "records": [
    {
      "fraction": 0.25,
      "kept_steps": 32,
      "active_test_mae": 0.003013020241106966,
      "test_mae": 0.003013020241106966
    },
    {
      "fraction": 0.5,
      "kept_steps": 64,
      "active_test_mae": 0.003014006392313154,
      "test_mae": 0.0030140063923131534
    },
    {
      "fraction": 0.75,
      "kept_steps": 96,
      "active_test_mae": 0.003013953569607127,
      "test_mae": 0.0030139535696071264
    },
    {
      "fraction": 1.0,
      "kept_steps": 128,
      "active_test_mae": 0.003013953569607127,
      "test_mae": 0.0030139535696071264
    }
  ]
}