{
  "train": {
    "event_abs_mean": 0.015625,
    "event_active_fraction_gt_1e_6": 0.015625,
    "spike_mean": 0.10951804369688034,
    "spike_active_fraction_gt_0p5": 0.007801011670380831,
    "spike_count_per_sample_mean": 19.97058868408203,
    "first_spike_flat_index_mean": 273.48040771484375,
    "mem_abs_mean": 1.3640962839126587
  },
  "test": {
    "event_abs_mean": 0.015625,
    "event_active_fraction_gt_1e_6": 0.015625,
    "spike_mean": 0.10950500518083572,
    "spike_active_fraction_gt_0p5": 0.007496995385736227,
    "spike_count_per_sample_mean": 19.19230842590332,
    "first_spike_flat_index_mean": 271.23077392578125,
    "mem_abs_mean": 1.3642070293426514
  }
}