{
    "train_mae": 0.002828549722761153,
    "train_rmse": 0.0040862409253174985,
    "test_mae": 0.0029891013436522396,
    "test_rmse": 0.0044442522142591695,
    "per_parameter_mae_train": {
        "s": 0.0055521403082582355,
        "t0": 0.0005799483063437438,
        "x0": 0.0023535605536814793
    },
    "per_parameter_mae_test": {
        "s": 0.006572342517253275,
        "t0": 0.0004243016473908784,
        "x0": 0.001970659866312565
    },
    "per_parameter_rmse_train": {
        "s": 0.006491353509211252,
        "t0": 0.0006475382539349359,
        "x0": 0.0027450170358962185
    },
    "per_parameter_rmse_test": {
        "s": 0.007319806675622762,
        "t0": 0.0005163127909354596,
        "x0": 0.00232550737802904
    },
    "train_data_loss": 0.9830655455589294,
    "train_physics_loss": 0.004128643311560154,
    "train_total_loss": 0.9830655455589294,
    "train_actual_physics_residual": 2.6961671784064833e-10,
    "test_data_loss": 0.8475934863090515,
    "test_physics_loss": 0.005249717738479376,
    "test_total_loss": 0.8475934863090515,
    "test_actual_physics_residual": 3.0572303022502467e-10,
    "training_time_seconds": 6.791120775000309,
    "evaluation_time_seconds": 0.08081833200049005,
    "parameter_names": [
        "s",
        "t0",
        "x0"
    ],
    "timestamp": "2026-05-26T06:11:03.049728"
}