{
    "train_mae": 0.0029107813273673345,
    "train_rmse": 0.00422260611613992,
    "test_mae": 0.0030192012337619646,
    "test_rmse": 0.004484931362951119,
    "per_parameter_mae_train": {
        "s": 0.005773791005896827,
        "t0": 0.0005668789442159185,
        "x0": 0.0023916740319892583
    },
    "per_parameter_mae_test": {
        "s": 0.006624432391814291,
        "t0": 0.00044164391565840443,
        "x0": 0.0019915273938131994
    },
    "per_parameter_rmse_train": {
        "s": 0.006730572433366762,
        "t0": 0.0006294362269912637,
        "x0": 0.0027918474155191916
    },
    "per_parameter_rmse_test": {
        "s": 0.007377664861246868,
        "t0": 0.0005173178252513252,
        "x0": 0.002376188429806905
    },
    "train_data_loss": 0.9977988600730896,
    "train_physics_loss": 0.004438547883182764,
    "train_total_loss": 0.9977988600730896,
    "train_actual_physics_residual": 2.6961671784064833e-10,
    "test_data_loss": 0.86484694480896,
    "test_physics_loss": 0.005333037115633488,
    "test_total_loss": 0.86484694480896,
    "test_actual_physics_residual": 3.0572303022502467e-10,
    "training_time_seconds": 12.804154684999958,
    "evaluation_time_seconds": 0.10537963299793773,
    "parameter_names": [
        "s",
        "t0",
        "x0"
    ],
    "timestamp": "2026-05-26T02:11:42.084904"
}