{
  "train": {
    "event_abs_mean": 0.015625,
    "event_active_fraction_gt_1e_6": 0.015625,
    "spike_mean": 0.04030957445502281,
    "spike_active_fraction_gt_0p5": 0.0015625001396983862,
    "spike_count_per_sample_mean": 4.0,
    "first_spike_flat_index_mean": 395.0833435058594,
    "mem_abs_mean": 1.3538918495178223
  },
  "test": {
    "event_abs_mean": 0.015625,
    "event_active_fraction_gt_1e_6": 0.015625,
    "spike_mean": 0.040280092507600784,
    "spike_active_fraction_gt_0p5": 0.0013671874767169356,
    "spike_count_per_sample_mean": 3.5,
    "first_spike_flat_index_mean": 413.75,
    "mem_abs_mean": 1.3541865348815918
  }
}