{
    "train_mae": 0.0007982451753713863,
    "train_rmse": 0.001160497395330669,
    "test_mae": 0.0006633772408404936,
    "test_rmse": 0.0010385773994471747,
    "per_parameter_mae_train": {
        "s": 0.0016408435121251122,
        "t0": 0.0005142598543057908,
        "x0": 0.00023963215968325624
    },
    "per_parameter_mae_test": {
        "s": 0.0012999102740337042,
        "t0": 0.0004557479985954632,
        "x0": 0.00023447344989231358
    },
    "per_parameter_rmse_train": {
        "s": 0.0018966588719723373,
        "t0": 0.0005982157510417618,
        "x0": 0.0002916944502076839
    },
    "per_parameter_rmse_test": {
        "s": 0.0016826631731411456,
        "t0": 0.0005659740284027977,
        "x0": 0.00029025349068607063
    },
    "train_data_loss": 0.3316402733325958,
    "train_physics_loss": 0.0003524655767250806,
    "train_total_loss": 0.3316402733325958,
    "train_actual_physics_residual": 2.6961671784064833e-10,
    "test_data_loss": 0.2943514883518219,
    "test_physics_loss": 0.0002774173626676202,
    "test_total_loss": 0.2943514883518219,
    "test_actual_physics_residual": 3.0572303022502467e-10,
    "training_time_seconds": 12.198609014001704,
    "evaluation_time_seconds": 0.041365610999491764,
    "parameter_names": [
        "s",
        "t0",
        "x0"
    ],
    "timestamp": "2026-05-24T02:48:54.662419"
}