{
    "train_mae": 0.001021615052851852,
    "train_rmse": 0.0016887894199568685,
    "test_mae": 0.0011998546562227673,
    "test_rmse": 0.002395920843566394,
    "per_parameter_mae_train": {
        "s": 0.0021513895831831546,
        "t0": 0.000466477024552735,
        "x0": 0.0004469785508196664
    },
    "per_parameter_mae_test": {
        "s": 0.002770283136010807,
        "t0": 0.0004156137909981143,
        "x0": 0.0004136670416593811
    },
    "per_parameter_rmse_train": {
        "s": 0.002816023003990283,
        "t0": 0.0005504189471252197,
        "x0": 0.0005684034997410526
    },
    "per_parameter_rmse_test": {
        "s": 0.00408414644247756,
        "t0": 0.0005255942291784229,
        "x0": 0.0005145955776723479
    },
    "train_data_loss": 0.3272438943386078,
    "train_physics_loss": 0.0007769798976369202,
    "train_total_loss": 0.3272438943386078,
    "train_actual_physics_residual": 2.6961671784064833e-10,
    "test_data_loss": 0.3663657009601593,
    "test_physics_loss": 0.0016343275783583522,
    "test_total_loss": 0.3663657009601593,
    "test_actual_physics_residual": 3.0572303022502467e-10,
    "training_time_seconds": 36.14028526000038,
    "evaluation_time_seconds": 0.2731509549994371,
    "parameter_names": [
        "s",
        "t0",
        "x0"
    ],
    "timestamp": "2026-05-24T04:22:06.425285"
}