{
  "observation_mode": "event_traces",
  "time_axis_size": 128,
  "records": [
    {
      "fraction": 0.25,
      "kept_steps": 32,
      "active_test_mae": 0.0025724405725299055,
      "test_mae": 0.0025724405725299055
    },
    {
      "fraction": 0.5,
      "kept_steps": 64,
      "active_test_mae": 0.0019982659249999854,
      "test_mae": 0.0019982659249999854
    },
    {
      "fraction": 0.75,
      "kept_steps": 96,
      "active_test_mae": 0.0019982659249999854,
      "test_mae": 0.0019982659249999854
    },
    {
      "fraction": 1.0,
      "kept_steps": 128,
      "active_test_mae": 0.0019982659249999854,
      "test_mae": 0.0019982659249999854
    }
  ]
}