{
  "observation_mode": "event_traces",
  "time_axis_size": 128,
  "records": [
    {
      "fraction": 0.25,
      "kept_steps": 32,
      "active_test_mae": 0.0012397642456610676,
      "test_mae": 0.0008265094971073784
    },
    {
      "fraction": 0.5,
      "kept_steps": 64,
      "active_test_mae": 0.0012376189935970438,
      "test_mae": 0.0008250793290646958
    },
    {
      "fraction": 0.75,
      "kept_steps": 96,
      "active_test_mae": 0.0012376189935970438,
      "test_mae": 0.0008250793290646958
    },
    {
      "fraction": 1.0,
      "kept_steps": 128,
      "active_test_mae": 0.0012376189935970438,
      "test_mae": 0.0008250793290646958
    }
  ]
}