{
    "train_mae": 0.0029801161515066663,
    "train_rmse": 0.004043043355814135,
    "test_mae": 0.002935839536736283,
    "test_rmse": 0.004140235630201885,
    "per_parameter_mae_train": {
        "s": 0.005547278128873401,
        "t0": 0.0004985719946439746,
        "x0": 0.0028944983310026234
    },
    "per_parameter_mae_test": {
        "s": 0.005791426166494085,
        "t0": 0.0001508413838961012,
        "x0": 0.002865251059818663
    },
    "per_parameter_rmse_train": {
        "s": 0.006154264311070861,
        "t0": 0.0005961184846026946,
        "x0": 0.0032875936903414573
    },
    "per_parameter_rmse_test": {
        "s": 0.006522717451851068,
        "t0": 0.0001935590916428518,
        "x0": 0.0029734399509893437
    },
    "train_data_loss": 1.0341030359268188,
    "train_physics_loss": 0.0037109949626028538,
    "train_total_loss": 1.0341030359268188,
    "train_actual_physics_residual": 2.0537377354301611e-10,
    "test_data_loss": 0.7005800008773804,
    "test_physics_loss": 0.00416861055418849,
    "test_total_loss": 0.7005800008773804,
    "test_actual_physics_residual": 2.212605099138898e-10,
    "training_time_seconds": 0.3392523689999507,
    "evaluation_time_seconds": 0.07265005000044766,
    "parameter_names": [
        "s",
        "t0",
        "x0"
    ],
    "timestamp": "2026-05-26T19:12:03.330430"
}