{
  "observation_mode": "event_traces",
  "time_axis_size": 128,
  "records": [
    {
      "fraction": 0.25,
      "kept_steps": 32,
      "active_test_mae": 0.0026008138295605687,
      "test_mae": 0.0026008138295605687
    },
    {
      "fraction": 0.5,
      "kept_steps": 64,
      "active_test_mae": 0.0018657827833637296,
      "test_mae": 0.0018657827833637296
    },
    {
      "fraction": 0.75,
      "kept_steps": 96,
      "active_test_mae": 0.0018657827833637296,
      "test_mae": 0.0018657827833637296
    },
    {
      "fraction": 1.0,
      "kept_steps": 128,
      "active_test_mae": 0.0018657827833637296,
      "test_mae": 0.0018657827833637296
    }
  ]
}