{
  "observation_mode": "event_traces",
  "time_axis_size": 128,
  "records": [
    {
      "fraction": 0.25,
      "kept_steps": 32,
      "active_test_mae": 0.0027662134704979848,
      "test_mae": 0.0027662134704979848
    },
    {
      "fraction": 0.5,
      "kept_steps": 64,
      "active_test_mae": 0.002743023465839078,
      "test_mae": 0.002743023465839078
    },
    {
      "fraction": 0.75,
      "kept_steps": 96,
      "active_test_mae": 0.0027154797337409073,
      "test_mae": 0.0027154797337409073
    },
    {
      "fraction": 1.0,
      "kept_steps": 128,
      "active_test_mae": 0.0027154797337409073,
      "test_mae": 0.0027154797337409073
    }
  ]
}