{
    "train_mae": 0.0007483024443194793,
    "train_rmse": 0.001085948315893817,
    "test_mae": 0.0006221427552026698,
    "test_rmse": 0.000990337249641451,
    "per_parameter_mae_train": {
        "s": 0.0015245638051761584,
        "t0": 0.0005147686851336159,
        "x0": 0.00020557484264866358
    },
    "per_parameter_mae_test": {
        "s": 0.0013034146228814243,
        "t0": 0.0004200497122026599,
        "x0": 0.00014296393052392524
    },
    "per_parameter_rmse_train": {
        "s": 0.0017615549536304364,
        "t0": 0.000587155824685151,
        "x0": 0.0003000390262219636
    },
    "per_parameter_rmse_test": {
        "s": 0.0016198233277095499,
        "t0": 0.0005211546675319209,
        "x0": 0.00021650358796064558
    },
    "train_data_loss": 0.31717798113822937,
    "train_physics_loss": 0.00030404041172005236,
    "train_total_loss": 0.31717798113822937,
    "train_actual_physics_residual": 2.6961671784064833e-10,
    "test_data_loss": 0.2501690685749054,
    "test_physics_loss": 0.0002570843789726496,
    "test_total_loss": 0.2501690685749054,
    "test_actual_physics_residual": 3.0572303022502467e-10,
    "training_time_seconds": 9.790750779000518,
    "evaluation_time_seconds": 0.04198117300256854,
    "parameter_names": [
        "s",
        "t0",
        "x0"
    ],
    "timestamp": "2026-05-24T05:37:11.449651"
}