{
    "train_mae": 0.0028595100326053165,
    "train_rmse": 0.0041599903252376134,
    "test_mae": 0.003008594596232393,
    "test_rmse": 0.004510248387165175,
    "per_parameter_mae_train": {
        "s": 0.00571350492821425,
        "t0": 0.0005558102302002944,
        "x0": 0.002309214939401406
    },
    "per_parameter_mae_test": {
        "s": 0.006581760051127787,
        "t0": 0.00045235667270300913,
        "x0": 0.001991667064866384
    },
    "per_parameter_rmse_train": {
        "s": 0.006653981785372126,
        "t0": 0.0006223285362460723,
        "x0": 0.0026932864888684666
    },
    "per_parameter_rmse_test": {
        "s": 0.00739945028246238,
        "t0": 0.0005270571396580794,
        "x0": 0.0024489523945313892
    },
    "train_data_loss": 0.959766685962677,
    "train_physics_loss": 0.004338105209171772,
    "train_total_loss": 0.959766685962677,
    "train_actual_physics_residual": 2.6961671784064833e-10,
    "test_data_loss": 0.8907305598258972,
    "test_physics_loss": 0.005364578682929277,
    "test_total_loss": 0.8907305598258972,
    "test_actual_physics_residual": 3.0572303022502467e-10,
    "training_time_seconds": 13.186771442000463,
    "evaluation_time_seconds": 0.12202139500004705,
    "parameter_names": [
        "s",
        "t0",
        "x0"
    ],
    "timestamp": "2026-05-26T02:23:58.740130"
}