{
  "train_polynomial_residual": {
    "mean": 0.0014091826445786638,
    "median": 0.0014083648715164723,
    "max": 0.0015413208528779043,
    "mse": 1.98949325219336e-06
  },
  "test_polynomial_residual": {
    "mean": 0.0014429403965889043,
    "median": 0.0014312400837105746,
    "max": 0.0016046646681525142,
    "mse": 2.088141309014711e-06
  },
  "train_forward_linear_error": {
    "mean": 0.0014387211537285121,
    "median": 0.0014471487560303155,
    "max": 0.00155929215999472,
    "mse": 2.0749373468058023e-06
  },
  "test_forward_linear_error": {
    "mean": 0.0014704927980139153,
    "median": 0.0014645841013473193,
    "max": 0.0016643620485382888,
    "mse": 2.1698159095972937e-06
  },
  "train_forward_quadratic_error": {
    "mean": 0.0014152190460716971,
    "median": 0.0014106134369318063,
    "max": 0.0015459748623217978,
    "mse": 2.0063764071922422e-06
  },
  "test_forward_quadratic_error": {
    "mean": 0.0014601693383274547,
    "median": 0.0014543317241538347,
    "max": 0.001649886012499251,
    "mse": 2.1397640602939436e-06
  },
  "train_observed_forward_residual": {
    "mean": 0.0014091510202436067,
    "median": 0.0014083935665285075,
    "max": 0.0015413490475703134,
    "mse": 1.989403063977748e-06
  },
  "test_observed_forward_residual": {
    "mean": 0.0014429270030086572,
    "median": 0.00143122282759831,
    "max": 0.0016046658507200126,
    "mse": 2.0881051455790837e-06
  },
  "train_clean_forward_residual": {
    "mean": 0.00011961971839815412,
    "median": 0.00011117900262903745,
    "max": 0.0002340444308253543,
    "mse": 1.6886249964813394e-08
  },
  "test_clean_forward_residual": {
    "mean": 0.00020378180769855696,
    "median": 0.00019837331465316407,
    "max": 0.0003836830315838143,
    "mse": 5.162584881486738e-08
  },
  "train_observation_noise_floor": {
    "mean": 0.0014152128968945,
    "median": 0.0014106759711393448,
    "max": 0.001545987211966748,
    "mse": 2.0063566377951176e-06
  },
  "test_observation_noise_floor": {
    "mean": 0.001460135792988409,
    "median": 0.0014542143921410608,
    "max": 0.0016499438430055671,
    "mse": 2.139673423864192e-06
  }
}
