{
    "train_mae": 0.0010167694166466528,
    "train_rmse": 0.0017004693116334168,
    "test_mae": 0.0012623748077801946,
    "test_rmse": 0.0024082966547609563,
    "per_parameter_mae_train": {
        "s": 0.0021760541902720925,
        "t0": 0.0004633730100996174,
        "x0": 0.0004108810495682484
    },
    "per_parameter_mae_test": {
        "s": 0.002884739290552415,
        "t0": 0.00040553247263350883,
        "x0": 0.0004968526601546602
    },
    "per_parameter_rmse_train": {
        "s": 0.0028518824136052117,
        "t0": 0.0005421552921087122,
        "x0": 0.0004976162955821556
    },
    "per_parameter_rmse_test": {
        "s": 0.004097352735935336,
        "t0": 0.0005198940380982841,
        "x0": 0.0005840283199225069
    },
    "train_data_loss": 0.3179095983505249,
    "train_physics_loss": 0.0007968926802277565,
    "train_total_loss": 0.3179095983505249,
    "train_actual_physics_residual": 2.6961671784064833e-10,
    "test_data_loss": 0.36538100242614746,
    "test_physics_loss": 0.0016449145041406155,
    "test_total_loss": 0.36538100242614746,
    "test_actual_physics_residual": 3.0572303022502467e-10,
    "training_time_seconds": 15.064457963999303,
    "evaluation_time_seconds": 0.09486243200080935,
    "parameter_names": [
        "s",
        "t0",
        "x0"
    ],
    "timestamp": "2026-05-24T03:28:39.872908"
}