{
    "train_mae": 0.0028101230450259074,
    "train_rmse": 0.004108240807723953,
    "test_mae": 0.002998909370772972,
    "test_rmse": 0.004674777434873561,
    "per_parameter_mae_train": {
        "s": 0.005664800617801225,
        "t0": 0.0004911694978223428,
        "x0": 0.002274399019454154
    },
    "per_parameter_mae_test": {
        "s": 0.006724137845416358,
        "t0": 0.000445361930169554,
        "x0": 0.0018272283367330039
    },
    "per_parameter_rmse_train": {
        "s": 0.006603741588828178,
        "t0": 0.0005627288830922155,
        "x0": 0.0025897607678818445
    },
    "per_parameter_rmse_test": {
        "s": 0.007755183307569758,
        "t0": 0.0005320359628281727,
        "x0": 0.002265988039919446
    },
    "train_data_loss": 0.8720624446868896,
    "train_physics_loss": 0.00427284324541688,
    "train_total_loss": 0.8720624446868896,
    "train_actual_physics_residual": 2.6961671784064833e-10,
    "test_data_loss": 0.8979477882385254,
    "test_physics_loss": 0.005892790388315916,
    "test_total_loss": 0.8979477882385254,
    "test_actual_physics_residual": 3.0572303022502467e-10,
    "training_time_seconds": 3.679999160999614,
    "evaluation_time_seconds": 0.015514863000134937,
    "parameter_names": [
        "s",
        "t0",
        "x0"
    ],
    "timestamp": "2026-05-24T14:09:32.353367"
}