{
    "train_mae": 0.002895966409113909,
    "train_rmse": 0.004208350500162396,
    "test_mae": 0.0030029525963152404,
    "test_rmse": 0.0044444923166006,
    "per_parameter_mae_train": {
        "s": 0.005749962344242528,
        "t0": 0.0005583447424115891,
        "x0": 0.00237959214068761
    },
    "per_parameter_mae_test": {
        "s": 0.00655938538447364,
        "t0": 0.00044039161338593383,
        "x0": 0.0020090807910861483
    },
    "per_parameter_rmse_train": {
        "s": 0.006711311300713178,
        "t0": 0.0006208925440718636,
        "x0": 0.002775506236758768
    },
    "per_parameter_rmse_test": {
        "s": 0.007309692346093808,
        "t0": 0.0005171769220339912,
        "x0": 0.002358275152253947
    },
    "train_data_loss": 0.9830230474472046,
    "train_physics_loss": 0.004413179587572813,
    "train_total_loss": 0.9830230474472046,
    "train_actual_physics_residual": 2.6961671784064833e-10,
    "test_data_loss": 0.8537982106208801,
    "test_physics_loss": 0.005235220771282911,
    "test_total_loss": 0.8537982106208801,
    "test_actual_physics_residual": 3.0572303022502467e-10,
    "training_time_seconds": 13.201401428999816,
    "evaluation_time_seconds": 0.1298755629977677,
    "parameter_names": [
        "s",
        "t0",
        "x0"
    ],
    "timestamp": "2026-05-26T02:13:22.571515"
}