{
  "train": {
    "event_abs_mean": 0.015625,
    "event_active_fraction_gt_1e_6": 0.015625,
    "spike_mean": 0.02857775054872036,
    "spike_active_fraction_gt_0p5": 0.0026960785035043955,
    "spike_count_per_sample_mean": 6.901960849761963,
    "first_spike_flat_index_mean": 651.0392456054688,
    "mem_abs_mean": 1.1528605222702026
  },
  "test": {
    "event_abs_mean": 0.015625,
    "event_active_fraction_gt_1e_6": 0.015625,
    "spike_mean": 0.02859087660908699,
    "spike_active_fraction_gt_0p5": 0.002704326994717121,
    "spike_count_per_sample_mean": 6.92307710647583,
    "first_spike_flat_index_mean": 651.0,
    "mem_abs_mean": 1.1526877880096436
  }
}