{
    "train_mae": 0.0028241201239836158,
    "train_rmse": 0.004083360637714886,
    "test_mae": 0.002996736042009748,
    "test_rmse": 0.004500834322742045,
    "per_parameter_mae_train": {
        "s": 0.00561118506945233,
        "t0": 0.000527059263334956,
        "x0": 0.002334116039163562
    },
    "per_parameter_mae_test": {
        "s": 0.0065429620123516824,
        "t0": 0.00045046451179218266,
        "x0": 0.00199678160188538
    },
    "per_parameter_rmse_train": {
        "s": 0.006496304402933787,
        "t0": 0.0005908019813224241,
        "x0": 0.00273321869161737
    },
    "per_parameter_rmse_test": {
        "s": 0.007416479286910409,
        "t0": 0.000515344144994384,
        "x0": 0.0023458013985347167
    },
    "train_data_loss": 0.9215617775917053,
    "train_physics_loss": 0.00413494324311614,
    "train_total_loss": 0.9215617775917053,
    "train_actual_physics_residual": 2.6961671784064833e-10,
    "test_data_loss": 0.8612269163131714,
    "test_physics_loss": 0.005389300175011158,
    "test_total_loss": 0.8612269163131714,
    "test_actual_physics_residual": 3.0572303022502467e-10,
    "training_time_seconds": 5.33268698899974,
    "evaluation_time_seconds": 0.07910057200024312,
    "parameter_names": [
        "s",
        "t0",
        "x0"
    ],
    "timestamp": "2026-05-26T04:27:04.672879"
}