{
    "train_mae": 0.0023796450427517922,
    "train_rmse": 0.0035505942281179653,
    "test_mae": 0.002573318846888026,
    "test_rmse": 0.0040329850087672025,
    "per_parameter_mae_train": {
        "s": 0.005031146996227804,
        "t0": 0.0004060477586171572,
        "x0": 0.0017017403734104165
    },
    "per_parameter_mae_test": {
        "s": 0.004978960541879877,
        "t0": 0.0006749226192643266,
        "x0": 0.0020660733795198746
    },
    "per_parameter_rmse_train": {
        "s": 0.005760578980874432,
        "t0": 0.0004962849645679004,
        "x0": 0.0020951346394170855
    },
    "per_parameter_rmse_test": {
        "s": 0.006471513812548031,
        "t0": 0.00075788502870282,
        "x0": 0.0025179403289377483
    },
    "train_data_loss": 0.7068365812301636,
    "train_physics_loss": 0.0032513870391994715,
    "train_total_loss": 0.7068365812301636,
    "train_actual_physics_residual": 2.6906588068698056e-10,
    "test_data_loss": 1.1781647205352783,
    "test_physics_loss": 0.00410345196723938,
    "test_total_loss": 1.1781647205352783,
    "test_actual_physics_residual": 2.949215871517197e-10,
    "training_time_seconds": 12.666455098998995,
    "evaluation_time_seconds": 0.1788861650002218,
    "parameter_names": [
        "s",
        "t0",
        "x0"
    ],
    "timestamp": "2026-05-26T06:48:37.591557"
}