{
  "train": {
    "event_abs_mean": 0.014820772223174572,
    "event_active_fraction_gt_1e_6": 0.014820772223174572,
    "spike_mean": 0.02012530341744423,
    "spike_active_fraction_gt_0p5": 0.0006127451197244227,
    "spike_count_per_sample_mean": 1.5686274766921997,
    "first_spike_flat_index_mean": 796.5952758789062,
    "mem_abs_mean": 1.238377571105957
  },
  "test": {
    "event_abs_mean": 0.014773637987673283,
    "event_active_fraction_gt_1e_6": 0.014773637987673283,
    "spike_mean": 0.020107349380850792,
    "spike_active_fraction_gt_0p5": 0.0006310096359811723,
    "spike_count_per_sample_mean": 1.6153846979141235,
    "first_spike_flat_index_mean": 829.3636474609375,
    "mem_abs_mean": 1.238203763961792
  }
}