{
    "train_mae": 0.0003326407044176718,
    "train_rmse": 0.0007198332924969225,
    "test_mae": 0.0010658157196415446,
    "test_rmse": 0.00257729057798253,
    "per_parameter_mae_train": {
        "a": 0.0002028349321978548,
        "d": 0.0013661826133746049,
        "epsilon": 9.499490256914545e-11,
        "k": 0.0,
        "mu1": 0.00042681466500970276,
        "mu2": 1.1920928966180355e-08
    },
    "per_parameter_mae_test": {
        "a": 0.0007052695813218213,
        "d": 0.004444564106506887,
        "epsilon": 9.499490256914545e-11,
        "k": 0.0,
        "mu1": 0.00124504861409669,
        "mu2": 1.1920928966180355e-08
    },
    "per_parameter_rmse_train": {
        "a": 0.0002657724145836039,
        "d": 0.0016579160290363785,
        "epsilon": 9.499490256914543e-11,
        "k": 0.0,
        "mu1": 0.0005381814546138598,
        "mu2": 1.1920928966180355e-08
    },
    "per_parameter_rmse_test": {
        "a": 0.0009719905757860741,
        "d": 0.0060135609919823255,
        "epsilon": 9.499490256914545e-11,
        "k": 0.0,
        "mu1": 0.0016573710677740962,
        "mu2": 1.1920928966180354e-08
    },
    "train_data_loss": 0.02985246293246746,
    "train_physics_loss": 0.0,
    "train_total_loss": 0.02985246293246746,
    "train_actual_physics_residual": 0.0,
    "test_data_loss": 0.33704039454460144,
    "test_physics_loss": 0.0,
    "test_total_loss": 0.33704039454460144,
    "test_actual_physics_residual": 0.0,
    "training_time_seconds": 114.41069818600226,
    "evaluation_time_seconds": 0.48828663300082553,
    "parameter_names": [
        "a",
        "d",
        "epsilon",
        "k",
        "mu1",
        "mu2"
    ],
    "timestamp": "2026-06-18T03:41:02.176827"
}