{
  "train_observed_forward_residual": {
    "mean": 0.00014363053785388286,
    "median": 0.000141913826284151,
    "max": 0.00017401139856079224,
    "mse": 2.072946680307715e-08
  },
  "test_observed_forward_residual": {
    "mean": 0.00014174312210805633,
    "median": 0.00014397410775769909,
    "max": 0.0001542864580742705,
    "mse": 2.0174670486200433e-08
  },
  "train_clean_forward_residual": {
    "mean": 2.2025113901897154e-05,
    "median": 1.301220072466335e-05,
    "max": 7.992042474638961e-05,
    "mse": 9.9405383773934e-10
  },
  "test_clean_forward_residual": {
    "mean": 1.5514153447847034e-05,
    "median": 1.669509282281705e-05,
    "max": 2.207590092243639e-05,
    "mse": 2.5333714695645e-10
  },
  "train_observation_noise_floor": {
    "mean": 0.0001410856490247488,
    "median": 0.00014169152917321902,
    "max": 0.00015721282214449435,
    "mse": 1.9954105670164806e-08
  },
  "test_observation_noise_floor": {
    "mean": 0.00014262986068046195,
    "median": 0.00014494687025660969,
    "max": 0.00015470605833434176,
    "mse": 2.0428450106933678e-08
  }
}
