{
    "train_mae": 0.0024641421269070807,
    "train_rmse": 0.0036314101335434843,
    "test_mae": 0.0021803835709391767,
    "test_rmse": 0.0037477466778270394,
    "per_parameter_mae_train": {
        "s": 0.004670442629908807,
        "t0": 0.00045347078392902335,
        "x0": 0.0022685129668834117
    },
    "per_parameter_mae_test": {
        "s": 0.003858209117849065,
        "t0": 0.00011851517733119793,
        "x0": 0.0025644264176372666
    },
    "per_parameter_rmse_train": {
        "s": 0.005724223781931044,
        "t0": 0.0005429895158981836,
        "x0": 0.0025494789965807966
    },
    "per_parameter_rmse_test": {
        "s": 0.005812905995936444,
        "t0": 0.00013594145399481404,
        "x0": 0.0028859070128787493
    },
    "train_data_loss": 0.7880595326423645,
    "train_physics_loss": 0.00321048847399652,
    "train_total_loss": 0.7880595326423645,
    "train_actual_physics_residual": 2.0537377354301611e-10,
    "test_data_loss": 0.588667631149292,
    "test_physics_loss": 0.0033107029739767313,
    "test_total_loss": 0.588667631149292,
    "test_actual_physics_residual": 2.212605099138898e-10,
    "training_time_seconds": 3.2118789799997103,
    "evaluation_time_seconds": 0.06605821599987394,
    "parameter_names": [
        "s",
        "t0",
        "x0"
    ],
    "timestamp": "2026-05-26T16:32:09.519868"
}