{
  "observation_mode": "event_traces",
  "time_axis_size": 128,
  "records": [
    {
      "fraction": 0.25,
      "kept_steps": 32,
      "active_test_mae": 0.0030267164954368474,
      "test_mae": 0.0030267164954368474
    },
    {
      "fraction": 0.5,
      "kept_steps": 64,
      "active_test_mae": 0.0030028933594984475,
      "test_mae": 0.0030028933594984475
    },
    {
      "fraction": 0.75,
      "kept_steps": 96,
      "active_test_mae": 0.0030015602366692197,
      "test_mae": 0.0030015602366692197
    },
    {
      "fraction": 1.0,
      "kept_steps": 128,
      "active_test_mae": 0.0030015602366692197,
      "test_mae": 0.0030015602366692197
    }
  ]
}