{
    "train_mae": 0.002710879445979447,
    "train_rmse": 0.0038575340582697533,
    "test_mae": 0.0027097594773060015,
    "test_rmse": 0.004161874512129463,
    "per_parameter_mae_train": {
        "s": 0.00510516660835548,
        "t0": 0.0004617967935049523,
        "x0": 0.0025656749360779096
    },
    "per_parameter_mae_test": {
        "s": 0.005578981832226424,
        "t0": 0.0007127876161010622,
        "x0": 0.0018375089835905173
    },
    "per_parameter_rmse_train": {
        "s": 0.005885012838962537,
        "t0": 0.0005196545357359543,
        "x0": 0.003120623348125899
    },
    "per_parameter_rmse_test": {
        "s": 0.006787120079294709,
        "t0": 0.0007423697406613513,
        "x0": 0.0023124633103086315
    },
    "train_data_loss": 0.9800681471824646,
    "train_physics_loss": 0.00339337601326406,
    "train_total_loss": 0.9800681471824646,
    "train_actual_physics_residual": 2.6906588068698056e-10,
    "test_data_loss": 1.1467032432556152,
    "test_physics_loss": 0.004513449966907501,
    "test_total_loss": 1.1467032432556152,
    "test_actual_physics_residual": 2.949215871517197e-10,
    "training_time_seconds": 14.534704874000454,
    "evaluation_time_seconds": 0.35490428199773305,
    "parameter_names": [
        "s",
        "t0",
        "x0"
    ],
    "timestamp": "2026-05-24T21:49:22.348236"
}