{
    "train_mae": 0.002949475638801817,
    "train_rmse": 0.004046066883924134,
    "test_mae": 0.0028711473871766264,
    "test_rmse": 0.004152092842162414,
    "per_parameter_mae_train": {
        "s": 0.005448463561943266,
        "t0": 0.0005016900626237872,
        "x0": 0.0028982732918383983
    },
    "per_parameter_mae_test": {
        "s": 0.005504996046025945,
        "t0": 0.00021977043028854198,
        "x0": 0.0028886756852153916
    },
    "per_parameter_rmse_train": {
        "s": 0.006214681064821692,
        "t0": 0.0005877820790932459,
        "x0": 0.0031849997139099056
    },
    "per_parameter_rmse_test": {
        "s": 0.0065664268761252975,
        "t0": 0.00025027251072368996,
        "x0": 0.0029221612995665525
    },
    "train_data_loss": 1.009053111076355,
    "train_physics_loss": 0.0037842176388949156,
    "train_total_loss": 1.009053111076355,
    "train_actual_physics_residual": 2.0537377354301611e-10,
    "test_data_loss": 0.7200597524642944,
    "test_physics_loss": 0.004224665928632021,
    "test_total_loss": 0.7200597524642944,
    "test_actual_physics_residual": 2.212605099138898e-10,
    "training_time_seconds": 1.6511018579994925,
    "evaluation_time_seconds": 0.12650002800000948,
    "parameter_names": [
        "s",
        "t0",
        "x0"
    ],
    "timestamp": "2026-05-26T17:02:35.300899"
}