{
    "train_mae": 0.0027101509253785144,
    "train_rmse": 0.00364241506941647,
    "test_mae": 0.002169771787182889,
    "test_rmse": 0.0038768674218711543,
    "per_parameter_mae_train": {
        "s": 0.005186358935337028,
        "t0": 0.00042279228901725583,
        "x0": 0.002521301551781261
    },
    "per_parameter_mae_test": {
        "s": 0.004346170787361515,
        "t0": 0.0005710044080418601,
        "x0": 0.0015921401661452919
    },
    "per_parameter_rmse_train": {
        "s": 0.005575390051163185,
        "t0": 0.0004956979731611433,
        "x0": 0.002910476234318204
    },
    "per_parameter_rmse_test": {
        "s": 0.006452092005734605,
        "t0": 0.0005877459136689464,
        "x0": 0.00176504008758972
    },
    "train_data_loss": 0.8853605389595032,
    "train_physics_loss": 0.0030456953682005405,
    "train_total_loss": 0.8853605389595032,
    "train_actual_physics_residual": 2.364869966520189e-10,
    "test_data_loss": 0.9046075344085693,
    "test_physics_loss": 0.004078847821801901,
    "test_total_loss": 0.9046075344085693,
    "test_actual_physics_residual": 3.2109151448800333e-10,
    "training_time_seconds": 7.27803045499968,
    "evaluation_time_seconds": 0.14201402600156143,
    "parameter_names": [
        "s",
        "t0",
        "x0"
    ],
    "timestamp": "2026-05-24T21:40:11.998116"
}