{
    "train_mae": 0.0011968974536128462,
    "train_rmse": 0.0026394267027153332,
    "test_mae": 0.001032602690725666,
    "test_rmse": 0.002214338801836796,
    "per_parameter_mae_train": {
        "a": 0.0007895591454836398,
        "d": 0.005058350632619411,
        "epsilon": 9.499490256914545e-11,
        "k": 0.0,
        "mu1": 0.001333462927650158,
        "mu2": 1.1920928966180355e-08
    },
    "per_parameter_mae_test": {
        "a": 0.0007714813801501713,
        "d": 0.004047067435384332,
        "epsilon": 9.499490256914545e-11,
        "k": 0.0,
        "mu1": 0.001377055312895624,
        "mu2": 1.1920928966180355e-08
    },
    "per_parameter_rmse_train": {
        "a": 0.0009834656929930772,
        "d": 0.006176350114608096,
        "epsilon": 9.499490256914543e-11,
        "k": 0.0,
        "mu1": 0.0016385769455184297,
        "mu2": 1.1920928966180355e-08
    },
    "per_parameter_rmse_test": {
        "a": 0.000923822128980445,
        "d": 0.005077267875944822,
        "epsilon": 9.499490256914545e-11,
        "k": 0.0,
        "mu1": 0.0016696351594533405,
        "mu2": 1.1920928966180354e-08
    },
    "train_data_loss": 0.34054866433143616,
    "train_physics_loss": 0.0,
    "train_total_loss": 0.34054866433143616,
    "train_actual_physics_residual": 0.0,
    "test_data_loss": 0.3064427971839905,
    "test_physics_loss": 0.0,
    "test_total_loss": 0.3064427971839905,
    "test_actual_physics_residual": 0.0,
    "training_time_seconds": 50.948921105999034,
    "evaluation_time_seconds": 0.20123059998149984,
    "parameter_names": [
        "a",
        "d",
        "epsilon",
        "k",
        "mu1",
        "mu2"
    ],
    "timestamp": "2026-06-15T16:46:42.674707"
}