{
    "train_mae": 0.0027322865828062317,
    "train_rmse": 0.0039604019777257455,
    "test_mae": 0.00271308479941953,
    "test_rmse": 0.00440717966384961,
    "per_parameter_mae_train": {
        "s": 0.0051146222032627,
        "t0": 0.00044305935835700806,
        "x0": 0.002639178186798987
    },
    "per_parameter_mae_test": {
        "s": 0.005983323050457916,
        "t0": 0.0005503716216316647,
        "x0": 0.0016055597261690083
    },
    "per_parameter_rmse_train": {
        "s": 0.006137727617767608,
        "t0": 0.0005237146624782651,
        "x0": 0.0030180083031562423
    },
    "per_parameter_rmse_test": {
        "s": 0.007378391342879636,
        "t0": 0.0005704122681504265,
        "x0": 0.0018718089656829288
    },
    "train_data_loss": 1.0019285678863525,
    "train_physics_loss": 0.0036910665221512318,
    "train_total_loss": 1.0019285678863525,
    "train_actual_physics_residual": 2.364869966520189e-10,
    "test_data_loss": 1.007872223854065,
    "test_physics_loss": 0.005334087181836367,
    "test_total_loss": 1.007872223854065,
    "test_actual_physics_residual": 3.2109151448800333e-10,
    "training_time_seconds": 0.7757972300005349,
    "evaluation_time_seconds": 0.1088098229993193,
    "parameter_names": [
        "s",
        "t0",
        "x0"
    ],
    "timestamp": "2026-05-26T17:14:47.352229"
}