{
    "train_mae": 0.0021874828752031284,
    "train_rmse": 0.004917955485409179,
    "test_mae": 0.002066532243098303,
    "test_rmse": 0.004582565103951798,
    "per_parameter_mae_train": {
        "a": 0.0018502899490206455,
        "beta": 0.0,
        "d": 0.010230268033286897,
        "epsilon": 4.749745128457272e-11,
        "gamma": 0.0010443392214137769,
        "k": 0.0
    },
    "per_parameter_mae_test": {
        "a": 0.0020523596479940557,
        "beta": 0.0,
        "d": 0.009174696703062344,
        "epsilon": 4.749745128457272e-11,
        "gamma": 0.001172137060035967,
        "k": 0.0
    },
    "per_parameter_rmse_train": {
        "a": 0.002227321633504764,
        "beta": 0.0,
        "d": 0.011770659891848806,
        "epsilon": 4.7497451284572716e-11,
        "gamma": 0.001268195958888441,
        "k": 0.0
    },
    "per_parameter_rmse_test": {
        "a": 0.0024125904518668122,
        "beta": 0.0,
        "d": 0.010876871663461836,
        "epsilon": 4.7497451284572716e-11,
        "gamma": 0.0013683887312757744,
        "k": 0.0
    },
    "train_data_loss": 0.6450895667076111,
    "train_physics_loss": 2.107560476360959e-06,
    "train_total_loss": 0.6450895667076111,
    "train_actual_physics_residual": 2.1023390672780806e-06,
    "test_data_loss": 0.649275004863739,
    "test_physics_loss": 2.5024637579917908e-06,
    "test_total_loss": 0.649275004863739,
    "test_actual_physics_residual": 2.5013162030518288e-06,
    "training_time_seconds": 68.19830499399905,
    "evaluation_time_seconds": 0.36600113100212184,
    "parameter_names": [
        "a",
        "beta",
        "d",
        "epsilon",
        "gamma",
        "k"
    ],
    "timestamp": "2026-05-11T00:57:27.425704"
}