{
  "observation_mode": "event_traces",
  "time_axis_size": 128,
  "records": [
    {
      "fraction": 0.25,
      "kept_steps": 32,
      "active_test_mae": 0.0029123015478060336,
      "test_mae": 0.0029123015478060336
    },
    {
      "fraction": 0.5,
      "kept_steps": 64,
      "active_test_mae": 0.0029096953729213356,
      "test_mae": 0.0029096953729213356
    },
    {
      "fraction": 0.75,
      "kept_steps": 96,
      "active_test_mae": 0.0029110078213495628,
      "test_mae": 0.0029110078213495628
    },
    {
      "fraction": 1.0,
      "kept_steps": 128,
      "active_test_mae": 0.0029110078213495628,
      "test_mae": 0.0029110078213495628
    }
  ]
}