{
    "train_mae": 0.002673457290796734,
    "train_rmse": 0.003598700854377524,
    "test_mae": 0.0028731474220166663,
    "test_rmse": 0.004010930278757874,
    "per_parameter_mae_train": {
        "s": 0.004859986904075834,
        "t0": 0.00041781887684421565,
        "x0": 0.0027425660914701527
    },
    "per_parameter_mae_test": {
        "s": 0.0055858497466637624,
        "t0": 0.0001604885476184162,
        "x0": 0.002873103971767821
    },
    "per_parameter_rmse_train": {
        "s": 0.005437477367480503,
        "t0": 0.0005025288464833548,
        "x0": 0.0030055362507349615
    },
    "per_parameter_rmse_test": {
        "s": 0.006312196758304502,
        "t0": 0.0001988448545065499,
        "x0": 0.0028947051510398343
    },
    "train_data_loss": 0.8027766346931458,
    "train_physics_loss": 0.002896898193284869,
    "train_total_loss": 0.8027766346931458,
    "train_actual_physics_residual": 2.0537377354301611e-10,
    "test_data_loss": 0.6637132167816162,
    "test_physics_loss": 0.0039038679096847773,
    "test_total_loss": 0.6637132167816162,
    "test_actual_physics_residual": 2.212605099138898e-10,
    "training_time_seconds": 2.2994314520001353,
    "evaluation_time_seconds": 0.2388769940007478,
    "parameter_names": [
        "s",
        "t0",
        "x0"
    ],
    "timestamp": "2026-05-26T17:50:07.585435"
}