{
  "train": {
    "event_abs_mean": 0.014892578125,
    "event_active_fraction_gt_1e_6": 0.014892578125,
    "spike_mean": 0.06271476298570633,
    "spike_active_fraction_gt_0p5": 0.00475260429084301,
    "spike_count_per_sample_mean": 12.166666984558105,
    "first_spike_flat_index_mean": 1021.5833740234375,
    "mem_abs_mean": 1.3088265657424927
  },
  "test": {
    "event_abs_mean": 0.015380859375,
    "event_active_fraction_gt_1e_6": 0.015380859375,
    "spike_mean": 0.06264205276966095,
    "spike_active_fraction_gt_0p5": 0.005078125279396772,
    "spike_count_per_sample_mean": 13.0,
    "first_spike_flat_index_mean": 807.0,
    "mem_abs_mean": 1.3068889379501343
  }
}