{
    "train_mae": 0.016411398422409795,
    "train_rmse": 0.04348338531803286,
    "test_mae": 0.016193254202576963,
    "test_rmse": 0.044851564173998174,
    "per_parameter_mae_train": {
        "a": 0.0006474272465640643,
        "d": 0.0941940575588484,
        "epsilon": 1.341104512164737e-09,
        "k": 0.0,
        "mu1": 0.003626904387941795,
        "mu2": 0.0
    },
    "per_parameter_mae_test": {
        "a": 0.0007456375183654754,
        "d": 0.09224393933628947,
        "epsilon": 1.341104512164737e-09,
        "k": 0.0,
        "mu1": 0.00416994701970234,
        "mu2": 0.0
    },
    "per_parameter_rmse_train": {
        "a": 0.0007973866071549208,
        "d": 0.10641471534757269,
        "epsilon": 1.3411045121647371e-09,
        "k": 0.0,
        "mu1": 0.004483450054690223,
        "mu2": 0.0
    },
    "per_parameter_rmse_test": {
        "a": 0.000861455402585239,
        "d": 0.10975319676524922,
        "epsilon": 1.3411045121647371e-09,
        "k": 0.0,
        "mu1": 0.0048446411140040885,
        "mu2": 0.0
    },
    "train_data_loss": 0.6595411896705627,
    "train_physics_loss": 0.0016583213582634926,
    "train_total_loss": 0.6595411896705627,
    "train_actual_physics_residual": 0.001658676192164421,
    "test_data_loss": 0.7357707023620605,
    "test_physics_loss": 0.0016464010113850236,
    "test_total_loss": 0.7357707023620605,
    "test_actual_physics_residual": 0.0016455514123663306,
    "training_time_seconds": 134.67270175399972,
    "evaluation_time_seconds": 0.24294188700150698,
    "parameter_names": [
        "a",
        "d",
        "epsilon",
        "k",
        "mu1",
        "mu2"
    ],
    "timestamp": "2026-05-11T01:40:35.673950"
}