{
  "observation_mode": "event_traces",
  "time_axis_size": 128,
  "records": [
    {
      "fraction": 0.25,
      "kept_steps": 32,
      "active_test_mae": 0.0037360260135944124,
      "test_mae": 0.0037360260135944116
    },
    {
      "fraction": 0.5,
      "kept_steps": 64,
      "active_test_mae": 0.0030743578609161203,
      "test_mae": 0.0030743578609161203
    },
    {
      "fraction": 0.75,
      "kept_steps": 96,
      "active_test_mae": 0.0029208379866494352,
      "test_mae": 0.0029208379866494352
    },
    {
      "fraction": 1.0,
      "kept_steps": 128,
      "active_test_mae": 0.0029208379866494352,
      "test_mae": 0.0029208379866494352
    }
  ]
}