{
  "train_observed_forward_residual": {
    "mean": 0.0003399148593864506,
    "median": 0.0003728544554037136,
    "max": 0.0006159588580100288,
    "mse": 1.5076808980576147e-07
  },
  "test_observed_forward_residual": {
    "mean": 0.0003403917579544693,
    "median": 0.00037354855563092795,
    "max": 0.0005685267194334088,
    "mse": 1.6035362476374766e-07
  },
  "train_clean_forward_residual": {
    "mean": 0.0003391413198221674,
    "median": 0.0003732961736665036,
    "max": 0.0006159605081196648,
    "mse": 1.5063263807952518e-07
  },
  "test_clean_forward_residual": {
    "mean": 0.0003384364705940117,
    "median": 0.00037438712140784337,
    "max": 0.0005662722626077571,
    "mse": 1.5954936845878976e-07
  },
  "train_observation_noise_floor": {
    "mean": 1.4108564902479847e-05,
    "median": 1.4169152917293253e-05,
    "max": 1.5721282214395744e-05,
    "mse": 1.995410567017737e-10
  },
  "test_observation_noise_floor": {
    "mean": 1.4262986068046467e-05,
    "median": 1.4494687025685124e-05,
    "max": 1.5470605833418225e-05,
    "mse": 2.042845010693216e-10
  }
}
