{
  "observation_mode": "event_traces",
  "time_axis_size": 128,
  "records": [
    {
      "fraction": 0.25,
      "kept_steps": 32,
      "active_test_mae": 0.003244498840068859,
      "test_mae": 0.003244498840068858
    },
    {
      "fraction": 0.5,
      "kept_steps": 64,
      "active_test_mae": 0.002696033781279342,
      "test_mae": 0.002696033781279342
    },
    {
      "fraction": 0.75,
      "kept_steps": 96,
      "active_test_mae": 0.002665036389734611,
      "test_mae": 0.002665036389734611
    },
    {
      "fraction": 1.0,
      "kept_steps": 128,
      "active_test_mae": 0.002665036389734611,
      "test_mae": 0.002665036389734611
    }
  ]
}