{
    "train_mae": 0.0021549012624934847,
    "train_rmse": 0.004917935807271462,
    "test_mae": 0.0021771568765566285,
    "test_rmse": 0.00509490163092739,
    "per_parameter_mae_train": {
        "a": 0.0008915251184877883,
        "d": 0.010471421904389875,
        "epsilon": 9.499490256914545e-11,
        "k": 0.0,
        "mu1": 0.001566448536159379,
        "mu2": 1.1920928966180355e-08
    },
    "per_parameter_mae_test": {
        "a": 0.000997945901022079,
        "d": 0.010260876648530882,
        "epsilon": 9.499490256914545e-11,
        "k": 0.0,
        "mu1": 0.0018041066938629413,
        "mu2": 1.1920928966180355e-08
    },
    "per_parameter_rmse_train": {
        "a": 0.0010884656677496586,
        "d": 0.011840117973996367,
        "epsilon": 9.499490256914543e-11,
        "k": 0.0,
        "mu1": 0.0019347879673218004,
        "mu2": 1.1920928966180357e-08
    },
    "per_parameter_rmse_test": {
        "a": 0.0011703278272470767,
        "d": 0.01224778839975992,
        "epsilon": 9.499490256914543e-11,
        "k": 0.0,
        "mu1": 0.0020904898622798535,
        "mu2": 1.1920928966180355e-08
    },
    "train_data_loss": 0.6629464030265808,
    "train_physics_loss": 0.0,
    "train_total_loss": 0.6629464030265808,
    "train_actual_physics_residual": 0.0,
    "test_data_loss": 0.7403375506401062,
    "test_physics_loss": 0.0,
    "test_total_loss": 0.7403375506401062,
    "test_actual_physics_residual": 0.0,
    "training_time_seconds": 49.11304094699881,
    "evaluation_time_seconds": 0.08884938299888745,
    "parameter_names": [
        "a",
        "d",
        "epsilon",
        "k",
        "mu1",
        "mu2"
    ],
    "timestamp": "2026-06-19T18:41:27.708589"
}