{
    "train_mae": 0.001333928360504945,
    "train_rmse": 0.002192884824637927,
    "test_mae": 0.0016560165712864172,
    "test_rmse": 0.0027579703553540958,
    "per_parameter_mae_train": {
        "s": 0.0030877751476789646,
        "t0": 0.000512575997660431,
        "x0": 0.00040143393617543896
    },
    "per_parameter_mae_test": {
        "s": 0.0036947171176252482,
        "t0": 0.0007293301975125707,
        "x0": 0.0005440023987214326
    },
    "per_parameter_rmse_train": {
        "s": 0.0037207163073188915,
        "t0": 0.0005808678543221519,
        "x0": 0.0004950699532878062
    },
    "per_parameter_rmse_test": {
        "s": 0.004667833049092272,
        "t0": 0.0007528844537180059,
        "x0": 0.0006809559957792302
    },
    "train_data_loss": 0.4470784366130829,
    "train_physics_loss": 0.0013564060209318995,
    "train_total_loss": 0.4470784366130829,
    "train_actual_physics_residual": 2.6906588068698056e-10,
    "test_data_loss": 0.7411419153213501,
    "test_physics_loss": 0.0021348558366298676,
    "test_total_loss": 0.7411419153213501,
    "test_actual_physics_residual": 2.949215871517197e-10,
    "training_time_seconds": 2.225003054998524,
    "evaluation_time_seconds": 0.06470855000225129,
    "parameter_names": [
        "s",
        "t0",
        "x0"
    ],
    "timestamp": "2026-05-26T08:18:15.317837"
}