{
  "train": {
    "event_abs_mean": 0.015625,
    "event_active_fraction_gt_1e_6": 0.015625,
    "spike_mean": 0.06550399959087372,
    "spike_active_fraction_gt_0p5": 0.003515625139698386,
    "spike_count_per_sample_mean": 9.0,
    "first_spike_flat_index_mean": 661.0,
    "mem_abs_mean": 1.6476809978485107
  },
  "test": {
    "event_abs_mean": 0.015625,
    "event_active_fraction_gt_1e_6": 0.015625,
    "spike_mean": 0.06550399214029312,
    "spike_active_fraction_gt_0p5": 0.0035156249068677425,
    "spike_count_per_sample_mean": 9.0,
    "first_spike_flat_index_mean": 661.0,
    "mem_abs_mean": 1.6476808786392212
  }
}