{
  "observation_mode": "event_traces",
  "time_axis_size": 128,
  "records": [
    {
      "fraction": 0.25,
      "kept_steps": 32,
      "active_test_mae": 0.0027645021786295186,
      "test_mae": 0.0027645021786295186
    },
    {
      "fraction": 0.5,
      "kept_steps": 64,
      "active_test_mae": 0.0027597689585046625,
      "test_mae": 0.0027597689585046625
    },
    {
      "fraction": 0.75,
      "kept_steps": 96,
      "active_test_mae": 0.002759994386327851,
      "test_mae": 0.002759994386327851
    },
    {
      "fraction": 1.0,
      "kept_steps": 128,
      "active_test_mae": 0.002759994386327851,
      "test_mae": 0.002759994386327851
    }
  ]
}