{
    "train_mae": 0.0028122518799322998,
    "train_rmse": 0.004073181332442198,
    "test_mae": 0.003018827925882427,
    "test_rmse": 0.004496715372053239,
    "per_parameter_mae_train": {
        "s": 0.005566932013628175,
        "t0": 0.0005599840518975605,
        "x0": 0.002309839574271164
    },
    "per_parameter_mae_test": {
        "s": 0.006633363918585249,
        "t0": 0.0004673324978640964,
        "x0": 0.001955787361197936
    },
    "per_parameter_rmse_train": {
        "s": 0.006487687912250042,
        "t0": 0.0006296583379782586,
        "x0": 0.0026992321929626517
    },
    "per_parameter_rmse_test": {
        "s": 0.007413976646182068,
        "t0": 0.0005448939905780371,
        "x0": 0.0023232279786276947
    },
    "train_data_loss": 0.9528533220291138,
    "train_physics_loss": 0.0041239820420742035,
    "train_total_loss": 0.9528533220291138,
    "train_actual_physics_residual": 2.6961671784064833e-10,
    "test_data_loss": 0.8828787207603455,
    "test_physics_loss": 0.005385662894695997,
    "test_total_loss": 0.8828787207603455,
    "test_actual_physics_residual": 3.0572303022502467e-10,
    "training_time_seconds": 6.722582998998405,
    "evaluation_time_seconds": 0.06980565999765531,
    "parameter_names": [
        "s",
        "t0",
        "x0"
    ],
    "timestamp": "2026-05-26T01:32:22.715845"
}