{
    "train_mae": 0.0018607819871213336,
    "train_rmse": 0.003777624939692446,
    "test_mae": 0.0021782918702230145,
    "test_rmse": 0.004223743301761567,
    "per_parameter_mae_train": {
        "s": 0.0055823444712478874,
        "t0": 1.4901161138336505e-09,
        "x0": 0.0
    },
    "per_parameter_mae_test": {
        "s": 0.006534874120552929,
        "t0": 1.4901161138336505e-09,
        "x0": 0.0
    },
    "per_parameter_rmse_train": {
        "s": 0.0065430383274864634,
        "t0": 1.4901161138336503e-09,
        "x0": 0.0
    },
    "per_parameter_rmse_test": {
        "s": 0.007315737996779608,
        "t0": 1.4901161138336505e-09,
        "x0": 0.0
    },
    "train_data_loss": 0.9411208033561707,
    "train_physics_loss": 0.004194649867713451,
    "train_total_loss": 0.9411208033561707,
    "train_actual_physics_residual": 2.7325863793947747e-10,
    "test_data_loss": 1.1765282154083252,
    "test_physics_loss": 0.005243886262178421,
    "test_total_loss": 1.1765282154083252,
    "test_actual_physics_residual": 3.07907949137487e-10,
    "training_time_seconds": 23.462808076998044,
    "evaluation_time_seconds": 0.36995734999800334,
    "parameter_names": [
        "s",
        "t0",
        "x0"
    ],
    "timestamp": "2026-05-24T22:09:43.163715"
}