{
    "train_mae": 0.0002983630038887239,
    "train_rmse": 0.0006236806101820393,
    "test_mae": 0.00033764849982078216,
    "test_rmse": 0.0007966944040754946,
    "per_parameter_mae_train": {
        "a": 0.00020529783206669051,
        "d": 0.00121996180559174,
        "epsilon": 9.499490256914545e-11,
        "k": 0.0,
        "mu1": 0.00036490636975004457,
        "mu2": 1.1920928966180355e-08
    },
    "per_parameter_mae_test": {
        "a": 0.00024181890232853053,
        "d": 0.0013910545034010013,
        "epsilon": 9.499490256914545e-11,
        "k": 0.0,
        "mu1": 0.00039300557727129233,
        "mu2": 1.1920928966180355e-08
    },
    "per_parameter_rmse_train": {
        "a": 0.00024589365183110923,
        "d": 0.0014476842474846169,
        "epsilon": 9.499490256914543e-11,
        "k": 0.0,
        "mu1": 0.00042143997500733964,
        "mu2": 1.1920928966180355e-08
    },
    "per_parameter_rmse_test": {
        "a": 0.00032590619717004813,
        "d": 0.0018531349035122169,
        "epsilon": 9.499490256914545e-11,
        "k": 0.0,
        "mu1": 0.0005176949109273256,
        "mu2": 1.1920928966180354e-08
    },
    "train_data_loss": 0.021205274388194084,
    "train_physics_loss": 0.0,
    "train_total_loss": 0.021205274388194084,
    "train_actual_physics_residual": 0.0,
    "test_data_loss": 0.03434683382511139,
    "test_physics_loss": 0.0,
    "test_total_loss": 0.03434683382511139,
    "test_actual_physics_residual": 0.0,
    "training_time_seconds": 62.141191575006815,
    "evaluation_time_seconds": 0.2510009910038207,
    "parameter_names": [
        "a",
        "d",
        "epsilon",
        "k",
        "mu1",
        "mu2"
    ],
    "timestamp": "2026-06-15T17:48:24.520449"
}