{
    "train_mae": 6.496285198307749e-05,
    "train_rmse": 0.0001613975101658656,
    "test_mae": 0.0001032333613741913,
    "test_rmse": 0.0002573448731471985,
    "per_parameter_mae_train": {
        "a": 4.045182372501525e-05,
        "d": 0.00028381588367071275,
        "epsilon": 9.499490256914545e-11,
        "k": 0.0,
        "mu1": 6.549738857886817e-05,
        "mu2": 1.1920928966180355e-08
    },
    "per_parameter_mae_test": {
        "a": 7.821628755512989e-05,
        "d": 0.0004214463686940352,
        "epsilon": 9.499490256914545e-11,
        "k": 0.0,
        "mu1": 0.00011972549607211395,
        "mu2": 1.1920928966180355e-08
    },
    "per_parameter_rmse_train": {
        "a": 5.438924461857652e-05,
        "d": 0.00038075137638346555,
        "epsilon": 9.499490256914543e-11,
        "k": 0.0,
        "mu1": 9.146112308649919e-05,
        "mu2": 1.1920928966180357e-08
    },
    "per_parameter_rmse_test": {
        "a": 0.0001196083516062951,
        "d": 0.0005966666823167668,
        "epsilon": 9.499490256914543e-11,
        "k": 0.0,
        "mu1": 0.00016444152367299435,
        "mu2": 1.1920928966180355e-08
    },
    "train_data_loss": 0.004466591402888298,
    "train_physics_loss": 0.0009683151147328317,
    "train_total_loss": 0.004466591402888298,
    "train_actual_physics_residual": 0.0009683195385150611,
    "test_data_loss": 0.015347279608249664,
    "test_physics_loss": 0.0009672117885202169,
    "test_total_loss": 0.015347279608249664,
    "test_actual_physics_residual": 0.0009672476444393396,
    "training_time_seconds": 53.28652585099917,
    "evaluation_time_seconds": 0.13718845599942142,
    "parameter_names": [
        "a",
        "d",
        "epsilon",
        "k",
        "mu1",
        "mu2"
    ],
    "timestamp": "2026-05-10T22:48:54.956144"
}