{
    "train_mae": 0.016378345488678548,
    "train_rmse": 0.04341050113979989,
    "test_mae": 0.016172465840948114,
    "test_rmse": 0.044840548212440635,
    "per_parameter_mae_train": {
        "a": 0.0006574108700623106,
        "d": 0.09399644237726297,
        "epsilon": 1.341104512164737e-09,
        "k": 0.0,
        "mu1": 0.003616218343641504,
        "mu2": 0.0
    },
    "per_parameter_mae_test": {
        "a": 0.0007589454015547501,
        "d": 0.09212410649045487,
        "epsilon": 1.341104512164737e-09,
        "k": 0.0,
        "mu1": 0.004151741812574549,
        "mu2": 0.0
    },
    "per_parameter_rmse_train": {
        "a": 0.0008128788687969324,
        "d": 0.10623660064949214,
        "epsilon": 1.3411045121647371e-09,
        "k": 0.0,
        "mu1": 0.004466941418508817,
        "mu2": 0.0
    },
    "per_parameter_rmse_test": {
        "a": 0.0008801505057286199,
        "d": 0.10972683487510156,
        "epsilon": 1.3411045121647371e-09,
        "k": 0.0,
        "mu1": 0.004826554395502207,
        "mu2": 0.0
    },
    "train_data_loss": 0.6614859104156494,
    "train_physics_loss": 0.001656538457609713,
    "train_total_loss": 0.6614859104156494,
    "train_actual_physics_residual": 0.001658676192164421,
    "test_data_loss": 0.7397698163986206,
    "test_physics_loss": 0.0016446347581222653,
    "test_total_loss": 0.7397698163986206,
    "test_actual_physics_residual": 0.0016455514123663306,
    "training_time_seconds": 83.54541958900154,
    "evaluation_time_seconds": 0.16557512000144925,
    "parameter_names": [
        "a",
        "d",
        "epsilon",
        "k",
        "mu1",
        "mu2"
    ],
    "timestamp": "2026-05-11T01:26:43.358627"
}