{
    "train_mae": 0.00262248058840852,
    "train_rmse": 0.004002547363414995,
    "test_mae": 0.0032100722302418113,
    "test_rmse": 0.005040224397461205,
    "per_parameter_mae_train": {
        "s": 0.004822167734940903,
        "t0": 0.0004312303028248393,
        "x0": 0.0026140437274598184
    },
    "per_parameter_mae_test": {
        "s": 0.007316968462358028,
        "t0": 0.0005447890080272554,
        "x0": 0.0017684592203401509
    },
    "per_parameter_rmse_train": {
        "s": 0.0062141971644044626,
        "t0": 0.0005224215280544929,
        "x0": 0.0030285286094197195
    },
    "per_parameter_rmse_test": {
        "s": 0.008472627708507428,
        "t0": 0.0005672642838741031,
        "x0": 0.0020259261772242465
    },
    "train_data_loss": 1.010976791381836,
    "train_physics_loss": 0.003783616703003645,
    "train_total_loss": 1.010976791381836,
    "train_actual_physics_residual": 2.364869966520189e-10,
    "test_data_loss": 1.1792317628860474,
    "test_physics_loss": 0.007033521309494972,
    "test_total_loss": 1.1792317628860474,
    "test_actual_physics_residual": 3.2109151448800333e-10,
    "training_time_seconds": 0.7634635579997848,
    "evaluation_time_seconds": 0.1482412170007592,
    "parameter_names": [
        "s",
        "t0",
        "x0"
    ],
    "timestamp": "2026-05-26T16:51:09.115715"
}