{
    "train_mae": 0.0016284506518345582,
    "train_rmse": 0.0027592628832272805,
    "test_mae": 0.0019294646851502873,
    "test_rmse": 0.0033217919606306355,
    "per_parameter_mae_train": {
        "s": 0.003635701669289987,
        "t0": 0.0005047429178555196,
        "x0": 0.000744907368358168
    },
    "per_parameter_mae_test": {
        "s": 0.00450934789180955,
        "t0": 0.00037573692566502,
        "x0": 0.0009033092379762921
    },
    "per_parameter_rmse_train": {
        "s": 0.004646316483619253,
        "t0": 0.0005821961875757734,
        "x0": 0.0009557121478182757
    },
    "per_parameter_rmse_test": {
        "s": 0.0056281554648782255,
        "t0": 0.0004537913529895058,
        "x0": 0.0011049185310439346
    },
    "train_data_loss": 0.4828007221221924,
    "train_physics_loss": 0.002115212380886078,
    "train_total_loss": 0.4828007221221924,
    "train_actual_physics_residual": 2.6961671784064833e-10,
    "test_data_loss": 0.457680344581604,
    "test_physics_loss": 0.0031036222353577614,
    "test_total_loss": 0.457680344581604,
    "test_actual_physics_residual": 3.0572303022502467e-10,
    "training_time_seconds": 36.85238137700071,
    "evaluation_time_seconds": 0.12150439800097956,
    "parameter_names": [
        "s",
        "t0",
        "x0"
    ],
    "timestamp": "2026-05-24T04:30:28.104628"
}