{
  "observation_mode": "event_traces",
  "time_axis_size": 128,
  "records": [
    {
      "fraction": 0.25,
      "kept_steps": 32,
      "active_test_mae": 0.0029796928452031275,
      "test_mae": 0.002979692845203127
    },
    {
      "fraction": 0.5,
      "kept_steps": 64,
      "active_test_mae": 0.0029375590685254823,
      "test_mae": 0.0029375590685254823
    },
    {
      "fraction": 0.75,
      "kept_steps": 96,
      "active_test_mae": 0.0029375590685254823,
      "test_mae": 0.0029375590685254823
    },
    {
      "fraction": 1.0,
      "kept_steps": 128,
      "active_test_mae": 0.0029375590685254823,
      "test_mae": 0.0029375590685254823
    }
  ]
}