{
    "train_mae": 0.050209984818950684,
    "train_rmse": 0.06649225730735879,
    "test_mae": 0.05220151757792728,
    "test_rmse": 0.0685910108503465,
    "per_parameter_mae_train": {
        "D": 0.025605841003943374,
        "r": 0.07481412863395799
    },
    "per_parameter_mae_test": {
        "D": 0.023565499518646036,
        "r": 0.08083753563720854
    },
    "per_parameter_rmse_train": {
        "D": 0.030827971060455307,
        "r": 0.0888373613067821
    },
    "per_parameter_rmse_test": {
        "D": 0.03021551731603431,
        "r": 0.0921763313018539
    },
    "train_data_loss": 0.2709125280380249,
    "train_physics_loss": 1.7137002942035906e-05,
    "train_total_loss": 0.2709296643733978,
    "train_actual_physics_residual": 4.819371042685816e-06,
    "test_data_loss": 0.2655435800552368,
    "test_physics_loss": 1.6969512216746807e-05,
    "test_total_loss": 0.2655605375766754,
    "test_actual_physics_residual": 3.596155238483334e-06,
    "training_time_seconds": 37.666937521000136,
    "evaluation_time_seconds": 0.17761373400003322,
    "parameter_names": [
        "D",
        "r"
    ],
    "timestamp": "2026-05-11T20:43:40.469847"
}