{
    "train_mae": 0.002343541259557934,
    "train_rmse": 0.003572920440323777,
    "test_mae": 0.0027493165868619626,
    "test_rmse": 0.004135503026251131,
    "per_parameter_mae_train": {
        "s": 0.00446723452443781,
        "t0": 0.0004477553255975636,
        "x0": 0.0021156339286384288
    },
    "per_parameter_mae_test": {
        "s": 0.0056267408479595635,
        "t0": 0.00047879424651143393,
        "x0": 0.0021424146661148903
    },
    "per_parameter_rmse_train": {
        "s": 0.005624682014248115,
        "t0": 0.00052695491896876,
        "x0": 0.0025263713445609613
    },
    "per_parameter_rmse_test": {
        "s": 0.006651109855148228,
        "t0": 0.0005848319574979138,
        "x0": 0.0025938128530478186
    },
    "train_data_loss": 0.7376636266708374,
    "train_physics_loss": 0.0030997986905276775,
    "train_total_loss": 0.7376636266708374,
    "train_actual_physics_residual": 2.6961671784064833e-10,
    "test_data_loss": 0.8989359736442566,
    "test_physics_loss": 0.00433436268940568,
    "test_total_loss": 0.8989359736442566,
    "test_actual_physics_residual": 3.0572303022502467e-10,
    "training_time_seconds": 13.951754756999435,
    "evaluation_time_seconds": 0.18333196399908047,
    "parameter_names": [
        "s",
        "t0",
        "x0"
    ],
    "timestamp": "2026-05-26T02:00:30.546834"
}