{
    "train_mae": 0.0029175173977766355,
    "train_rmse": 0.004228294308915271,
    "test_mae": 0.003012400802731384,
    "test_rmse": 0.004472938676559338,
    "per_parameter_mae_train": {
        "s": 0.005788686323498049,
        "t0": 0.00056725096193141,
        "x0": 0.0023966149079004484
    },
    "per_parameter_mae_test": {
        "s": 0.006594377895929469,
        "t0": 0.0004408275039614569,
        "x0": 0.0020019970083032267
    },
    "per_parameter_rmse_train": {
        "s": 0.006738807736277962,
        "t0": 0.0006298049029583988,
        "x0": 0.0027977194938209322
    },
    "per_parameter_rmse_test": {
        "s": 0.007357166183421283,
        "t0": 0.000516623944512329,
        "x0": 0.0023720764452816526
    },
    "train_data_loss": 1.0003993511199951,
    "train_physics_loss": 0.004449415486305952,
    "train_total_loss": 1.0003993511199951,
    "train_actual_physics_residual": 2.6961671784064833e-10,
    "test_data_loss": 0.8611999154090881,
    "test_physics_loss": 0.005303442478179932,
    "test_total_loss": 0.8611999154090881,
    "test_actual_physics_residual": 3.0572303022502467e-10,
    "training_time_seconds": 21.65116081100041,
    "evaluation_time_seconds": 0.2144425520000368,
    "parameter_names": [
        "s",
        "t0",
        "x0"
    ],
    "timestamp": "2026-05-24T14:32:20.810300"
}