{
    "train_mae": 0.001992323110882017,
    "train_rmse": 0.00318328013609773,
    "test_mae": 0.002669408637235436,
    "test_rmse": 0.0038722762254239334,
    "per_parameter_mae_train": {
        "s": 0.0032191438564317574,
        "t0": 0.0004099273623021533,
        "x0": 0.00234789811391214
    },
    "per_parameter_mae_test": {
        "s": 0.005519390567739202,
        "t0": 0.00036071492608569927,
        "x0": 0.0021281204178814073
    },
    "per_parameter_rmse_train": {
        "s": 0.0046000905231894235,
        "t0": 0.0005115568184203451,
        "x0": 0.002996213289239212
    },
    "per_parameter_rmse_test": {
        "s": 0.006159326197815557,
        "t0": 0.0004130672906422235,
        "x0": 0.002622145247741766
    },
    "train_data_loss": 0.736420750617981,
    "train_physics_loss": 0.0020733533892780542,
    "train_total_loss": 0.736420750617981,
    "train_actual_physics_residual": 2.0537377354301611e-10,
    "test_data_loss": 0.7248239517211914,
    "test_physics_loss": 0.003717095125466585,
    "test_total_loss": 0.7248239517211914,
    "test_actual_physics_residual": 2.212605099138898e-10,
    "training_time_seconds": 3.2133258819994808,
    "evaluation_time_seconds": 0.07493361999877379,
    "parameter_names": [
        "s",
        "t0",
        "x0"
    ],
    "timestamp": "2026-05-26T10:53:07.164921"
}