{
  "observation_mode": "event_traces",
  "time_axis_size": 128,
  "records": [
    {
      "fraction": 0.25,
      "kept_steps": 32,
      "active_test_mae": 0.006598252197839869,
      "test_mae": 0.0021994178959853275
    },
    {
      "fraction": 0.5,
      "kept_steps": 64,
      "active_test_mae": 0.00659533615521855,
      "test_mae": 0.0021984458817782214
    },
    {
      "fraction": 0.75,
      "kept_steps": 96,
      "active_test_mae": 0.00659529947543715,
      "test_mae": 0.002198433655184421
    },
    {
      "fraction": 1.0,
      "kept_steps": 128,
      "active_test_mae": 0.00659529947543715,
      "test_mae": 0.002198433655184421
    }
  ]
}