{
    "train_mae": 0.000831642034794918,
    "train_rmse": 0.0012546878510072842,
    "test_mae": 0.0007066931443410283,
    "test_rmse": 0.0011653403957895304,
    "per_parameter_mae_train": {
        "s": 0.0017875782053927136,
        "t0": 0.000523766844378578,
        "x0": 0.0001835810546134621
    },
    "per_parameter_mae_test": {
        "s": 0.00151094263715911,
        "t0": 0.0004411203142872869,
        "x0": 0.00016801648157668825
    },
    "per_parameter_rmse_train": {
        "s": 0.002072188739374878,
        "t0": 0.0005967830444261846,
        "x0": 0.00026945989810953287
    },
    "per_parameter_rmse_test": {
        "s": 0.0019299667488614218,
        "t0": 0.0005505062259180736,
        "x0": 0.00021500222717779125
    },
    "train_data_loss": 0.3347700834274292,
    "train_physics_loss": 0.00042072345968335867,
    "train_total_loss": 0.3347700834274292,
    "train_actual_physics_residual": 2.6961671784064833e-10,
    "test_data_loss": 0.2847225069999695,
    "test_physics_loss": 0.0003649548161774874,
    "test_total_loss": 0.2847225069999695,
    "test_actual_physics_residual": 3.0572303022502467e-10,
    "training_time_seconds": 11.479156476001663,
    "evaluation_time_seconds": 0.034557369002868654,
    "parameter_names": [
        "s",
        "t0",
        "x0"
    ],
    "timestamp": "2026-05-24T02:37:50.080220"
}