{
    "train_mae": 0.0027291071363681756,
    "train_rmse": 0.00397794928571434,
    "test_mae": 0.0028756779323210625,
    "test_rmse": 0.004036293601765428,
    "per_parameter_mae_train": {
        "s": 0.005363127604889451,
        "t0": 0.0005247988618030204,
        "x0": 0.002299394942412056
    },
    "per_parameter_mae_test": {
        "s": 0.005593988776508407,
        "t0": 0.0007357422817986001,
        "x0": 0.00229730273865618
    },
    "per_parameter_rmse_train": {
        "s": 0.006297705087551043,
        "t0": 0.0005922703543290895,
        "x0": 0.0027313674261736174
    },
    "per_parameter_rmse_test": {
        "s": 0.006435160730145944,
        "t0": 0.000757388871620692,
        "x0": 0.002624893634662223
    },
    "train_data_loss": 0.9971503019332886,
    "train_physics_loss": 0.0038859883788973093,
    "train_total_loss": 0.9971503019332886,
    "train_actual_physics_residual": 2.6906588068698056e-10,
    "test_data_loss": 1.1980669498443604,
    "test_physics_loss": 0.004057479556649923,
    "test_total_loss": 1.1980669498443604,
    "test_actual_physics_residual": 2.949215871517197e-10,
    "training_time_seconds": 1.8808138419999523,
    "evaluation_time_seconds": 0.05465273199979492,
    "parameter_names": [
        "s",
        "t0",
        "x0"
    ],
    "timestamp": "2026-05-26T13:41:48.065106"
}