{
    "train_mae": 0.00289001836665041,
    "train_rmse": 0.004187158202538428,
    "test_mae": 0.0029962603864901525,
    "test_rmse": 0.0044980176049995,
    "per_parameter_mae_train": {
        "s": 0.005753400373791018,
        "t0": 0.0005280154740589311,
        "x0": 0.0023886392521012805
    },
    "per_parameter_mae_test": {
        "s": 0.006599609349751678,
        "t0": 0.00044257273376160336,
        "x0": 0.0019465990759571761
    },
    "per_parameter_rmse_train": {
        "s": 0.006680726007973521,
        "t0": 0.0005956794890044547,
        "x0": 0.0027586133096213564
    },
    "per_parameter_rmse_test": {
        "s": 0.0074003199277000485,
        "t0": 0.0005225388882423173,
        "x0": 0.002378803313142208
    },
    "train_data_loss": 0.9501849412918091,
    "train_physics_loss": 0.004373047035187483,
    "train_total_loss": 0.9501849412918091,
    "train_actual_physics_residual": 2.6961671784064833e-10,
    "test_data_loss": 0.8724061846733093,
    "test_physics_loss": 0.005365840625017881,
    "test_total_loss": 0.8724061846733093,
    "test_actual_physics_residual": 3.0572303022502467e-10,
    "training_time_seconds": 13.169467740000982,
    "evaluation_time_seconds": 0.11638722600036999,
    "parameter_names": [
        "s",
        "t0",
        "x0"
    ],
    "timestamp": "2026-05-26T02:16:20.663289"
}