{
  "observation_mode": "event_traces",
  "time_axis_size": 128,
  "records": [
    {
      "fraction": 0.25,
      "kept_steps": 32,
      "active_test_mae": 0.003019876547341313,
      "test_mae": 0.0030198765473413124
    },
    {
      "fraction": 0.5,
      "kept_steps": 64,
      "active_test_mae": 0.0030259620906443506,
      "test_mae": 0.0030259620906443506
    },
    {
      "fraction": 0.75,
      "kept_steps": 96,
      "active_test_mae": 0.0030284215991238715,
      "test_mae": 0.0030284215991238715
    },
    {
      "fraction": 1.0,
      "kept_steps": 128,
      "active_test_mae": 0.0030284215991238715,
      "test_mae": 0.0030284215991238715
    }
  ]
}