{
    "train_mae": 0.002610390793891727,
    "train_rmse": 0.0038237148511802623,
    "test_mae": 0.0027335171243321934,
    "test_rmse": 0.003921664710172374,
    "per_parameter_mae_train": {
        "s": 0.005133084602510546,
        "t0": 0.0004949812412142041,
        "x0": 0.0022031065379504297
    },
    "per_parameter_mae_test": {
        "s": 0.005494999216454508,
        "t0": 0.0007492146508825916,
        "x0": 0.0019563375056594803
    },
    "per_parameter_rmse_train": {
        "s": 0.006039778749316342,
        "t0": 0.0005742052504980928,
        "x0": 0.002655889075058791
    },
    "per_parameter_rmse_test": {
        "s": 0.006367923461061748,
        "t0": 0.0007692085333659392,
        "x0": 0.002235225116915635
    },
    "train_data_loss": 0.9324284791946411,
    "train_physics_loss": 0.0035741999745368958,
    "train_total_loss": 0.9324284791946411,
    "train_actual_physics_residual": 2.6906588068698056e-10,
    "test_data_loss": 1.1235469579696655,
    "test_physics_loss": 0.003973133862018585,
    "test_total_loss": 1.1235469579696655,
    "test_actual_physics_residual": 2.949215871517197e-10,
    "training_time_seconds": 2.4127925930006313,
    "evaluation_time_seconds": 0.05627360400103498,
    "parameter_names": [
        "s",
        "t0",
        "x0"
    ],
    "timestamp": "2026-05-26T09:17:32.308054"
}