{
    "train_mae": 0.002926326689512846,
    "train_rmse": 0.004235010137452403,
    "test_mae": 0.0030117020719997623,
    "test_rmse": 0.004486198633688933,
    "per_parameter_mae_train": {
        "s": 0.005807831101656199,
        "t0": 0.0005707235076225023,
        "x0": 0.002400425459259836
    },
    "per_parameter_mae_test": {
        "s": 0.006596376944015782,
        "t0": 0.00043649613758751444,
        "x0": 0.002002233134395991
    },
    "per_parameter_rmse_train": {
        "s": 0.006748485531932806,
        "t0": 0.0006323675905670704,
        "x0": 0.002804280094546167
    },
    "per_parameter_rmse_test": {
        "s": 0.007383242435676922,
        "t0": 0.000513783649800712,
        "x0": 0.0023667893949302523
    },
    "train_data_loss": 1.0056477785110474,
    "train_physics_loss": 0.004462204407900572,
    "train_total_loss": 1.0056477785110474,
    "train_actual_physics_residual": 2.6961671784064833e-10,
    "test_data_loss": 0.8604800701141357,
    "test_physics_loss": 0.00534110376611352,
    "test_total_loss": 0.8604800701141357,
    "test_actual_physics_residual": 3.0572303022502467e-10,
    "training_time_seconds": 22.118748675999996,
    "evaluation_time_seconds": 0.2957004070003677,
    "parameter_names": [
        "s",
        "t0",
        "x0"
    ],
    "timestamp": "2026-05-24T14:33:53.122138"
}