{
    "train_mae": 0.0006172856261361041,
    "train_rmse": 0.0013228283613646464,
    "test_mae": 0.0005693758883934312,
    "test_rmse": 0.0012317289385557202,
    "per_parameter_mae_train": {
        "a": 0.0004870190261694212,
        "d": 0.0025163440708561432,
        "epsilon": 9.499490256914545e-11,
        "k": 0.0,
        "mu1": 0.0007003386438671912,
        "mu2": 1.1920928966180355e-08
    },
    "per_parameter_mae_test": {
        "a": 0.0005978150864131601,
        "d": 0.0022273389460755132,
        "epsilon": 9.499490256914545e-11,
        "k": 0.0,
        "mu1": 0.0005910892819480457,
        "mu2": 1.1920928966180355e-08
    },
    "per_parameter_rmse_train": {
        "a": 0.000595536764989659,
        "d": 0.0030720308108963946,
        "epsilon": 9.499490256914543e-11,
        "k": 0.0,
        "mu1": 0.0008409589170053603,
        "mu2": 1.1920928966180355e-08
    },
    "per_parameter_rmse_test": {
        "a": 0.0006775418547342604,
        "d": 0.0028473437992578387,
        "epsilon": 9.499490256914545e-11,
        "k": 0.0,
        "mu1": 0.000732466649222122,
        "mu2": 1.1920928966180354e-08
    },
    "train_data_loss": 0.4009387493133545,
    "train_physics_loss": 0.0,
    "train_total_loss": 0.4009387493133545,
    "train_actual_physics_residual": 0.0,
    "test_data_loss": 0.40217775106430054,
    "test_physics_loss": 0.0,
    "test_total_loss": 0.40217775106430054,
    "test_actual_physics_residual": 0.0,
    "training_time_seconds": 92.05643243000009,
    "evaluation_time_seconds": 0.4726333380001506,
    "parameter_names": [
        "a",
        "d",
        "epsilon",
        "k",
        "mu1",
        "mu2"
    ],
    "timestamp": "2026-06-17T04:42:35.368679"
}