{
  "observation_mode": "event_traces",
  "time_axis_size": 128,
  "records": [
    {
      "fraction": 0.25,
      "kept_steps": 32,
      "active_test_mae": 0.0028219611980510343,
      "test_mae": 0.0028219611980510343
    },
    {
      "fraction": 0.5,
      "kept_steps": 64,
      "active_test_mae": 0.002626565214476323,
      "test_mae": 0.002626565214476323
    },
    {
      "fraction": 0.75,
      "kept_steps": 96,
      "active_test_mae": 0.002617518080894344,
      "test_mae": 0.002617518080894344
    },
    {
      "fraction": 1.0,
      "kept_steps": 128,
      "active_test_mae": 0.002617518080894344,
      "test_mae": 0.002617518080894344
    }
  ]
}