{
    "train_mae": 0.0029250891934716225,
    "train_rmse": 0.004233754746007085,
    "test_mae": 0.003015554966834145,
    "test_rmse": 0.0044965183808232025,
    "per_parameter_mae_train": {
        "s": 0.005810823021080219,
        "t0": 0.0005646856247690182,
        "x0": 0.00239975893456563
    },
    "per_parameter_mae_test": {
        "s": 0.006595707538005228,
        "t0": 0.00044688450781536077,
        "x0": 0.0020040728546818465
    },
    "per_parameter_rmse_train": {
        "s": 0.006748910395533486,
        "t0": 0.0006288179531519978,
        "x0": 0.0027983627718482676
    },
    "per_parameter_rmse_test": {
        "s": 0.00739864750801679,
        "t0": 0.0005220021976266342,
        "x0": 0.0023756181100994815
    },
    "train_data_loss": 1.0005050897598267,
    "train_physics_loss": 0.004462766461074352,
    "train_total_loss": 1.0005050897598267,
    "train_actual_physics_residual": 2.6961671784064833e-10,
    "test_data_loss": 0.8711080551147461,
    "test_physics_loss": 0.005363415461033583,
    "test_total_loss": 0.8711080551147461,
    "test_actual_physics_residual": 3.0572303022502467e-10,
    "training_time_seconds": 5.707609478999075,
    "evaluation_time_seconds": 0.06743605400333763,
    "parameter_names": [
        "s",
        "t0",
        "x0"
    ],
    "timestamp": "2026-05-26T01:24:49.729174"
}