{
  "train": {
    "event_abs_mean": 0.015625,
    "event_active_fraction_gt_1e_6": 0.015625,
    "spike_mean": 0.10973288863897324,
    "spike_active_fraction_gt_0p5": 0.005078125279396772,
    "spike_count_per_sample_mean": 13.0,
    "first_spike_flat_index_mean": 277.0,
    "mem_abs_mean": 1.3743400573730469
  },
  "test": {
    "event_abs_mean": 0.015625,
    "event_active_fraction_gt_1e_6": 0.015625,
    "spike_mean": 0.10973288118839264,
    "spike_active_fraction_gt_0p5": 0.005078124813735485,
    "spike_count_per_sample_mean": 13.000000953674316,
    "first_spike_flat_index_mean": 277.0,
    "mem_abs_mean": 1.3743401765823364
  }
}