{
    "train_mae": 0.0017117522843505624,
    "train_rmse": 0.0023511578778419606,
    "test_mae": 0.0015862415422409834,
    "test_rmse": 0.0019941973096272636,
    "per_parameter_mae_train": {
        "s": 0.0023860161454036244,
        "t0": 0.0004157239085833565,
        "x0": 0.0023335167990647062
    },
    "per_parameter_mae_test": {
        "s": 0.0028331880416466726,
        "t0": 0.0002512906359982761,
        "x0": 0.0016742459490780015
    },
    "per_parameter_rmse_train": {
        "s": 0.0031466747693187414,
        "t0": 0.0005280013474523627,
        "x0": 0.002530510338417187
    },
    "per_parameter_rmse_test": {
        "s": 0.0029570191701387334,
        "t0": 0.00032414934968616807,
        "x0": 0.0017554012520514851
    },
    "train_data_loss": 0.5695478320121765,
    "train_physics_loss": 0.0009701633243821561,
    "train_total_loss": 0.5695478320121765,
    "train_actual_physics_residual": 2.0537377354301611e-10,
    "test_data_loss": 0.28053879737854004,
    "test_physics_loss": 0.0008567249169573188,
    "test_total_loss": 0.28053879737854004,
    "test_actual_physics_residual": 2.212605099138898e-10,
    "training_time_seconds": 4.259650114999204,
    "evaluation_time_seconds": 0.09960984400004236,
    "parameter_names": [
        "s",
        "t0",
        "x0"
    ],
    "timestamp": "2026-05-26T16:49:03.225401"
}