{
  "observation_mode": "event_traces",
  "time_axis_size": 128,
  "records": [
    {
      "fraction": 0.25,
      "kept_steps": 32,
      "active_test_mae": 0.0026978910416888837,
      "test_mae": 0.0026978910416888837
    },
    {
      "fraction": 0.5,
      "kept_steps": 64,
      "active_test_mae": 0.0027126271208971473,
      "test_mae": 0.0027126271208971473
    },
    {
      "fraction": 0.75,
      "kept_steps": 96,
      "active_test_mae": 0.002713048965674754,
      "test_mae": 0.002713048965674754
    },
    {
      "fraction": 1.0,
      "kept_steps": 128,
      "active_test_mae": 0.002713048965674754,
      "test_mae": 0.002713048965674754
    }
  ]
}