{
    "train_mae": 0.0027222711950606513,
    "train_rmse": 0.00391086050071687,
    "test_mae": 0.002568806539741208,
    "test_rmse": 0.004180443426835746,
    "per_parameter_mae_train": {
        "s": 0.005232488162021598,
        "t0": 0.0004294877610348308,
        "x0": 0.002504837662125525
    },
    "per_parameter_mae_test": {
        "s": 0.005626461841769784,
        "t0": 0.000543939641839206,
        "x0": 0.0015360181356146346
    },
    "per_parameter_rmse_train": {
        "s": 0.006109976404414268,
        "t0": 0.0005216896137824309,
        "x0": 0.0028775888956858783
    },
    "per_parameter_rmse_test": {
        "s": 0.006992384786984021,
        "t0": 0.0005669810126307335,
        "x0": 0.0017925984650761144
    },
    "train_data_loss": 0.9660422801971436,
    "train_physics_loss": 0.0036577624268829823,
    "train_total_loss": 0.9660422801971436,
    "train_actual_physics_residual": 2.364869966520189e-10,
    "test_data_loss": 0.9433221817016602,
    "test_physics_loss": 0.0047905719839036465,
    "test_total_loss": 0.9433221817016602,
    "test_actual_physics_residual": 3.2109151448800333e-10,
    "training_time_seconds": 0.7841556669991405,
    "evaluation_time_seconds": 0.0503337800000736,
    "parameter_names": [
        "s",
        "t0",
        "x0"
    ],
    "timestamp": "2026-05-26T09:29:38.540353"
}