{
  "train_observed_forward_residual": {
    "mean": 1.4093840735655843e-05,
    "median": 1.4090355989246659e-05,
    "max": 1.5414032941863032e-05,
    "mse": 1.990059107280882e-10
  },
  "test_observed_forward_residual": {
    "mean": 1.443043448242003e-05,
    "median": 1.4312374153318717e-05,
    "max": 1.6048113739703724e-05,
    "mse": 2.0884413129216475e-10
  },
  "train_clean_forward_residual": {
    "mean": 1.2371631359869617e-06,
    "median": 1.1637682066474854e-06,
    "max": 2.274209057508907e-06,
    "mse": 1.7653762021217455e-12
  },
  "test_clean_forward_residual": {
    "mean": 1.965792567332972e-06,
    "median": 1.913332332395171e-06,
    "max": 3.987404753963484e-06,
    "mse": 5.019101973012265e-12
  },
  "train_observation_noise_floor": {
    "mean": 1.4152128968948477e-05,
    "median": 1.410675971143176e-05,
    "max": 1.5459872119662006e-05,
    "mse": 2.0063566377960403e-10
  },
  "test_observation_noise_floor": {
    "mean": 1.4601357929880621e-05,
    "median": 1.4542143921397978e-05,
    "max": 1.649943843001017e-05,
    "mse": 2.1396734238629708e-10
  }
}
