{
    "train_mae": 0.0016699983759527995,
    "train_rmse": 0.002733303202888076,
    "test_mae": 0.002047740205885522,
    "test_rmse": 0.0035605927442070306,
    "per_parameter_mae_train": {
        "s": 0.0035131808312513207,
        "t0": 0.0005452652993237234,
        "x0": 0.0009515489972833543
    },
    "per_parameter_mae_test": {
        "s": 0.004860474211363537,
        "t0": 0.00044794172080549573,
        "x0": 0.000834804685487533
    },
    "per_parameter_rmse_train": {
        "s": 0.004533139331312368,
        "t0": 0.0006120836021297418,
        "x0": 0.0012201805864983182
    },
    "per_parameter_rmse_test": {
        "s": 0.006048134220160435,
        "t0": 0.0005394806586421024,
        "x0": 0.0010781906808049666
    },
    "train_data_loss": 0.5297793745994568,
    "train_physics_loss": 0.0020134253427386284,
    "train_total_loss": 0.5297793745994568,
    "train_actual_physics_residual": 2.6961671784064833e-10,
    "test_data_loss": 0.5628745555877686,
    "test_physics_loss": 0.003584089921787381,
    "test_total_loss": 0.5628745555877686,
    "test_actual_physics_residual": 3.0572303022502467e-10,
    "training_time_seconds": 4.277629340000203,
    "evaluation_time_seconds": 0.058402182000008906,
    "parameter_names": [
        "s",
        "t0",
        "x0"
    ],
    "timestamp": "2026-05-26T04:20:50.933803"
}