{
    "train_mae": 0.0010969722806864173,
    "train_rmse": 0.0017211445376806589,
    "test_mae": 0.0021654477729063067,
    "test_rmse": 0.0036348477050674355,
    "per_parameter_mae_train": {
        "s": 0.0022888020278022925,
        "t0": 0.00040314338327549436,
        "x0": 0.0005989714309814654
    },
    "per_parameter_mae_test": {
        "s": 0.005058599561513999,
        "t0": 0.0004952011366801004,
        "x0": 0.0009425426205248206
    },
    "per_parameter_rmse_train": {
        "s": 0.00285017126964497,
        "t0": 0.0004851697770425515,
        "x0": 0.0007267390039751331
    },
    "per_parameter_rmse_test": {
        "s": 0.006171545932809109,
        "t0": 0.0005349089851662045,
        "x0": 0.0011234975273305338
    },
    "train_data_loss": 0.37862342596054077,
    "train_physics_loss": 0.0007959320791997015,
    "train_total_loss": 0.37862342596054077,
    "train_actual_physics_residual": 2.364869966520189e-10,
    "test_data_loss": 0.7330124378204346,
    "test_physics_loss": 0.003731856355443597,
    "test_total_loss": 0.7330124378204346,
    "test_actual_physics_residual": 3.2109151448800333e-10,
    "training_time_seconds": 3.727711683000962,
    "evaluation_time_seconds": 0.06923738300247351,
    "parameter_names": [
        "s",
        "t0",
        "x0"
    ],
    "timestamp": "2026-05-26T10:38:51.673298"
}