{
    "train_mae": 0.0027391939938304207,
    "train_rmse": 0.0039564208156289485,
    "test_mae": 0.002664692214073853,
    "test_rmse": 0.0043614497757113735,
    "per_parameter_mae_train": {
        "s": 0.005141358462723149,
        "t0": 0.00043115877725110886,
        "x0": 0.002645064741517005
    },
    "per_parameter_mae_test": {
        "s": 0.005892945379079917,
        "t0": 0.0005466952922914112,
        "x0": 0.0015544359708502303
    },
    "per_parameter_rmse_train": {
        "s": 0.006128679954206161,
        "t0": 0.0005224351245495845,
        "x0": 0.003020950276084425
    },
    "per_parameter_rmse_test": {
        "s": 0.00730383543164363,
        "t0": 0.0005694667131086051,
        "x0": 0.001842940066384893
    },
    "train_data_loss": 0.9999604821205139,
    "train_physics_loss": 0.003680191468447447,
    "train_total_loss": 0.9999604821205139,
    "train_actual_physics_residual": 2.364869966520189e-10,
    "test_data_loss": 0.9929363131523132,
    "test_physics_loss": 0.005226832814514637,
    "test_total_loss": 0.9929363131523132,
    "test_actual_physics_residual": 3.2109151448800333e-10,
    "training_time_seconds": 0.5619433299998491,
    "evaluation_time_seconds": 0.07682535000003554,
    "parameter_names": [
        "s",
        "t0",
        "x0"
    ],
    "timestamp": "2026-05-26T14:18:59.214976"
}