{
    "train_mae": 0.0015512295043295903,
    "train_rmse": 0.00238603299331089,
    "test_mae": 0.003000421269486002,
    "test_rmse": 0.0047572318121570974,
    "per_parameter_mae_train": {
        "s": 0.003022779767705281,
        "t0": 0.00024933796349712977,
        "x0": 0.0013815707817863598
    },
    "per_parameter_mae_test": {
        "s": 0.006208429288874329,
        "t0": 0.0005255701241377559,
        "x0": 0.0022672643954459214
    },
    "per_parameter_rmse_train": {
        "s": 0.0037307916530019097,
        "t0": 0.00033493269190916535,
        "x0": 0.0017459879923086912
    },
    "per_parameter_rmse_test": {
        "s": 0.00771724841232785,
        "t0": 0.0006581480562954793,
        "x0": 0.002811526564380332
    },
    "train_data_loss": 0.32635676860809326,
    "train_physics_loss": 0.0013637662632390857,
    "train_total_loss": 0.32635676860809326,
    "train_actual_physics_residual": 2.6961671784064833e-10,
    "test_data_loss": 1.1381131410598755,
    "test_physics_loss": 0.010942185297608376,
    "test_total_loss": 1.1381131410598755,
    "test_actual_physics_residual": 3.0572303022502467e-10,
    "training_time_seconds": 6.204996067001048,
    "evaluation_time_seconds": 0.10871592700095789,
    "parameter_names": [
        "s",
        "t0",
        "x0"
    ],
    "timestamp": "2026-05-24T20:16:33.007853"
}