{
    "train_mae": 0.0002425821156346396,
    "train_rmse": 0.0005899453378718165,
    "test_mae": 0.0010203456671778886,
    "test_rmse": 0.002434613543024473,
    "per_parameter_mae_train": {
        "a": 0.00015557346011500298,
        "d": 0.000997113637096425,
        "epsilon": 9.499490256914545e-11,
        "k": 0.0,
        "mu1": 0.0003027935806725408,
        "mu2": 1.1920928966180355e-08
    },
    "per_parameter_mae_test": {
        "a": 0.0006715579203924321,
        "d": 0.004259744457551995,
        "epsilon": 9.499490256914545e-11,
        "k": 0.0,
        "mu1": 0.0011907596091990367,
        "mu2": 1.1920928966180355e-08
    },
    "per_parameter_rmse_train": {
        "a": 0.0002275010738742869,
        "d": 0.0013692498961773967,
        "epsilon": 9.499490256914543e-11,
        "k": 0.0,
        "mu1": 0.00040200869781917265,
        "mu2": 1.1920928966180355e-08
    },
    "per_parameter_rmse_test": {
        "a": 0.0008914530628278031,
        "d": 0.005676753355627272,
        "epsilon": 9.499490256914545e-11,
        "k": 0.0,
        "mu1": 0.0015949424438757606,
        "mu2": 1.1920928966180354e-08
    },
    "train_data_loss": 0.018840990960597992,
    "train_physics_loss": 0.0,
    "train_total_loss": 0.018840990960597992,
    "train_actual_physics_residual": 0.0,
    "test_data_loss": 0.29994890093803406,
    "test_physics_loss": 0.0,
    "test_total_loss": 0.29994890093803406,
    "test_actual_physics_residual": 0.0,
    "training_time_seconds": 91.32860121200065,
    "evaluation_time_seconds": 0.5347370269992098,
    "parameter_names": [
        "a",
        "d",
        "epsilon",
        "k",
        "mu1",
        "mu2"
    ],
    "timestamp": "2026-06-17T08:55:32.025446"
}