{
  "train_polynomial_residual": {
    "mean": 1.4186468933623482e-05,
    "median": 1.4339710987784005e-05,
    "max": 1.5388628491852138e-05,
    "mse": 2.016653727055225e-10
  },
  "test_polynomial_residual": {
    "mean": 1.4447903206059735e-05,
    "median": 1.433722687012453e-05,
    "max": 1.604558585491823e-05,
    "mse": 2.0931942725240912e-10
  },
  "train_forward_linear_error": {
    "mean": 0.00021952449848541787,
    "median": 0.0002001097408940606,
    "max": 0.0005165740572920418,
    "mse": 7.581874720281461e-08
  },
  "test_forward_linear_error": {
    "mean": 0.00011368509433184943,
    "median": 8.403370908429506e-05,
    "max": 0.00030453019550453044,
    "mse": 2.057311336816846e-08
  },
  "train_forward_quadratic_error": {
    "mean": 1.4343905777389597e-05,
    "median": 1.4374300910030481e-05,
    "max": 1.5457850164637733e-05,
    "mse": 2.0617351209710238e-10
  },
  "test_forward_quadratic_error": {
    "mean": 1.4681821648270122e-05,
    "median": 1.4707423584635622e-05,
    "max": 1.6444613592930653e-05,
    "mse": 2.161969866816859e-10
  },
  "train_observed_forward_residual": {
    "mean": 1.4217312234401243e-05,
    "median": 1.4348999204798696e-05,
    "max": 1.5421067959251267e-05,
    "mse": 2.0252759366039556e-10
  },
  "test_observed_forward_residual": {
    "mean": 1.4472074932787144e-05,
    "median": 1.4353090114581314e-05,
    "max": 1.604963216258888e-05,
    "mse": 2.0999434593736594e-10
  },
  "train_clean_forward_residual": {
    "mean": 1.8210405469749698e-06,
    "median": 1.5133833197383816e-06,
    "max": 4.868520513602319e-06,
    "mse": 4.508894356750681e-12
  },
  "test_clean_forward_residual": {
    "mean": 2.4436586575683102e-06,
    "median": 2.5863233630720214e-06,
    "max": 3.60081947110318e-06,
    "mse": 6.878870389067218e-12
  },
  "train_observation_noise_floor": {
    "mean": 1.4152128968948476e-05,
    "median": 1.4106759711430909e-05,
    "max": 1.5459872119662822e-05,
    "mse": 2.0063566377960442e-10
  },
  "test_observation_noise_floor": {
    "mean": 1.4601357929880484e-05,
    "median": 1.4542143921397978e-05,
    "max": 1.649943843001017e-05,
    "mse": 2.13967342386293e-10
  }
}
