{
    "train_mae": 0.0006753649527979127,
    "train_rmse": 0.001753223048762547,
    "test_mae": 0.001703968349718118,
    "test_rmse": 0.004327810502400306,
    "per_parameter_mae_train": {
        "a": 0.00046450533080355153,
        "beta": 0.0,
        "d": 0.0033093646344754942,
        "epsilon": 2.2351741811588166e-10,
        "gamma": 0.0002783195279910126,
        "k": 0.0
    },
    "per_parameter_mae_test": {
        "a": 0.00120106526199186,
        "beta": 0.0,
        "d": 0.00838599423920367,
        "epsilon": 2.2351741811588166e-10,
        "gamma": 0.0006367503735957583,
        "k": 0.0
    },
    "per_parameter_rmse_train": {
        "a": 0.000589450875110575,
        "beta": 0.0,
        "d": 0.004239101908802125,
        "epsilon": 2.2351741811588166e-10,
        "gamma": 0.00035399014801962725,
        "k": 0.0
    },
    "per_parameter_rmse_test": {
        "a": 0.0014786181661216135,
        "beta": 0.0,
        "d": 0.0104667458108108,
        "epsilon": 2.2351741811588164e-10,
        "gamma": 0.0008003642413351888,
        "k": 0.0
    },
    "train_data_loss": 0.06946228444576263,
    "train_physics_loss": 0.0,
    "train_total_loss": 0.06946228444576263,
    "train_actual_physics_residual": 0.0,
    "test_data_loss": 0.4170004725456238,
    "test_physics_loss": 0.0,
    "test_total_loss": 0.4170004725456238,
    "test_actual_physics_residual": 0.0,
    "training_time_seconds": 259.8720232909999,
    "evaluation_time_seconds": 1.2729519330000585,
    "parameter_names": [
        "a",
        "beta",
        "d",
        "epsilon",
        "gamma",
        "k"
    ],
    "timestamp": "2026-06-10T12:57:40.626005"
}