{
  "train": {
    "event_abs_mean": 0.015380859375,
    "event_active_fraction_gt_1e_6": 0.015380859375,
    "spike_mean": 0.04012982174754143,
    "spike_active_fraction_gt_0p5": 0.0020182293374091387,
    "spike_count_per_sample_mean": 5.1666669845581055,
    "first_spike_flat_index_mean": 396.5833435058594,
    "mem_abs_mean": 1.350092887878418
  },
  "test": {
    "event_abs_mean": 0.015380859375,
    "event_active_fraction_gt_1e_6": 0.015380859375,
    "spike_mean": 0.040194641798734665,
    "spike_active_fraction_gt_0p5": 0.00244140625,
    "spike_count_per_sample_mean": 6.25,
    "first_spike_flat_index_mean": 365.75,
    "mem_abs_mean": 1.3498963117599487
  }
}