{
    "train_mae": 0.002931834739675685,
    "train_rmse": 0.004092800638190482,
    "test_mae": 0.002838358623732997,
    "test_rmse": 0.00418245937130241,
    "per_parameter_mae_train": {
        "s": 0.0053662588226905394,
        "t0": 0.0005344043386264347,
        "x0": 0.002894841057710082
    },
    "per_parameter_mae_test": {
        "s": 0.005147755607564641,
        "t0": 0.0004881366180994398,
        "x0": 0.0028791836455349107
    },
    "per_parameter_rmse_train": {
        "s": 0.006302059507122634,
        "t0": 0.000621889838508585,
        "x0": 0.003185961423081301
    },
    "per_parameter_rmse_test": {
        "s": 0.0066247404057016655,
        "t0": 0.0005031883363582823,
        "x0": 0.00288764873781469
    },
    "train_data_loss": 1.0589468479156494,
    "train_physics_loss": 0.003891379339620471,
    "train_total_loss": 1.0589468479156494,
    "train_actual_physics_residual": 2.0537377354301611e-10,
    "test_data_loss": 0.9055153131484985,
    "test_physics_loss": 0.004300032742321491,
    "test_total_loss": 0.9055153131484985,
    "test_actual_physics_residual": 2.212605099138898e-10,
    "training_time_seconds": 0.37937592300022516,
    "evaluation_time_seconds": 0.0895180130000881,
    "parameter_names": [
        "s",
        "t0",
        "x0"
    ],
    "timestamp": "2026-05-26T19:19:06.267124"
}