{
    "train_mae": 8.273401535999388e-06,
    "train_rmse": 2.7034725991786425e-05,
    "test_mae": 7.468273003088282e-07,
    "test_rmse": 1.2389959390459006e-06,
    "per_parameter_mae_train": {
        "alpha": 3.0016615520178646e-06,
        "beta": 0.0,
        "gamma": 2.1818543055980298e-05
    },
    "per_parameter_mae_test": {
        "alpha": 2.1987180584151895e-07,
        "beta": 0.0,
        "gamma": 2.020610095084966e-06
    },
    "per_parameter_rmse_train": {
        "alpha": 6.960149021207751e-06,
        "beta": 0.0,
        "gamma": 4.630535124535282e-05
    },
    "per_parameter_rmse_test": {
        "alpha": 2.685381905703639e-07,
        "beta": 0.0,
        "gamma": 2.129135986996109e-06
    },
    "train_data_loss": 7.308764094509724e-10,
    "train_physics_loss": 5.428697119537185e-12,
    "train_total_loss": 7.363051065705096e-10,
    "train_actual_physics_residual": 5.428697119537185e-12,
    "test_data_loss": 1.5351109369722332e-12,
    "test_physics_loss": 1.0185862524167403e-12,
    "test_total_loss": 2.5536971893889735e-12,
    "test_actual_physics_residual": 1.0185862524167403e-12,
    "training_time_seconds": 5.221214199999849,
    "evaluation_time_seconds": 6.268000106501859e-06,
    "parameter_names": [
        "alpha",
        "beta",
        "gamma"
    ],
    "timestamp": "2026-07-01T15:32:37.719365"
}