{
    "train_mae": 5.2969402318847615e-06,
    "train_rmse": 9.828806857463648e-06,
    "test_mae": 8.389835476299435e-06,
    "test_rmse": 1.4526046866450443e-05,
    "per_parameter_mae_train": {
        "alpha": 2.1313787776122693e-06,
        "beta": 0.0,
        "gamma": 1.3759441918042014e-05
    },
    "per_parameter_mae_test": {
        "alpha": 1.994356752822922e-06,
        "beta": 0.0,
        "gamma": 2.3175149676075385e-05
    },
    "per_parameter_rmse_train": {
        "alpha": 2.5868969707483087e-06,
        "beta": 0.0,
        "gamma": 1.682629777421957e-05
    },
    "per_parameter_rmse_test": {
        "alpha": 2.5032370321118893e-06,
        "beta": 0.0,
        "gamma": 2.5035013821845754e-05
    },
    "train_data_loss": 9.660544424132443e-11,
    "train_physics_loss": 9.894551403240065e-11,
    "train_total_loss": 1.9555095827372509e-10,
    "train_actual_physics_residual": 9.894551403240065e-11,
    "test_data_loss": 2.1100603756631474e-10,
    "test_physics_loss": 1.0088284322887797e-10,
    "test_total_loss": 3.1188888079519273e-10,
    "test_actual_physics_residual": 1.0088284322887797e-10,
    "training_time_seconds": 1.613632614999915,
    "evaluation_time_seconds": 5.795000106445514e-06,
    "parameter_names": [
        "alpha",
        "beta",
        "gamma"
    ],
    "timestamp": "2026-07-01T15:36:41.072347"
}