{
    "train_mae": 0.002893824561835955,
    "train_rmse": 0.004024418560318653,
    "test_mae": 0.002791339251349244,
    "test_rmse": 0.004154227003409062,
    "per_parameter_mae_train": {
        "s": 0.005334062380404366,
        "t0": 0.00048660449956016566,
        "x0": 0.002860806805543334
    },
    "per_parameter_mae_test": {
        "s": 0.00530657218356867,
        "t0": 0.0001887536632635481,
        "x0": 0.0028786919072155137
    },
    "per_parameter_rmse_train": {
        "s": 0.006204018006658663,
        "t0": 0.0005738740564911503,
        "x0": 0.003125486103992984
    },
    "per_parameter_rmse_test": {
        "s": 0.006586864596833655,
        "t0": 0.00023088690104086242,
        "x0": 0.0028866437274915405
    },
    "train_data_loss": 0.9797542691230774,
    "train_physics_loss": 0.003771244315430522,
    "train_total_loss": 0.9797542691230774,
    "train_actual_physics_residual": 2.0537377354301611e-10,
    "test_data_loss": 0.7065097689628601,
    "test_physics_loss": 0.004251004662364721,
    "test_total_loss": 0.7065097689628601,
    "test_actual_physics_residual": 2.212605099138898e-10,
    "training_time_seconds": 1.9471121560000029,
    "evaluation_time_seconds": 0.09585753999999724,
    "parameter_names": [
        "s",
        "t0",
        "x0"
    ],
    "timestamp": "2026-05-26T18:55:21.460868"
}