{
  "observation_mode": "event_traces",
  "n_sensors": 12,
  "train": {
    "sample_count": 102,
    "feature_count": 1536,
    "active_fraction": 0.0070465686274509805,
    "active_entries_per_sample_mean": 10.823529411764707,
    "first_active_flat_index_mean": 54.294117647058826,
    "active_fraction_gt_0p5": 0.0070465686274509805,
    "active_entries_per_sample_mean_gt_0p5": 10.823529411764707,
    "first_active_flat_index_mean_gt_0p5": 54.294117647058826
  },
  "test": {
    "sample_count": 26,
    "feature_count": 1536,
    "active_fraction": 0.007136418269230769,
    "active_entries_per_sample_mean": 10.961538461538462,
    "first_active_flat_index_mean": 60.0,
    "active_fraction_gt_0p5": 0.007136418269230769,
    "active_entries_per_sample_mean_gt_0p5": 10.961538461538462,
    "first_active_flat_index_mean_gt_0p5": 60.0
  }
}