{
  "observation_mode": "event_traces",
  "time_axis_size": 128,
  "records": [
    {
      "fraction": 0.25,
      "kept_steps": 32,
      "active_test_mae": 0.0012221560246684694,
      "test_mae": 0.0008147706831123128
    },
    {
      "fraction": 0.5,
      "kept_steps": 64,
      "active_test_mae": 0.0012206841051593887,
      "test_mae": 0.0008137894034395924
    },
    {
      "fraction": 0.75,
      "kept_steps": 96,
      "active_test_mae": 0.0012207106120326662,
      "test_mae": 0.0008138070746884441
    },
    {
      "fraction": 1.0,
      "kept_steps": 128,
      "active_test_mae": 0.0012207106120326662,
      "test_mae": 0.0008138070746884441
    }
  ]
}