{
    "train_mae": 0.00024024227981877443,
    "train_rmse": 0.0005729214964825063,
    "test_mae": 0.0007186870374807752,
    "test_rmse": 0.0017996302235197034,
    "per_parameter_mae_train": {
        "a": 0.00017599794299413355,
        "d": 0.0010572560831859674,
        "epsilon": 9.499490256914545e-11,
        "k": 0.0,
        "mu1": 0.00020818763680867673,
        "mu2": 1.1920928966180355e-08
    },
    "per_parameter_mae_test": {
        "a": 0.0004935718951491752,
        "d": 0.0029718383985615658,
        "epsilon": 9.499490256914545e-11,
        "k": 0.0,
        "mu1": 0.0008466999152500418,
        "mu2": 1.1920928966180355e-08
    },
    "per_parameter_rmse_train": {
        "a": 0.00021452046721539268,
        "d": 0.0013574207476680577,
        "epsilon": 9.499490256914543e-11,
        "k": 0.0,
        "mu1": 0.00028429584871114525,
        "mu2": 1.1920928966180355e-08
    },
    "per_parameter_rmse_test": {
        "a": 0.0006677016643634494,
        "d": 0.004201851636951514,
        "epsilon": 9.499490256914545e-11,
        "k": 0.0,
        "mu1": 0.0011535297814731578,
        "mu2": 1.1920928966180354e-08
    },
    "train_data_loss": 0.013723229058086872,
    "train_physics_loss": 0.0,
    "train_total_loss": 0.013723229058086872,
    "train_actual_physics_residual": 0.0,
    "test_data_loss": 0.16215835511684418,
    "test_physics_loss": 0.0,
    "test_total_loss": 0.16215835511684418,
    "test_actual_physics_residual": 0.0,
    "training_time_seconds": 94.15996851199998,
    "evaluation_time_seconds": 0.516453695999985,
    "parameter_names": [
        "a",
        "d",
        "epsilon",
        "k",
        "mu1",
        "mu2"
    ],
    "timestamp": "2026-06-16T23:12:28.285606"
}