{
  "train_observed_forward_residual": {
    "mean": 0.0001409265907999104,
    "median": 0.00014088198652019134,
    "max": 0.0001541256241189865,
    "mse": 1.989725330823544e-08
  },
  "test_observed_forward_residual": {
    "mean": 0.00014429076156393219,
    "median": 0.00014309720885366436,
    "max": 0.0001604728609043871,
    "mse": 2.0880556667191065e-08
  },
  "train_clean_forward_residual": {
    "mean": 1.1857402979242281e-05,
    "median": 1.1062203482722554e-05,
    "max": 2.3443481531254082e-05,
    "mse": 1.662918031815708e-10
  },
  "test_clean_forward_residual": {
    "mean": 2.0390015510101046e-05,
    "median": 1.965138872375261e-05,
    "max": 3.835607807674235e-05,
    "mse": 5.161871452049815e-10
  },
  "train_observation_noise_floor": {
    "mean": 0.0001415212896894404,
    "median": 0.000141067597113979,
    "max": 0.00015459872119666696,
    "mse": 2.0063566377948375e-08
  },
  "test_observation_noise_floor": {
    "mean": 0.00014601357929882954,
    "median": 0.00014542143921412385,
    "max": 0.00016499438430060733,
    "mse": 2.139673423863915e-08
  }
}
