{
  "train": {
    "event_abs_mean": 0.015625,
    "event_active_fraction_gt_1e_6": 0.015625,
    "spike_mean": 0.043152227997779846,
    "spike_active_fraction_gt_0p5": 0.001984375063329935,
    "spike_count_per_sample_mean": 5.079999923706055,
    "first_spike_flat_index_mean": 364.9599914550781,
    "mem_abs_mean": 1.3326401710510254
  },
  "test": {
    "event_abs_mean": 0.015625,
    "event_active_fraction_gt_1e_6": 0.015625,
    "spike_mean": 0.04320772737264633,
    "spike_active_fraction_gt_0p5": 0.0023437500931322575,
    "spike_count_per_sample_mean": 6.000000476837158,
    "first_spike_flat_index_mean": 389.71429443359375,
    "mem_abs_mean": 1.3322155475616455
  }
}