{
    "train_mae": 0.006901290777965514,
    "train_rmse": 0.0106438190101853,
    "test_mae": 0.0065970035225827225,
    "test_rmse": 0.009813183799440428,
    "per_parameter_mae_train": {
        "D": 0.0016817997238165662,
        "r": 0.012120781832114461
    },
    "per_parameter_mae_test": {
        "D": 0.0013233168088497731,
        "r": 0.011870690236315672
    },
    "per_parameter_rmse_train": {
        "D": 0.002117326930330299,
        "r": 0.014902975975061556
    },
    "per_parameter_rmse_test": {
        "D": 0.0016367390090508743,
        "r": 0.013781082612750397
    },
    "train_data_loss": 0.0023466034326702356,
    "train_physics_loss": 0.000758646463509649,
    "train_total_loss": 0.0031052499543875456,
    "train_actual_physics_residual": 0.0007422088528983295,
    "test_data_loss": 0.0017328942194581032,
    "test_physics_loss": 0.0007142491522245109,
    "test_total_loss": 0.002447143429890275,
    "test_actual_physics_residual": 0.0006813248037360609,
    "training_time_seconds": 17.00894749400004,
    "evaluation_time_seconds": 0.18798235999997814,
    "parameter_names": [
        "D",
        "r"
    ],
    "timestamp": "2026-05-11T20:23:24.450572"
}