{
    "train_mae": 0.0029406154497480697,
    "train_rmse": 0.004042797630070413,
    "test_mae": 0.002835519331643853,
    "test_rmse": 0.004134727542964863,
    "per_parameter_mae_train": {
        "s": 0.005425694587639067,
        "t0": 0.0005015590565816246,
        "x0": 0.002894592705023518
    },
    "per_parameter_mae_test": {
        "s": 0.005431712135274602,
        "t0": 0.00020189089950107403,
        "x0": 0.0028729549601558824
    },
    "per_parameter_rmse_train": {
        "s": 0.006215573935397109,
        "t0": 0.0005888246640525398,
        "x0": 0.003170577897122913
    },
    "per_parameter_rmse_test": {
        "s": 0.006550992132167723,
        "t0": 0.00023620854048445397,
        "x0": 0.002883855608960955
    },
    "train_data_loss": 1.0073130130767822,
    "train_physics_loss": 0.0037853054236620665,
    "train_total_loss": 1.0073130130767822,
    "train_actual_physics_residual": 2.0537377354301611e-10,
    "test_data_loss": 0.7042793035507202,
    "test_physics_loss": 0.004204828292131424,
    "test_total_loss": 0.7042793035507202,
    "test_actual_physics_residual": 2.212605099138898e-10,
    "training_time_seconds": 0.5199322799999209,
    "evaluation_time_seconds": 0.10385023199978605,
    "parameter_names": [
        "s",
        "t0",
        "x0"
    ],
    "timestamp": "2026-05-26T18:42:17.030454"
}