{
  "observation_mode": "event_traces",
  "time_axis_size": 128,
  "records": [
    {
      "fraction": 0.25,
      "kept_steps": 32,
      "active_test_mae": 0.00335510800016272,
      "test_mae": 0.0033551080001627195
    },
    {
      "fraction": 0.5,
      "kept_steps": 64,
      "active_test_mae": 0.002938305589648891,
      "test_mae": 0.002938305589648891
    },
    {
      "fraction": 0.75,
      "kept_steps": 96,
      "active_test_mae": 0.002738701937561777,
      "test_mae": 0.002738701937561777
    },
    {
      "fraction": 1.0,
      "kept_steps": 128,
      "active_test_mae": 0.00279669179873531,
      "test_mae": 0.00279669179873531
    }
  ]
}