{
    "train_mae": 0.0029118345572074957,
    "train_rmse": 0.004221812441463648,
    "test_mae": 0.0030151977315834165,
    "test_rmse": 0.004474205325157868,
    "per_parameter_mae_train": {
        "s": 0.005772193947201958,
        "t0": 0.0005706627342592019,
        "x0": 0.002392646990161327
    },
    "per_parameter_mae_test": {
        "s": 0.006603093928984701,
        "t0": 0.00043425637843576227,
        "x0": 0.0020082428873297864
    },
    "per_parameter_rmse_train": {
        "s": 0.006729755272977248,
        "t0": 0.0006321434234641753,
        "x0": 0.002789603830420669
    },
    "per_parameter_rmse_test": {
        "s": 0.007356749974447897,
        "t0": 0.0005106742349468867,
        "x0": 0.002381802156820622
    },
    "train_data_loss": 1.0000633001327515,
    "train_physics_loss": 0.004437469877302647,
    "train_total_loss": 1.0000633001327515,
    "train_actual_physics_residual": 2.6961671784064833e-10,
    "test_data_loss": 0.8579702377319336,
    "test_physics_loss": 0.005302843172103167,
    "test_total_loss": 0.8579702377319336,
    "test_actual_physics_residual": 3.0572303022502467e-10,
    "training_time_seconds": 5.006363347001752,
    "evaluation_time_seconds": 0.06900577600026736,
    "parameter_names": [
        "s",
        "t0",
        "x0"
    ],
    "timestamp": "2026-05-26T01:27:27.255842"
}