{
  "observation_mode": "event_traces",
  "time_axis_size": 128,
  "records": [
    {
      "fraction": 0.25,
      "kept_steps": 32,
      "active_test_mae": 0.006685816005987593,
      "test_mae": 0.002228605832034569
    },
    {
      "fraction": 0.5,
      "kept_steps": 64,
      "active_test_mae": 0.006681776645060892,
      "test_mae": 0.0022272593783923354
    },
    {
      "fraction": 0.75,
      "kept_steps": 96,
      "active_test_mae": 0.006681776645060892,
      "test_mae": 0.0022272593783923354
    },
    {
      "fraction": 1.0,
      "kept_steps": 128,
      "active_test_mae": 0.006681776645060892,
      "test_mae": 0.0022272593783923354
    }
  ]
}