{
    "train_mae": 0.000698946386743188,
    "train_rmse": 0.0010176400194810953,
    "test_mae": 0.002190798117814384,
    "test_rmse": 0.0034191227444222727,
    "per_parameter_mae_train": {
        "s": 0.0012447217935070791,
        "t0": 0.00036535202003601386,
        "x0": 0.0004867653466864713
    },
    "per_parameter_mae_test": {
        "s": 0.005285144313771917,
        "t0": 0.0003597859906506809,
        "x0": 0.0009274640490205543
    },
    "per_parameter_rmse_train": {
        "s": 0.0015811004482480576,
        "t0": 0.0004569703971764669,
        "x0": 0.0006309303102582928
    },
    "per_parameter_rmse_test": {
        "s": 0.005809773559918034,
        "t0": 0.00042458325399774013,
        "x0": 0.0010665182920039857
    },
    "train_data_loss": 0.23814061284065247,
    "train_physics_loss": 0.0002449436578899622,
    "train_total_loss": 0.23814061284065247,
    "train_actual_physics_residual": 2.0537377354301611e-10,
    "test_data_loss": 0.507807195186615,
    "test_physics_loss": 0.0033071651123464108,
    "test_total_loss": 0.507807195186615,
    "test_actual_physics_residual": 2.212605099138898e-10,
    "training_time_seconds": 1.2044763099984266,
    "evaluation_time_seconds": 0.06646135300252354,
    "parameter_names": [
        "s",
        "t0",
        "x0"
    ],
    "timestamp": "2026-05-26T10:30:18.831122"
}