{
  "train": {
    "event_abs_mean": 0.015338541939854622,
    "event_active_fraction_gt_1e_6": 0.015338541939854622,
    "spike_mean": 0.04072600603103638,
    "spike_active_fraction_gt_0p5": 0.0024218750186264515,
    "spike_count_per_sample_mean": 6.199999809265137,
    "first_spike_flat_index_mean": 398.3599853515625,
    "mem_abs_mean": 0.8611781597137451
  },
  "test": {
    "event_abs_mean": 0.0155319944024086,
    "event_active_fraction_gt_1e_6": 0.0155319944024086,
    "spike_mean": 0.04072533920407295,
    "spike_active_fraction_gt_0p5": 0.0027901786379516125,
    "spike_count_per_sample_mean": 7.142857551574707,
    "first_spike_flat_index_mean": 392.8571472167969,
    "mem_abs_mean": 0.8597927689552307
  }
}