{
  "train_observed_forward_residual": {
    "mean": 0.00014050376220809682,
    "median": 0.0001411593385594255,
    "max": 0.00015680924145956897,
    "mse": 1.9791020447673875e-08
  },
  "test_observed_forward_residual": {
    "mean": 0.0001417430941087877,
    "median": 0.00014397410776115842,
    "max": 0.00015428645709194124,
    "mse": 2.017466299338194e-08
  },
  "train_clean_forward_residual": {
    "mean": 1.143330581466407e-05,
    "median": 1.0331222908658003e-05,
    "max": 2.4211245314545217e-05,
    "mse": 1.6304419155308463e-10
  },
  "test_clean_forward_residual": {
    "mean": 1.5529677208241473e-05,
    "median": 1.67644244455328e-05,
    "max": 2.209533323732798e-05,
    "mse": 2.539503285734226e-10
  },
  "train_observation_noise_floor": {
    "mean": 0.0001410856490247488,
    "median": 0.00014169152917321902,
    "max": 0.00015721282214449435,
    "mse": 1.9954105670164806e-08
  },
  "test_observation_noise_floor": {
    "mean": 0.00014262986068046195,
    "median": 0.00014494687025660969,
    "max": 0.00015470605833434176,
    "mse": 2.0428450106933678e-08
  }
}
