{
    "train_mae": 0.0010347170663439593,
    "train_rmse": 0.0023144079103995514,
    "test_mae": 0.0012017500270020414,
    "test_rmse": 0.002577605657991688,
    "per_parameter_mae_train": {
        "a": 0.0007028265477099597,
        "d": 0.004259482755628396,
        "epsilon": 9.499490256914545e-11,
        "k": 0.0,
        "mu1": 0.0012459810788015308,
        "mu2": 1.1920928966180355e-08
    },
    "per_parameter_mae_test": {
        "a": 0.000820830620064118,
        "d": 0.004951601393352272,
        "epsilon": 9.499490256914545e-11,
        "k": 0.0,
        "mu1": 0.0014380561326719883,
        "mu2": 1.1920928966180355e-08
    },
    "per_parameter_rmse_train": {
        "a": 0.0008933137277343918,
        "d": 0.0053699899375995366,
        "epsilon": 9.499490256914543e-11,
        "k": 0.0,
        "mu1": 0.0015824356252622063,
        "mu2": 1.1920928966180357e-08
    },
    "per_parameter_rmse_test": {
        "a": 0.0009956156989189438,
        "d": 0.0059840830660079095,
        "epsilon": 9.499490256914543e-11,
        "k": 0.0,
        "mu1": 0.0017503727625011699,
        "mu2": 1.1920928966180355e-08
    },
    "train_data_loss": 0.29083049297332764,
    "train_physics_loss": 0.0009754924103617668,
    "train_total_loss": 0.29083049297332764,
    "train_actual_physics_residual": 0.0009751527104526758,
    "test_data_loss": 0.3586234748363495,
    "test_physics_loss": 0.0009756328072398901,
    "test_total_loss": 0.3586234748363495,
    "test_actual_physics_residual": 0.0009747170261107385,
    "training_time_seconds": 74.96620384500056,
    "evaluation_time_seconds": 0.15085674700094387,
    "parameter_names": [
        "a",
        "d",
        "epsilon",
        "k",
        "mu1",
        "mu2"
    ],
    "timestamp": "2026-05-10T23:26:31.805031"
}