{
    "train_mae": 0.0011526205845868137,
    "train_rmse": 0.003277040705416734,
    "test_mae": 0.002105221592163613,
    "test_rmse": 0.006749585098614913,
    "per_parameter_mae_train": {
        "a": 8.405179844706495e-05,
        "d": 0.0064262181827103425,
        "epsilon": 1.341104505225843e-09,
        "k": 0.0,
        "mu1": 0.00040545218525896945,
        "mu2": 0.0
    },
    "per_parameter_mae_test": {
        "a": 0.0001670932738125163,
        "d": 0.011650666358187643,
        "epsilon": 1.341104505225843e-09,
        "k": 0.0,
        "mu1": 0.0008135685798770114,
        "mu2": 0.0
    },
    "per_parameter_rmse_train": {
        "a": 0.00010847686433833991,
        "d": 0.008011125831473911,
        "epsilon": 1.341104505225843e-09,
        "k": 0.0,
        "mu1": 0.0004940348084317332,
        "mu2": 0.0
    },
    "per_parameter_rmse_test": {
        "a": 0.000221840595425096,
        "d": 0.016496560539577838,
        "epsilon": 1.3411045052258428e-09,
        "k": 0.0,
        "mu1": 0.0010750214578927686,
        "mu2": 0.0
    },
    "train_data_loss": 0.0010592436883598566,
    "train_physics_loss": 0.0019265939481556416,
    "train_total_loss": 0.0010592436883598566,
    "train_actual_physics_residual": 0.0019254310755059123,
    "test_data_loss": 0.004675319418311119,
    "test_physics_loss": 0.0019408813677728176,
    "test_total_loss": 0.004675319418311119,
    "test_actual_physics_residual": 0.0019396020798012614,
    "training_time_seconds": 145.45916222200321,
    "evaluation_time_seconds": 0.32583971900021425,
    "parameter_names": [
        "a",
        "d",
        "epsilon",
        "k",
        "mu1",
        "mu2"
    ],
    "timestamp": "2026-05-11T03:05:19.065621"
}