{
    "train_mae": 0.0028334517356836874,
    "train_rmse": 0.004131977218393667,
    "test_mae": 0.0030046263016357956,
    "test_rmse": 0.004508357763843385,
    "per_parameter_mae_train": {
        "s": 0.005677329653716794,
        "t0": 0.0005141444204050455,
        "x0": 0.0023088811329292224
    },
    "per_parameter_mae_test": {
        "s": 0.0065695239204595504,
        "t0": 0.0005163972611441642,
        "x0": 0.0019279577233036727
    },
    "per_parameter_rmse_train": {
        "s": 0.006583867338910116,
        "t0": 0.0005831015725679588,
        "x0": 0.0027445201073546858
    },
    "per_parameter_rmse_test": {
        "s": 0.0074521257954772175,
        "t0": 0.0006002657739721076,
        "x0": 0.0022541897234708307
    },
    "train_data_loss": 0.9249698519706726,
    "train_physics_loss": 0.00424716342240572,
    "train_total_loss": 0.9249698519706726,
    "train_actual_physics_residual": 2.6961671784064833e-10,
    "test_data_loss": 0.9270275831222534,
    "test_physics_loss": 0.005441231653094292,
    "test_total_loss": 0.9270275831222534,
    "test_actual_physics_residual": 3.0572303022502467e-10,
    "training_time_seconds": 13.243381336997118,
    "evaluation_time_seconds": 0.1005370259990741,
    "parameter_names": [
        "s",
        "t0",
        "x0"
    ],
    "timestamp": "2026-05-26T02:24:24.793988"
}