{
  "observation_mode": "event_traces",
  "time_axis_size": 128,
  "records": [
    {
      "fraction": 0.25,
      "kept_steps": 32,
      "active_test_mae": 0.0029974919999164115,
      "test_mae": 0.0029974919999164115
    },
    {
      "fraction": 0.5,
      "kept_steps": 64,
      "active_test_mae": 0.002921513247434493,
      "test_mae": 0.002921513247434493
    },
    {
      "fraction": 0.75,
      "kept_steps": 96,
      "active_test_mae": 0.002947527140629181,
      "test_mae": 0.002947527140629181
    },
    {
      "fraction": 1.0,
      "kept_steps": 128,
      "active_test_mae": 0.002947527140629181,
      "test_mae": 0.002947527140629181
    }
  ]
}