{
    "train_mae": 0.0030163096233225173,
    "train_rmse": 0.004034752608736205,
    "test_mae": 0.003091653528759751,
    "test_rmse": 0.004201676055746489,
    "per_parameter_mae_train": {
        "s": 0.0056584209231645794,
        "t0": 0.000501210121057002,
        "x0": 0.0028892978257459706
    },
    "per_parameter_mae_test": {
        "s": 0.00616338895221491,
        "t0": 0.00023612817998908825,
        "x0": 0.002875443454075255
    },
    "per_parameter_rmse_train": {
        "s": 0.0062014602717171945,
        "t0": 0.0005849496949989641,
        "x0": 0.00316818720939037
    },
    "per_parameter_rmse_test": {
        "s": 0.006668048839476987,
        "t0": 0.0002655752735796358,
        "x0": 0.0029032463692757493
    },
    "train_data_loss": 1.000854253768921,
    "train_physics_loss": 0.0037681288085877895,
    "train_total_loss": 1.000854253768921,
    "train_actual_physics_residual": 2.0537377354301611e-10,
    "test_data_loss": 0.7358371019363403,
    "test_physics_loss": 0.004356441553682089,
    "test_total_loss": 0.7358371019363403,
    "test_actual_physics_residual": 2.212605099138898e-10,
    "training_time_seconds": 0.1774587459999566,
    "evaluation_time_seconds": 0.04085870899962174,
    "parameter_names": [
        "s",
        "t0",
        "x0"
    ],
    "timestamp": "2026-05-26T13:47:52.979133"
}