{
    "train_mae": 0.002751025044323429,
    "train_rmse": 0.003962074597973697,
    "test_mae": 0.002656798960959535,
    "test_rmse": 0.004318351155676069,
    "per_parameter_mae_train": {
        "s": 0.005183221346836051,
        "t0": 0.0004376040432439404,
        "x0": 0.002632249742890296
    },
    "per_parameter_mae_test": {
        "s": 0.0058202961465793545,
        "t0": 0.0005506334563212137,
        "x0": 0.001599467279978038
    },
    "per_parameter_rmse_train": {
        "s": 0.00614287858889773,
        "t0": 0.0005227310555050877,
        "x0": 0.0030142827082736716
    },
    "per_parameter_rmse_test": {
        "s": 0.007217652625272358,
        "t0": 0.0005709220630187112,
        "x0": 0.0018772343194295262
    },
    "train_data_loss": 1.0004087686538696,
    "train_physics_loss": 0.003697263542562723,
    "train_total_loss": 1.0004087686538696,
    "train_actual_physics_residual": 2.364869966520189e-10,
    "test_data_loss": 0.9885364770889282,
    "test_physics_loss": 0.005104211159050465,
    "test_total_loss": 0.9885364770889282,
    "test_actual_physics_residual": 3.2109151448800333e-10,
    "training_time_seconds": 0.800703980000435,
    "evaluation_time_seconds": 0.25487875399994664,
    "parameter_names": [
        "s",
        "t0",
        "x0"
    ],
    "timestamp": "2026-05-26T14:30:11.896898"
}