{
  "observation_mode": "event_traces",
  "time_axis_size": 128,
  "records": [
    {
      "fraction": 0.25,
      "kept_steps": 32,
      "active_test_mae": 0.0028429553644204295,
      "test_mae": 0.0028429553644204295
    },
    {
      "fraction": 0.5,
      "kept_steps": 64,
      "active_test_mae": 0.0027984683297572533,
      "test_mae": 0.0027984683297572533
    },
    {
      "fraction": 0.75,
      "kept_steps": 96,
      "active_test_mae": 0.002779536595500998,
      "test_mae": 0.002779536595500998
    },
    {
      "fraction": 1.0,
      "kept_steps": 128,
      "active_test_mae": 0.002779536595500998,
      "test_mae": 0.002779536595500998
    }
  ]
}