{
    "train_mae": 0.0028318523653675823,
    "train_rmse": 0.004146953197389808,
    "test_mae": 0.002690518395812649,
    "test_rmse": 0.004027541689392205,
    "per_parameter_mae_train": {
        "s": 0.005685959765212313,
        "t0": 0.0005174236635509595,
        "x0": 0.0022921736673394743
    },
    "per_parameter_mae_test": {
        "s": 0.005114620713388666,
        "t0": 0.000736934374694108,
        "x0": 0.0022200000993551736
    },
    "per_parameter_rmse_train": {
        "s": 0.006618277804511866,
        "t0": 0.0005895934879574218,
        "x0": 0.0027280837386870014
    },
    "per_parameter_rmse_test": {
        "s": 0.00645219955152165,
        "t0": 0.0007569420295641879,
        "x0": 0.0025415420300675135
    },
    "train_data_loss": 1.0279123783111572,
    "train_physics_loss": 0.004291670396924019,
    "train_total_loss": 1.0279123783111572,
    "train_actual_physics_residual": 2.6906588068698056e-10,
    "test_data_loss": 1.1800496578216553,
    "test_physics_loss": 0.004078994505107403,
    "test_total_loss": 1.1800496578216553,
    "test_actual_physics_residual": 2.949215871517197e-10,
    "training_time_seconds": 4.509764389999873,
    "evaluation_time_seconds": 0.10893787199984217,
    "parameter_names": [
        "s",
        "t0",
        "x0"
    ],
    "timestamp": "2026-05-26T19:13:03.342714"
}