{
    "train_mae": 0.002916224197534494,
    "train_rmse": 0.004104387859064536,
    "test_mae": 0.002799978199551377,
    "test_rmse": 0.004173951772831447,
    "per_parameter_mae_train": {
        "s": 0.005342128875663969,
        "t0": 0.0005093035722772213,
        "x0": 0.0028972401446622914
    },
    "per_parameter_mae_test": {
        "s": 0.0051780645694329275,
        "t0": 0.00034960052248023815,
        "x0": 0.0028722695067409654
    },
    "per_parameter_rmse_train": {
        "s": 0.0063189004411231976,
        "t0": 0.0005906616488767879,
        "x0": 0.003203219493670128
    },
    "per_parameter_rmse_test": {
        "s": 0.006614110284659153,
        "t0": 0.00037017759404548486,
        "x0": 0.0028951915130092935
    },
    "train_data_loss": 1.0276165008544922,
    "train_physics_loss": 0.003912205342203379,
    "train_total_loss": 1.0276165008544922,
    "train_actual_physics_residual": 2.0537377354301611e-10,
    "test_data_loss": 0.7927209734916687,
    "test_physics_loss": 0.004286244045943022,
    "test_total_loss": 0.7927209734916687,
    "test_actual_physics_residual": 2.212605099138898e-10,
    "training_time_seconds": 0.5455495249998421,
    "evaluation_time_seconds": 0.03084052599979259,
    "parameter_names": [
        "s",
        "t0",
        "x0"
    ],
    "timestamp": "2026-05-26T14:04:22.325392"
}