{
    "train_mae": 0.0027322417038775273,
    "train_rmse": 0.003971696311705928,
    "test_mae": 0.0029041630302673272,
    "test_rmse": 0.0040508623913601376,
    "per_parameter_mae_train": {
        "s": 0.0053668020559320745,
        "t0": 0.0005058093320814108,
        "x0": 0.002324113723619096
    },
    "per_parameter_mae_test": {
        "s": 0.005525342565617857,
        "t0": 0.0007454675819639233,
        "x0": 0.0024416789432202012
    },
    "per_parameter_rmse_train": {
        "s": 0.00627921290037636,
        "t0": 0.0005989241849768841,
        "x0": 0.002745157545506688
    },
    "per_parameter_rmse_test": {
        "s": 0.006386450106277652,
        "t0": 0.0007689169986442673,
        "x0": 0.0028018708090184964
    },
    "train_data_loss": 1.0061091184616089,
    "train_physics_loss": 0.0038632003124803305,
    "train_total_loss": 1.0061091184616089,
    "train_actual_physics_residual": 2.6906588068698056e-10,
    "test_data_loss": 1.2524080276489258,
    "test_physics_loss": 0.003996286541223526,
    "test_total_loss": 1.2524080276489258,
    "test_actual_physics_residual": 2.949215871517197e-10,
    "training_time_seconds": 0.4463122199999816,
    "evaluation_time_seconds": 0.031980423000049996,
    "parameter_names": [
        "s",
        "t0",
        "x0"
    ],
    "timestamp": "2026-05-26T13:26:44.906038"
}