{
  "train_polynomial_residual": {
    "mean": 0.0003415457418118647,
    "median": 0.0002727665097592635,
    "max": 0.0007199659761506728,
    "mse": 1.5411578275300735e-07
  },
  "test_polynomial_residual": {
    "mean": 0.00021521274106983307,
    "median": 0.00018605123657977797,
    "max": 0.0003096386790476709,
    "mse": 5.083672996553921e-08
  },
  "train_forward_linear_error": {
    "mean": 0.005446515533160157,
    "median": 0.004797102968591223,
    "max": 0.013201689444705445,
    "mse": 4.690684725442078e-05
  },
  "test_forward_linear_error": {
    "mean": 0.0027810279414272956,
    "median": 0.0020134215333571168,
    "max": 0.00738984927098034,
    "mse": 1.2435356568788615e-05
  },
  "train_forward_quadratic_error": {
    "mean": 0.0002846635790014651,
    "median": 0.00022530209895067364,
    "max": 0.0006539834452178402,
    "mse": 1.0381606905575357e-07
  },
  "test_forward_quadratic_error": {
    "mean": 0.0002005185256757233,
    "median": 0.00017265574376919567,
    "max": 0.00030898009585349304,
    "mse": 4.338764759239091e-08
  },
  "train_observed_forward_residual": {
    "mean": 0.00020001517180002234,
    "median": 0.0001563344702683693,
    "max": 0.0005338564135191728,
    "mse": 4.987455436869338e-08
  },
  "test_observed_forward_residual": {
    "mean": 0.00015018559058353843,
    "median": 0.00015015332029426283,
    "max": 0.00016449725202176394,
    "mse": 2.2641319632340823e-08
  },
  "train_clean_forward_residual": {
    "mean": 0.00011020857914393868,
    "median": 5.035999701040474e-05,
    "max": 0.0005220607324218221,
    "mse": 3.05104200842426e-08
  },
  "test_clean_forward_residual": {
    "mean": 3.495883853240474e-05,
    "median": 2.5910743769083405e-05,
    "max": 8.687713829680593e-05,
    "mse": 1.7707649063691068e-09
  },
  "train_observation_noise_floor": {
    "mean": 0.0001415212896894404,
    "median": 0.000141067597113979,
    "max": 0.00015459872119666696,
    "mse": 2.0063566377948375e-08
  },
  "test_observation_noise_floor": {
    "mean": 0.00014601357929882954,
    "median": 0.00014542143921412385,
    "max": 0.00016499438430060733,
    "mse": 2.139673423863915e-08
  }
}
