{
    "train_mae": 0.0016525846269841988,
    "train_rmse": 0.002673536491766954,
    "test_mae": 0.002628923097322825,
    "test_rmse": 0.0040775639887617775,
    "per_parameter_mae_train": {
        "s": 0.0033874644100726427,
        "t0": 0.00031383909402849495,
        "x0": 0.001256450376851459
    },
    "per_parameter_mae_test": {
        "s": 0.004986930715941917,
        "t0": 0.0006545843775028626,
        "x0": 0.0022452541985236952
    },
    "per_parameter_rmse_train": {
        "s": 0.004330766873248134,
        "t0": 0.000385389122246493,
        "x0": 0.001593526163092191
    },
    "per_parameter_rmse_test": {
        "s": 0.0063553528553126504,
        "t0": 0.0007865125834293587,
        "x0": 0.0029783338106930154
    },
    "train_data_loss": 0.3707558512687683,
    "train_physics_loss": 0.0018376678926870227,
    "train_total_loss": 0.3707558512687683,
    "train_actual_physics_residual": 2.6961671784064833e-10,
    "test_data_loss": 1.1951180696487427,
    "test_physics_loss": 0.009111064486205578,
    "test_total_loss": 1.1951180696487427,
    "test_actual_physics_residual": 3.0572303022502467e-10,
    "training_time_seconds": 6.786724347002746,
    "evaluation_time_seconds": 0.06843277799998759,
    "parameter_names": [
        "s",
        "t0",
        "x0"
    ],
    "timestamp": "2026-05-26T01:50:58.140534"
}