{
    "train_mae": 0.0009672211307688291,
    "train_rmse": 0.0020896737190429396,
    "test_mae": 0.0011635912152876432,
    "test_rmse": 0.0026442207468643005,
    "per_parameter_mae_train": {
        "a": 0.0007584439038289569,
        "d": 0.0038925806368050727,
        "epsilon": 9.499490256914545e-11,
        "k": 0.0,
        "mu1": 0.0011522902280550766,
        "mu2": 1.1920928966180355e-08
    },
    "per_parameter_mae_test": {
        "a": 0.0007820164115896172,
        "d": 0.00473883192556932,
        "epsilon": 9.499490256914545e-11,
        "k": 0.0,
        "mu1": 0.0014606869386430536,
        "mu2": 1.1920928966180355e-08
    },
    "per_parameter_rmse_train": {
        "a": 0.0009585646460527755,
        "d": 0.004807065579741981,
        "epsilon": 9.499490256914543e-11,
        "k": 0.0,
        "mu1": 0.0014743445471150866,
        "mu2": 1.1920928966180355e-08
    },
    "per_parameter_rmse_test": {
        "a": 0.0009036584718851921,
        "d": 0.006152098788304528,
        "epsilon": 9.499490256914545e-11,
        "k": 0.0,
        "mu1": 0.0018128712071946956,
        "mu2": 1.1920928966180354e-08
    },
    "train_data_loss": 0.27531659603118896,
    "train_physics_loss": 0.0,
    "train_total_loss": 0.27531659603118896,
    "train_actual_physics_residual": 0.0,
    "test_data_loss": 0.3546261787414551,
    "test_physics_loss": 0.0,
    "test_total_loss": 0.3546261787414551,
    "test_actual_physics_residual": 0.0,
    "training_time_seconds": 107.33000557199557,
    "evaluation_time_seconds": 0.4543618020034046,
    "parameter_names": [
        "a",
        "d",
        "epsilon",
        "k",
        "mu1",
        "mu2"
    ],
    "timestamp": "2026-06-18T03:23:59.928438"
}