{
    "train_mae": 0.0010683625916417929,
    "train_rmse": 0.0016743213898823247,
    "test_mae": 0.001852874628744064,
    "test_rmse": 0.0031462838114126044,
    "per_parameter_mae_train": {
        "s": 0.002142112265712908,
        "t0": 0.00041182251538851453,
        "x0": 0.0006511529938239558
    },
    "per_parameter_mae_test": {
        "s": 0.004019828487729245,
        "t0": 0.0004082991466582564,
        "x0": 0.0011304962518446904
    },
    "per_parameter_rmse_train": {
        "s": 0.00271677724464541,
        "t0": 0.0004766736377585333,
        "x0": 0.0008955221917380822
    },
    "per_parameter_rmse_test": {
        "s": 0.005217853534586564,
        "t0": 0.0005228834754213834,
        "x0": 0.0014825325725274414
    },
    "train_data_loss": 0.27976396679878235,
    "train_physics_loss": 0.0007231783820316195,
    "train_total_loss": 0.27976396679878235,
    "train_actual_physics_residual": 2.6961671784064833e-10,
    "test_data_loss": 0.5235557556152344,
    "test_physics_loss": 0.0026675991248339415,
    "test_total_loss": 0.5235557556152344,
    "test_actual_physics_residual": 3.0572303022502467e-10,
    "training_time_seconds": 37.09140347200082,
    "evaluation_time_seconds": 0.09479000699866447,
    "parameter_names": [
        "s",
        "t0",
        "x0"
    ],
    "timestamp": "2026-05-24T04:19:28.679816"
}