{
    "train_mae": 0.00291777484162777,
    "train_rmse": 0.004228632848351593,
    "test_mae": 0.003014805964331364,
    "test_rmse": 0.004474936376653467,
    "per_parameter_mae_train": {
        "s": 0.005791370869949992,
        "t0": 0.0005663556504963463,
        "x0": 0.0023955980044369713
    },
    "per_parameter_mae_test": {
        "s": 0.006596349434179732,
        "t0": 0.0004423689144626436,
        "x0": 0.002005699544351717
    },
    "per_parameter_rmse_train": {
        "s": 0.0067417541600553604,
        "t0": 0.0006294642470194861,
        "x0": 0.002792227230290322
    },
    "per_parameter_rmse_test": {
        "s": 0.0073590655815052265,
        "t0": 0.0005179733685946391,
        "x0": 0.0023771882722706784
    },
    "train_data_loss": 0.9990218281745911,
    "train_physics_loss": 0.00445330748334527,
    "train_total_loss": 0.9990218281745911,
    "train_actual_physics_residual": 2.6961671784064833e-10,
    "test_data_loss": 0.8636127710342407,
    "test_physics_loss": 0.005306181497871876,
    "test_total_loss": 0.8636127710342407,
    "test_actual_physics_residual": 3.0572303022502467e-10,
    "training_time_seconds": 9.479645513001742,
    "evaluation_time_seconds": 0.0949286770010076,
    "parameter_names": [
        "s",
        "t0",
        "x0"
    ],
    "timestamp": "2026-05-26T01:57:35.016760"
}