{
    "train_mae": 0.002847927109846975,
    "train_rmse": 0.004252232120992204,
    "test_mae": 0.0026228145688274238,
    "test_rmse": 0.0042788520853311906,
    "per_parameter_mae_train": {
        "s": 0.005162079090074989,
        "t0": 0.0005033766354123684,
        "x0": 0.0028783256040535673
    },
    "per_parameter_mae_test": {
        "s": 0.004600197538335515,
        "t0": 0.00035139238711379833,
        "x0": 0.0029168537810329576
    },
    "per_parameter_rmse_train": {
        "s": 0.006628820365260627,
        "t0": 0.0005858028514297919,
        "x0": 0.0031559482912044486
    },
    "per_parameter_rmse_test": {
        "s": 0.006786573072932113,
        "t0": 0.0003734454827225415,
        "x0": 0.002954435631658971
    },
    "train_data_loss": 1.047152042388916,
    "train_physics_loss": 0.004305378533899784,
    "train_total_loss": 1.047152042388916,
    "train_actual_physics_residual": 2.0537377354301611e-10,
    "test_data_loss": 0.826744556427002,
    "test_physics_loss": 0.004512686748057604,
    "test_total_loss": 0.826744556427002,
    "test_actual_physics_residual": 2.212605099138898e-10,
    "training_time_seconds": 0.3851828940005362,
    "evaluation_time_seconds": 0.05892352600039885,
    "parameter_names": [
        "s",
        "t0",
        "x0"
    ],
    "timestamp": "2026-05-26T19:16:15.714127"
}