{
    "train_mae": 0.0029192941673837403,
    "train_rmse": 0.004234719863595971,
    "test_mae": 0.0030103284961465393,
    "test_rmse": 0.004460220175185241,
    "per_parameter_mae_train": {
        "s": 0.0057776724114307985,
        "t0": 0.000574685536467186,
        "x0": 0.0024055245542532367
    },
    "per_parameter_mae_test": {
        "s": 0.0065970463500263365,
        "t0": 0.00043216220879845643,
        "x0": 0.0020017769296148255
    },
    "per_parameter_rmse_train": {
        "s": 0.006744222808647386,
        "t0": 0.0006361211003978297,
        "x0": 0.0028123594404613136
    },
    "per_parameter_rmse_test": {
        "s": 0.007334941934126333,
        "t0": 0.0005123731989229871,
        "x0": 0.0023699773335221675
    },
    "train_data_loss": 1.011171817779541,
    "train_physics_loss": 0.004456569906324148,
    "train_total_loss": 1.011171817779541,
    "train_actual_physics_residual": 2.6961671784064833e-10,
    "test_data_loss": 0.8546969294548035,
    "test_physics_loss": 0.005271450616419315,
    "test_total_loss": 0.8546969294548035,
    "test_actual_physics_residual": 3.0572303022502467e-10,
    "training_time_seconds": 29.94401391300198,
    "evaluation_time_seconds": 0.3668065530000604,
    "parameter_names": [
        "s",
        "t0",
        "x0"
    ],
    "timestamp": "2026-05-24T20:55:07.044317"
}