{
  "train": {
    "event_abs_mean": 0.015625,
    "event_active_fraction_gt_1e_6": 0.015625,
    "spike_mean": 0.0340585932135582,
    "spike_active_fraction_gt_0p5": 0.001687500043772161,
    "spike_count_per_sample_mean": 4.319999694824219,
    "first_spike_flat_index_mean": 933.47998046875,
    "mem_abs_mean": 1.7014423608779907
  },
  "test": {
    "event_abs_mean": 0.015625,
    "event_active_fraction_gt_1e_6": 0.015625,
    "spike_mean": 0.03407076746225357,
    "spike_active_fraction_gt_0p5": 0.001506696455180645,
    "spike_count_per_sample_mean": 3.857142925262451,
    "first_spike_flat_index_mean": 985.5714721679688,
    "mem_abs_mean": 1.7014539241790771
  }
}