{
    "train_mae": 0.0025922363882316256,
    "train_rmse": 0.003903948874226229,
    "test_mae": 0.002545544352575224,
    "test_rmse": 0.003981384345414918,
    "per_parameter_mae_train": {
        "s": 0.0055114078799741294,
        "t0": 0.0005611488109474737,
        "x0": 0.0017041524737732745
    },
    "per_parameter_mae_test": {
        "s": 0.005938135341925093,
        "t0": 0.00045225882707335076,
        "x0": 0.0012462388887272285
    },
    "per_parameter_rmse_train": {
        "s": 0.006420880645014196,
        "t0": 0.0006264069919901166,
        "x0": 0.0020254274760120898
    },
    "per_parameter_rmse_test": {
        "s": 0.006703224444484465,
        "t0": 0.0005284953933522002,
        "x0": 0.0015302740224601532
    },
    "train_data_loss": 0.8075389266014099,
    "train_physics_loss": 0.004039484076201916,
    "train_total_loss": 0.8075389266014099,
    "train_actual_physics_residual": 2.6961671784064833e-10,
    "test_data_loss": 0.6644072532653809,
    "test_physics_loss": 0.004402552265673876,
    "test_total_loss": 0.6644072532653809,
    "test_actual_physics_residual": 3.0572303022502467e-10,
    "training_time_seconds": 16.388097729999572,
    "evaluation_time_seconds": 0.04804512600094313,
    "parameter_names": [
        "s",
        "t0",
        "x0"
    ],
    "timestamp": "2026-05-24T02:58:56.994059"
}