{
    "train_mae": 0.0008357599512095797,
    "train_rmse": 0.0012603856356472598,
    "test_mae": 0.0028676343393873936,
    "test_rmse": 0.004107064447402871,
    "per_parameter_mae_train": {
        "s": 0.0014817395939569604,
        "t0": 0.0002052996838072305,
        "x0": 0.0008202405758645482
    },
    "per_parameter_mae_test": {
        "s": 0.005868263484995182,
        "t0": 0.0005700308880675561,
        "x0": 0.0021646086450994415
    },
    "per_parameter_rmse_train": {
        "s": 0.0018668696880870638,
        "t0": 0.0002522441200076564,
        "x0": 0.0011031257060104772
    },
    "per_parameter_rmse_test": {
        "s": 0.0065741885347618875,
        "t0": 0.000686420039893021,
        "x0": 0.0026292218931844758
    },
    "train_data_loss": 0.13098707795143127,
    "train_physics_loss": 0.0003414794337004423,
    "train_total_loss": 0.13098707795143127,
    "train_actual_physics_residual": 2.6961671784064833e-10,
    "test_data_loss": 1.0082194805145264,
    "test_physics_loss": 0.004234685562551022,
    "test_total_loss": 1.0082194805145264,
    "test_actual_physics_residual": 3.0572303022502467e-10,
    "training_time_seconds": 6.278264626000237,
    "evaluation_time_seconds": 0.1024533119998523,
    "parameter_names": [
        "s",
        "t0",
        "x0"
    ],
    "timestamp": "2026-05-24T20:13:16.308538"
}