{
    "train_mae": 0.0027395249086223728,
    "train_rmse": 0.0038315404043400363,
    "test_mae": 0.002655453369361131,
    "test_rmse": 0.004234918765666526,
    "per_parameter_mae_train": {
        "s": 0.005287853724460563,
        "t0": 0.00042967155909400754,
        "x0": 0.0025010494423125485
    },
    "per_parameter_mae_test": {
        "s": 0.005633256771274179,
        "t0": 0.00058220156631038,
        "x0": 0.0017509017704988345
    },
    "per_parameter_rmse_train": {
        "s": 0.005982482414150846,
        "t0": 0.0005030289630515406,
        "x0": 0.002828245328287096
    },
    "per_parameter_rmse_test": {
        "s": 0.00704053119651219,
        "t0": 0.0006006071610848117,
        "x0": 0.0019681977452420097
    },
    "train_data_loss": 0.9187372922897339,
    "train_physics_loss": 0.0035067040007561445,
    "train_total_loss": 0.9187372922897339,
    "train_actual_physics_residual": 2.364869966520189e-10,
    "test_data_loss": 1.0213922262191772,
    "test_physics_loss": 0.0048567685298621655,
    "test_total_loss": 1.0213922262191772,
    "test_actual_physics_residual": 3.2109151448800333e-10,
    "training_time_seconds": 2.4896864630027267,
    "evaluation_time_seconds": 0.07028826800160459,
    "parameter_names": [
        "s",
        "t0",
        "x0"
    ],
    "timestamp": "2026-05-24T21:29:09.979353"
}