{
  "observation_mode": "event_traces",
  "time_axis_size": 128,
  "records": [
    {
      "fraction": 0.25,
      "kept_steps": 32,
      "active_test_mae": 0.0025951854977393934,
      "test_mae": 0.0025951854977393934
    },
    {
      "fraction": 0.5,
      "kept_steps": 64,
      "active_test_mae": 0.002595882659209534,
      "test_mae": 0.002595882659209534
    },
    {
      "fraction": 0.75,
      "kept_steps": 96,
      "active_test_mae": 0.0025959681634916223,
      "test_mae": 0.0025959681634916223
    },
    {
      "fraction": 1.0,
      "kept_steps": 128,
      "active_test_mae": 0.0025959681634916223,
      "test_mae": 0.0025959681634916223
    }
  ]
}