{
    "train_mae": 0.0027600586032510564,
    "train_rmse": 0.003952200880594902,
    "test_mae": 0.0025959681634916223,
    "test_rmse": 0.004196739496150146,
    "per_parameter_mae_train": {
        "s": 0.005256148821811637,
        "t0": 0.0004275209584301437,
        "x0": 0.0025965060295113896
    },
    "per_parameter_mae_test": {
        "s": 0.005622749323895203,
        "t0": 0.0005359281389601995,
        "x0": 0.0016292270276194651
    },
    "per_parameter_rmse_train": {
        "s": 0.00613578477423538,
        "t0": 0.0005246062949280524,
        "x0": 0.0029894161371927623
    },
    "per_parameter_rmse_test": {
        "s": 0.006995104240117927,
        "t0": 0.0005682925295743222,
        "x0": 0.0018929943122877968
    },
    "train_data_loss": 0.9965735077857971,
    "train_physics_loss": 0.0036887277383357286,
    "train_total_loss": 0.9965735077857971,
    "train_actual_physics_residual": 2.364869966520189e-10,
    "test_data_loss": 0.9590169787406921,
    "test_physics_loss": 0.00479429867118597,
    "test_total_loss": 0.9590169787406921,
    "test_actual_physics_residual": 3.2109151448800333e-10,
    "training_time_seconds": 2.423385877002147,
    "evaluation_time_seconds": 0.22268820799945388,
    "parameter_names": [
        "s",
        "t0",
        "x0"
    ],
    "timestamp": "2026-05-24T22:25:32.832212"
}