{
    "train_mae": 0.0005435776974924103,
    "train_rmse": 0.001188853734243235,
    "test_mae": 0.0005815065954106174,
    "test_rmse": 0.001246802267104164,
    "per_parameter_mae_train": {
        "a": 0.00036999388810292453,
        "d": 0.002212158705876686,
        "epsilon": 9.499490256914545e-11,
        "k": 0.0,
        "mu1": 0.000679301575050982,
        "mu2": 1.1920928966180355e-08
    },
    "per_parameter_mae_test": {
        "a": 0.0004295828031690643,
        "d": 0.002316339454116704,
        "epsilon": 9.499490256914545e-11,
        "k": 0.0,
        "mu1": 0.0007431052992540663,
        "mu2": 1.1920928966180355e-08
    },
    "per_parameter_rmse_train": {
        "a": 0.00047173455234573715,
        "d": 0.0027471699035056378,
        "epsilon": 9.499490256914543e-11,
        "k": 0.0,
        "mu1": 0.0008430677563508039,
        "mu2": 1.1920928966180357e-08
    },
    "per_parameter_rmse_test": {
        "a": 0.0005231467271136914,
        "d": 0.0028719978441695245,
        "epsilon": 9.499490256914543e-11,
        "k": 0.0,
        "mu1": 0.0008972409065519793,
        "mu2": 1.1920928966180355e-08
    },
    "train_data_loss": 0.3225208818912506,
    "train_physics_loss": 0.0009669007267802954,
    "train_total_loss": 0.3225208818912506,
    "train_actual_physics_residual": 0.0009683195385150611,
    "test_data_loss": 0.3714650869369507,
    "test_physics_loss": 0.0009659886709414423,
    "test_total_loss": 0.3714650869369507,
    "test_actual_physics_residual": 0.0009672476444393396,
    "training_time_seconds": 51.44599290200131,
    "evaluation_time_seconds": 0.12922710799830384,
    "parameter_names": [
        "a",
        "d",
        "epsilon",
        "k",
        "mu1",
        "mu2"
    ],
    "timestamp": "2026-05-10T22:29:03.943904"
}