{
  "train_polynomial_residual": {
    "mean": 0.00012840377547167987,
    "median": 9.052471974693053e-05,
    "max": 0.00036799844551650256,
    "mse": 2.8675712515720198e-08
  },
  "test_polynomial_residual": {
    "mean": 4.6501012937731176e-05,
    "median": 3.350400288143606e-05,
    "max": 0.00010864563228781938,
    "mse": 3.196069179727779e-09
  },
  "train_forward_linear_error": {
    "mean": 0.005443406638934089,
    "median": 0.004796603742864604,
    "max": 0.013203958305177135,
    "mse": 4.690288315091289e-05
  },
  "test_forward_linear_error": {
    "mean": 0.0027647024856781986,
    "median": 0.002011022164430167,
    "max": 0.007389619735469493,
    "mse": 1.2391052946043561e-05
  },
  "train_forward_quadratic_error": {
    "mean": 0.00022388730858480997,
    "median": 0.00018945189423873773,
    "max": 0.0006410968697693514,
    "mse": 8.382552446325238e-08
  },
  "test_forward_quadratic_error": {
    "mean": 0.0001128198283734507,
    "median": 9.019453864082525e-05,
    "max": 0.0002766711356572693,
    "mse": 2.1117963306019182e-08
  },
  "train_observed_forward_residual": {
    "mean": 0.00015968287050609987,
    "median": 0.00010750219786171074,
    "max": 0.000635757448458773,
    "mse": 5.424899801409261e-08
  },
  "test_observed_forward_residual": {
    "mean": 9.183764678480537e-05,
    "median": 5.233193850045496e-05,
    "max": 0.0002734896654401421,
    "mse": 1.5730492527053083e-08
  },
  "train_clean_forward_residual": {
    "mean": 0.00015715700473952128,
    "median": 0.00010719658406469524,
    "max": 0.0006353027199174962,
    "mse": 5.3956538597764164e-08
  },
  "test_clean_forward_residual": {
    "mean": 8.80706836064671e-05,
    "median": 5.078846961652298e-05,
    "max": 0.00027305512046752644,
    "mse": 1.5585322484379907e-08
  },
  "train_observation_noise_floor": {
    "mean": 1.4152128968948477e-05,
    "median": 1.410675971143176e-05,
    "max": 1.5459872119662006e-05,
    "mse": 2.0063566377960403e-10
  },
  "test_observation_noise_floor": {
    "mean": 1.4601357929880621e-05,
    "median": 1.4542143921397978e-05,
    "max": 1.649943843001017e-05,
    "mse": 2.1396734238629708e-10
  }
}
