{
    "train_mae": 0.0012932664730857123,
    "train_rmse": 0.0023562891388344428,
    "test_mae": 0.0020144394806422975,
    "test_rmse": 0.0035097092232585845,
    "per_parameter_mae_train": {
        "s": 0.0029550032579653074,
        "t0": 0.00035246673702357066,
        "x0": 0.0005723294242682587
    },
    "per_parameter_mae_test": {
        "s": 0.004540209450953173,
        "t0": 0.0005382452695258429,
        "x0": 0.000964863721447876
    },
    "per_parameter_rmse_train": {
        "s": 0.003981361368933781,
        "t0": 0.0004201731760551101,
        "x0": 0.000792787278816306
    },
    "per_parameter_rmse_test": {
        "s": 0.005918309596674579,
        "t0": 0.0006137471031468349,
        "x0": 0.0012454326584635533
    },
    "train_data_loss": 0.378977507352829,
    "train_physics_loss": 0.001553099136799574,
    "train_total_loss": 0.378977507352829,
    "train_actual_physics_residual": 2.364869966520189e-10,
    "test_data_loss": 0.8269774913787842,
    "test_physics_loss": 0.0034318743273615837,
    "test_total_loss": 0.8269774913787842,
    "test_actual_physics_residual": 3.2109151448800333e-10,
    "training_time_seconds": 2.3543846309985383,
    "evaluation_time_seconds": 0.04324145200007479,
    "parameter_names": [
        "s",
        "t0",
        "x0"
    ],
    "timestamp": "2026-05-26T09:59:24.703810"
}