{
  "observation_mode": "event_traces",
  "time_axis_size": 128,
  "records": [
    {
      "fraction": 0.25,
      "kept_steps": 32,
      "active_test_mae": 0.0028738165576754743,
      "test_mae": 0.0028738165576754743
    },
    {
      "fraction": 0.5,
      "kept_steps": 64,
      "active_test_mae": 0.0028720967153210175,
      "test_mae": 0.0028720967153210175
    },
    {
      "fraction": 0.75,
      "kept_steps": 96,
      "active_test_mae": 0.0028702173063654434,
      "test_mae": 0.0028702173063654434
    },
    {
      "fraction": 1.0,
      "kept_steps": 128,
      "active_test_mae": 0.0028702173063654434,
      "test_mae": 0.0028702173063654434
    }
  ]
}