{
  "train_observed_forward_residual": {
    "mean": 1.407590980106281e-05,
    "median": 1.4271378339930309e-05,
    "max": 1.5272317407209147e-05,
    "mse": 1.9861261104703916e-10
  },
  "test_observed_forward_residual": {
    "mean": 1.3702800212528647e-05,
    "median": 1.3623675878631867e-05,
    "max": 1.456506716200031e-05,
    "mse": 1.8808388999020062e-10
  },
  "train_clean_forward_residual": {
    "mean": 1.185259765052147e-06,
    "median": 1.2704679748139307e-06,
    "max": 2.1184205356743936e-06,
    "mse": 1.6737360857996588e-12
  },
  "test_clean_forward_residual": {
    "mean": 1.2458816836961287e-06,
    "median": 1.1530640687671636e-06,
    "max": 2.0774226845680545e-06,
    "mse": 1.6844595835042441e-12
  },
  "train_observation_noise_floor": {
    "mean": 1.4134642406195077e-05,
    "median": 1.4339923449345069e-05,
    "max": 1.5312378993319748e-05,
    "mse": 2.0025988529165444e-10
  },
  "test_observation_noise_floor": {
    "mean": 1.376533499511875e-05,
    "median": 1.3693375603748957e-05,
    "max": 1.4597991709935976e-05,
    "mse": 1.8979072195724866e-10
  }
}
