{
    "train_mae": 0.001076798114891569,
    "train_rmse": 0.002458497830770895,
    "test_mae": 0.0010884434532388795,
    "test_rmse": 0.002545621751634214,
    "per_parameter_mae_train": {
        "a": 0.0004330209321809754,
        "d": 0.005235637615107496,
        "epsilon": 9.499490256914545e-11,
        "k": 0.0,
        "mu1": 0.0007921181261370749,
        "mu2": 1.1920928966180355e-08
    },
    "per_parameter_mae_test": {
        "a": 0.0004867460319420638,
        "d": 0.005129854886492546,
        "epsilon": 9.499490256914545e-11,
        "k": 0.0,
        "mu1": 0.000914047785074798,
        "mu2": 1.1920928966180355e-08
    },
    "per_parameter_rmse_train": {
        "a": 0.0005300154272310055,
        "d": 0.00591825625433399,
        "epsilon": 9.499490256914543e-11,
        "k": 0.0,
        "mu1": 0.0009790791889437763,
        "mu2": 1.1920928966180357e-08
    },
    "per_parameter_rmse_test": {
        "a": 0.0005704068340864971,
        "d": 0.006118663128317734,
        "epsilon": 9.499490256914543e-11,
        "k": 0.0,
        "mu1": 0.001057231374870146,
        "mu2": 1.1920928966180355e-08
    },
    "train_data_loss": 0.661475419998169,
    "train_physics_loss": 0.0,
    "train_total_loss": 0.661475419998169,
    "train_actual_physics_residual": 0.0,
    "test_data_loss": 0.7382717132568359,
    "test_physics_loss": 0.0,
    "test_total_loss": 0.7382717132568359,
    "test_actual_physics_residual": 0.0,
    "training_time_seconds": 48.318678283001645,
    "evaluation_time_seconds": 0.05759929199848557,
    "parameter_names": [
        "a",
        "d",
        "epsilon",
        "k",
        "mu1",
        "mu2"
    ],
    "timestamp": "2026-06-19T18:41:22.469036"
}