{
    "train_mae": 0.0027211176081222773,
    "train_rmse": 0.0038281270033242894,
    "test_mae": 0.002764790639620988,
    "test_rmse": 0.004203260224410116,
    "per_parameter_mae_train": {
        "s": 0.005199076182346305,
        "t0": 0.00039427846818805345,
        "x0": 0.0025699981738324727
    },
    "per_parameter_mae_test": {
        "s": 0.005775235035129159,
        "t0": 0.0005636762298404573,
        "x0": 0.0019554606538933483
    },
    "per_parameter_rmse_train": {
        "s": 0.005879706744310798,
        "t0": 0.000483517132068043,
        "x0": 0.003026372225064959
    },
    "per_parameter_rmse_test": {
        "s": 0.006926727360502313,
        "t0": 0.0005886891258059536,
        "x0": 0.002162425196105298
    },
    "train_data_loss": 0.9268748164176941,
    "train_physics_loss": 0.0033872525673359632,
    "train_total_loss": 0.9268748164176941,
    "train_actual_physics_residual": 2.364869966520189e-10,
    "test_data_loss": 1.0193568468093872,
    "test_physics_loss": 0.004701030440628529,
    "test_total_loss": 1.0193568468093872,
    "test_actual_physics_residual": 3.2109151448800333e-10,
    "training_time_seconds": 2.156121019999773,
    "evaluation_time_seconds": 0.059938231999694835,
    "parameter_names": [
        "s",
        "t0",
        "x0"
    ],
    "timestamp": "2026-05-26T06:12:36.085698"
}