{
    "train_mae": 0.00027935078141571326,
    "train_rmse": 0.0007348752885478276,
    "test_mae": 0.0003805861295990896,
    "test_rmse": 0.001068474884145387,
    "per_parameter_mae_train": {
        "a": 0.0001916975861930706,
        "beta": 0.0,
        "d": 0.0013864690601645315,
        "epsilon": 2.2351741811588166e-10,
        "gamma": 9.793781861925953e-05,
        "k": 0.0
    },
    "per_parameter_mae_test": {
        "a": 0.00021695330627011607,
        "beta": 0.0,
        "d": 0.0019373344150347138,
        "epsilon": 2.2351741811588166e-10,
        "gamma": 0.00012922883277228963,
        "k": 0.0
    },
    "per_parameter_rmse_train": {
        "a": 0.00023905820650814712,
        "beta": 0.0,
        "d": 0.0017795441131035518,
        "epsilon": 2.2351741811588169e-10,
        "gamma": 0.0001277656516011596,
        "k": 0.0
    },
    "per_parameter_rmse_test": {
        "a": 0.00029177380529350945,
        "beta": 0.0,
        "d": 0.0025952547513830994,
        "epsilon": 2.2351741811588166e-10,
        "gamma": 0.00017132510109417245,
        "k": 0.0
    },
    "train_data_loss": 0.011037233285605907,
    "train_physics_loss": 0.0,
    "train_total_loss": 0.011037233285605907,
    "train_actual_physics_residual": 0.0,
    "test_data_loss": 0.02169143036007881,
    "test_physics_loss": 0.0,
    "test_total_loss": 0.02169143036007881,
    "test_actual_physics_residual": 0.0,
    "training_time_seconds": 115.99380366900004,
    "evaluation_time_seconds": 0.15670518100159825,
    "parameter_names": [
        "a",
        "beta",
        "d",
        "epsilon",
        "gamma",
        "k"
    ],
    "timestamp": "2026-06-19T17:01:25.569656"
}