{
    "train_mae": 0.0029311306536876133,
    "train_rmse": 0.004045297377552814,
    "test_mae": 0.002851457986185822,
    "test_rmse": 0.004150668386898433,
    "per_parameter_mae_train": {
        "s": 0.005416833363782458,
        "t0": 0.0005042381611879351,
        "x0": 0.0028723204360924467
    },
    "per_parameter_mae_test": {
        "s": 0.005430400833089544,
        "t0": 0.00024693524714492626,
        "x0": 0.0028770378783229966
    },
    "per_parameter_rmse_train": {
        "s": 0.006225663422093575,
        "t0": 0.0005868633535087254,
        "x0": 0.0031606959641227203
    },
    "per_parameter_rmse_test": {
        "s": 0.0065770904456577016,
        "t0": 0.00027334480573142897,
        "x0": 0.0028898629830516093
    },
    "train_data_loss": 1.0040947198867798,
    "train_physics_loss": 0.0037976044695824385,
    "train_total_loss": 1.0040947198867798,
    "train_actual_physics_residual": 2.0537377354301611e-10,
    "test_data_loss": 0.7268223166465759,
    "test_physics_loss": 0.004238397814333439,
    "test_total_loss": 0.7268223166465759,
    "test_actual_physics_residual": 2.212605099138898e-10,
    "training_time_seconds": 0.3139585190001526,
    "evaluation_time_seconds": 0.021088304001750657,
    "parameter_names": [
        "s",
        "t0",
        "x0"
    ],
    "timestamp": "2026-05-26T09:09:43.721305"
}