{
    "train_mae": 0.0015657268146793506,
    "train_rmse": 0.0025855984197971946,
    "test_mae": 0.0018673861868503693,
    "test_rmse": 0.0030475151139482013,
    "per_parameter_mae_train": {
        "s": 0.0033351220112608276,
        "t0": 0.0005520731954054631,
        "x0": 0.0008099852373717606
    },
    "per_parameter_mae_test": {
        "s": 0.004133265160641634,
        "t0": 0.0004411792572361548,
        "x0": 0.0010277141426733199
    },
    "per_parameter_rmse_train": {
        "s": 0.004312110952304531,
        "t0": 0.0006189843243433107,
        "x0": 0.0010385158191408591
    },
    "per_parameter_rmse_test": {
        "s": 0.005105281544123033,
        "t0": 0.0005301447212033615,
        "x0": 0.0012317029021014423
    },
    "train_data_loss": 0.505142092704773,
    "train_physics_loss": 0.0018218691693618894,
    "train_total_loss": 0.505142092704773,
    "train_actual_physics_residual": 2.6961671784064833e-10,
    "test_data_loss": 0.49249717593193054,
    "test_physics_loss": 0.0025537358596920967,
    "test_total_loss": 0.49249717593193054,
    "test_actual_physics_residual": 3.0572303022502467e-10,
    "training_time_seconds": 16.25478509000004,
    "evaluation_time_seconds": 0.21055793899995479,
    "parameter_names": [
        "s",
        "t0",
        "x0"
    ],
    "timestamp": "2026-05-26T03:38:29.290680"
}