{
    "train_mae": 0.0029079779744826725,
    "train_rmse": 0.003938292649082372,
    "test_mae": 0.002970088613976909,
    "test_rmse": 0.004123697614950023,
    "per_parameter_mae_train": {
        "s": 0.005442850791226916,
        "t0": 0.00048302014941132887,
        "x0": 0.002798062982809773
    },
    "per_parameter_mae_test": {
        "s": 0.005777568086583806,
        "t0": 0.0002598620044805891,
        "x0": 0.0028728357508663316
    },
    "per_parameter_rmse_train": {
        "s": 0.006072907649269818,
        "t0": 0.0005678098001464736,
        "x0": 0.0030541499117997624
    },
    "per_parameter_rmse_test": {
        "s": 0.006525271436835966,
        "t0": 0.0002892680107898448,
        "x0": 0.00288994857258393
    },
    "train_data_loss": 0.9443769454956055,
    "train_physics_loss": 0.00361352926120162,
    "train_total_loss": 0.9443769454956055,
    "train_actual_physics_residual": 2.0537377354301611e-10,
    "test_data_loss": 0.7296277284622192,
    "test_physics_loss": 0.004171875771135092,
    "test_total_loss": 0.7296277284622192,
    "test_actual_physics_residual": 2.212605099138898e-10,
    "training_time_seconds": 0.3355350330020883,
    "evaluation_time_seconds": 0.02105008800208452,
    "parameter_names": [
        "s",
        "t0",
        "x0"
    ],
    "timestamp": "2026-05-26T09:06:19.899638"
}