{
    "train_mae": 0.0029003375901786536,
    "train_rmse": 0.004210049192579311,
    "test_mae": 0.0030045588222758855,
    "test_rmse": 0.004486486341463034,
    "per_parameter_mae_train": {
        "s": 0.005782197598247206,
        "t0": 0.0005610649255522077,
        "x0": 0.0023577502467365466
    },
    "per_parameter_mae_test": {
        "s": 0.006601970610679319,
        "t0": 0.00043361718785905515,
        "x0": 0.0019780886682892827
    },
    "per_parameter_rmse_train": {
        "s": 0.00671772955556187,
        "t0": 0.0006227184965081396,
        "x0": 0.0027672863791538232
    },
    "per_parameter_rmse_test": {
        "s": 0.00738651859862155,
        "t0": 0.0005157862961244639,
        "x0": 0.0023577503187045086
    },
    "train_data_loss": 0.9836289286613464,
    "train_physics_loss": 0.004421624820679426,
    "train_total_loss": 0.9836289286613464,
    "train_actual_physics_residual": 2.6961671784064833e-10,
    "test_data_loss": 0.8607560992240906,
    "test_physics_loss": 0.0053458446636796,
    "test_total_loss": 0.8607560992240906,
    "test_actual_physics_residual": 3.0572303022502467e-10,
    "training_time_seconds": 21.51667505000023,
    "evaluation_time_seconds": 0.24214445100005833,
    "parameter_names": [
        "s",
        "t0",
        "x0"
    ],
    "timestamp": "2026-05-24T14:55:00.743310"
}