{
  "observation_mode": "event_traces",
  "time_axis_size": 128,
  "records": [
    {
      "fraction": 0.25,
      "kept_steps": 32,
      "active_test_mae": 0.0012217112326613042,
      "test_mae": 0.0008144741551075362
    },
    {
      "fraction": 0.5,
      "kept_steps": 64,
      "active_test_mae": 0.0012205479391254115,
      "test_mae": 0.0008136986260836077
    },
    {
      "fraction": 0.75,
      "kept_steps": 96,
      "active_test_mae": 0.0012205479391254115,
      "test_mae": 0.0008136986260836077
    },
    {
      "fraction": 1.0,
      "kept_steps": 128,
      "active_test_mae": 0.0012205479391254115,
      "test_mae": 0.0008136986260836077
    }
  ]
}