{
  "observation_mode": "event_traces",
  "time_axis_size": 128,
  "records": [
    {
      "fraction": 0.25,
      "kept_steps": 32,
      "active_test_mae": 0.0029837082811058416,
      "test_mae": 0.002983708281105841
    },
    {
      "fraction": 0.5,
      "kept_steps": 64,
      "active_test_mae": 0.0030091694899019488,
      "test_mae": 0.0030091694899019483
    },
    {
      "fraction": 0.75,
      "kept_steps": 96,
      "active_test_mae": 0.0030091694899019488,
      "test_mae": 0.0030091694899019483
    },
    {
      "fraction": 1.0,
      "kept_steps": 128,
      "active_test_mae": 0.0030091694899019488,
      "test_mae": 0.0030091694899019483
    }
  ]
}