{
    "train_mae": 0.0022915129839169114,
    "train_rmse": 0.0037287438605843838,
    "test_mae": 0.00228477635142728,
    "test_rmse": 0.0037005719230937283,
    "per_parameter_mae_train": {
        "s": 0.005363109803026819,
        "t0": 0.000559646009482944,
        "x0": 0.0009517831392409707
    },
    "per_parameter_mae_test": {
        "s": 0.005455635742468306,
        "t0": 0.0004549892265439483,
        "x0": 0.0009437040852695866
    },
    "per_parameter_rmse_train": {
        "s": 0.00632489783911503,
        "t0": 0.0006237736110423026,
        "x0": 0.0011476785876117373
    },
    "per_parameter_rmse_test": {
        "s": 0.006286705034540868,
        "t0": 0.0005419881118586303,
        "x0": 0.0011252939034986683
    },
    "train_data_loss": 0.6772060394287109,
    "train_physics_loss": 0.003919616341590881,
    "train_total_loss": 0.6772060394287109,
    "train_actual_physics_residual": 2.6961671784064833e-10,
    "test_data_loss": 0.5911439061164856,
    "test_physics_loss": 0.0038724245969206095,
    "test_total_loss": 0.5911439061164856,
    "test_actual_physics_residual": 3.0572303022502467e-10,
    "training_time_seconds": 12.533377798001311,
    "evaluation_time_seconds": 0.045268134999787435,
    "parameter_names": [
        "s",
        "t0",
        "x0"
    ],
    "timestamp": "2026-05-24T03:28:16.564471"
}