{
    "train_mae": 0.0013385690165868607,
    "train_rmse": 0.0019318545651845463,
    "test_mae": 0.001099798145382425,
    "test_rmse": 0.0015576113633499642,
    "per_parameter_mae_train": {
        "s": 0.0025571027441049026,
        "t0": 0.0005451094053659618,
        "x0": 0.000913494900289718
    },
    "per_parameter_mae_test": {
        "s": 0.0020796208672842187,
        "t0": 0.0004932194096676037,
        "x0": 0.0007265541591954527
    },
    "per_parameter_rmse_train": {
        "s": 0.003076581178021452,
        "t0": 0.0006303548429672138,
        "x0": 0.0011547671670362962
    },
    "per_parameter_rmse_test": {
        "s": 0.0024576609521594107,
        "t0": 0.0005851473604460271,
        "x0": 0.0009465541128243806
    },
    "train_data_loss": 0.4610799252986908,
    "train_physics_loss": 0.0009274111362174153,
    "train_total_loss": 0.4610799252986908,
    "train_actual_physics_residual": 2.6961671784064833e-10,
    "test_data_loss": 0.3710319697856903,
    "test_physics_loss": 0.0005918073584325612,
    "test_total_loss": 0.3710319697856903,
    "test_actual_physics_residual": 3.0572303022502467e-10,
    "training_time_seconds": 31.286189735001244,
    "evaluation_time_seconds": 0.12625879700135556,
    "parameter_names": [
        "s",
        "t0",
        "x0"
    ],
    "timestamp": "2026-05-24T03:09:52.509135"
}