{
  "train": {
    "event_abs_mean": 0.015625,
    "event_active_fraction_gt_1e_6": 0.015625,
    "spike_mean": 0.03995900973677635,
    "spike_active_fraction_gt_0p5": 0.002175245201215148,
    "spike_count_per_sample_mean": 5.568627834320068,
    "first_spike_flat_index_mean": 387.2156982421875,
    "mem_abs_mean": 1.3525646924972534
  },
  "test": {
    "event_abs_mean": 0.015625,
    "event_active_fraction_gt_1e_6": 0.015625,
    "spike_mean": 0.03994935750961304,
    "spike_active_fraction_gt_0p5": 0.002133413450792432,
    "spike_count_per_sample_mean": 5.461538791656494,
    "first_spike_flat_index_mean": 391.6153869628906,
    "mem_abs_mean": 1.352629542350769
  }
}