{
    "train_mae": 0.0028675122155762023,
    "train_rmse": 0.00402487884595176,
    "test_mae": 0.00275157922799376,
    "test_rmse": 0.004160988644641473,
    "per_parameter_mae_train": {
        "s": 0.005273881557396147,
        "t0": 0.0004865095046575549,
        "x0": 0.002842145584674905
    },
    "per_parameter_mae_test": {
        "s": 0.005165994628865911,
        "t0": 0.0001817389416315443,
        "x0": 0.0029070041134838243
    },
    "per_parameter_rmse_train": {
        "s": 0.006193777296469577,
        "t0": 0.0005792851530537783,
        "x0": 0.003146506107885281
    },
    "per_parameter_rmse_test": {
        "s": 0.006561749371581683,
        "t0": 0.00021623956780218256,
        "x0": 0.0029729051677391187
    },
    "train_data_loss": 0.9890778660774231,
    "train_physics_loss": 0.003758804639801383,
    "train_total_loss": 0.9890778660774231,
    "train_actual_physics_residual": 2.0537377354301611e-10,
    "test_data_loss": 0.7139737010002136,
    "test_physics_loss": 0.004218648187816143,
    "test_total_loss": 0.7139737010002136,
    "test_actual_physics_residual": 2.212605099138898e-10,
    "training_time_seconds": 1.275332742000046,
    "evaluation_time_seconds": 0.08547967099957532,
    "parameter_names": [
        "s",
        "t0",
        "x0"
    ],
    "timestamp": "2026-05-26T19:05:15.852404"
}