{
  "train": {
    "event_abs_mean": 0.015625,
    "event_active_fraction_gt_1e_6": 0.015625,
    "spike_mean": 0.13958121836185455,
    "spike_active_fraction_gt_0p5": 0.07699908316135406,
    "spike_count_per_sample_mean": 197.11766052246094,
    "first_spike_flat_index_mean": 685.4412231445312,
    "mem_abs_mean": 1.8339802026748657
  },
  "test": {
    "event_abs_mean": 0.015625,
    "event_active_fraction_gt_1e_6": 0.015625,
    "spike_mean": 0.13957905769348145,
    "spike_active_fraction_gt_0p5": 0.07731369882822037,
    "spike_count_per_sample_mean": 197.92308044433594,
    "first_spike_flat_index_mean": 687.423095703125,
    "mem_abs_mean": 1.8338778018951416
  }
}