{
  "train_observed_forward_residual": {
    "mean": 2.4459581655156414e-05,
    "median": 1.4429090232401312e-05,
    "max": 9.517391109172013e-05,
    "mse": 1.0725215367321671e-09
  },
  "test_observed_forward_residual": {
    "mean": 1.4495203979455767e-05,
    "median": 1.4426440243033494e-05,
    "max": 1.6060845183243567e-05,
    "mse": 2.106501833529568e-10
  },
  "train_clean_forward_residual": {
    "mean": 1.4081132532371396e-05,
    "median": 1.3816026501822668e-06,
    "max": 9.620421009416558e-05,
    "mse": 8.948581984170034e-10
  },
  "test_clean_forward_residual": {
    "mean": 2.158351253054434e-06,
    "median": 1.9620143160849026e-06,
    "max": 4.463296045954007e-06,
    "mse": 6.221411882057557e-12
  },
  "train_observation_noise_floor": {
    "mean": 1.4152128968948476e-05,
    "median": 1.4106759711430909e-05,
    "max": 1.5459872119662822e-05,
    "mse": 2.0063566377960442e-10
  },
  "test_observation_noise_floor": {
    "mean": 1.4601357929880484e-05,
    "median": 1.4542143921397978e-05,
    "max": 1.649943843001017e-05,
    "mse": 2.13967342386293e-10
  }
}
