{
    "train_mae": 0.012154335073369386,
    "train_rmse": 0.01789438682394909,
    "test_mae": 0.0331695519803377,
    "test_rmse": 0.06844256957953813,
    "per_parameter_mae_train": {
        "beta": 0.004680656458762204,
        "rho": 0.022517128550278594,
        "sigma": 0.009265220211067359
    },
    "per_parameter_mae_test": {
        "beta": 0.011002645825870908,
        "rho": 0.07273185011253937,
        "sigma": 0.015774160002602813
    },
    "per_parameter_rmse_train": {
        "beta": 0.00579445452286208,
        "rho": 0.027907724934576442,
        "sigma": 0.01217417041008841
    },
    "per_parameter_rmse_test": {
        "beta": 0.016104966800207093,
        "rho": 0.11524247130392899,
        "sigma": 0.0226485947483964
    },
    "train_data_loss": 0.001070793136022985,
    "train_physics_loss": 0.000522392860148102,
    "train_total_loss": 0.001593186054378748,
    "train_actual_physics_residual": 0.0010048438562080264,
    "test_data_loss": 0.014686329290270805,
    "test_physics_loss": 0.004146065097302198,
    "test_total_loss": 0.01883239485323429,
    "test_actual_physics_residual": 0.0010150832822546363,
    "training_time_seconds": 13.967594595999799,
    "evaluation_time_seconds": 0.1446924020001461,
    "parameter_names": [
        "beta",
        "rho",
        "sigma"
    ],
    "timestamp": "2026-05-11T21:04:07.014159"
}