{
  "train_polynomial_residual": {
    "mean": 0.00014049768068075344,
    "median": 0.00014112265678250315,
    "max": 0.00015685381647245636,
    "mse": 1.9787979767914933e-08
  },
  "test_polynomial_residual": {
    "mean": 0.00014181362532772167,
    "median": 0.00014397257083744702,
    "max": 0.0001544128118002122,
    "mse": 2.0194980724001498e-08
  },
  "train_forward_linear_error": {
    "mean": 0.0002789194728016739,
    "median": 0.00025133065937542196,
    "max": 0.0005354622693663436,
    "mse": 9.638431817282026e-08
  },
  "test_forward_linear_error": {
    "mean": 0.0001955559658204051,
    "median": 0.0001578229487831413,
    "max": 0.00033894396113319866,
    "mse": 4.232030761398398e-08
  },
  "train_forward_quadratic_error": {
    "mean": 0.000141160038100201,
    "median": 0.00014176045962429603,
    "max": 0.000157216697543419,
    "mse": 1.997465250413131e-08
  },
  "test_forward_quadratic_error": {
    "mean": 0.00014265755930734973,
    "median": 0.0001449474696965438,
    "max": 0.00015478426302350192,
    "mse": 2.0437909824477212e-08
  },
  "train_observed_forward_residual": {
    "mean": 0.000140479422027566,
    "median": 0.00014122287749395734,
    "max": 0.00015684228568697538,
    "mse": 1.9783078399784613e-08
  },
  "test_observed_forward_residual": {
    "mean": 0.00014179674110281534,
    "median": 0.00014397247120511897,
    "max": 0.00015436530711748975,
    "mse": 2.0189781359801815e-08
  },
  "train_clean_forward_residual": {
    "mean": 1.3196619878164002e-05,
    "median": 1.1809298396648492e-05,
    "max": 2.7291700895159802e-05,
    "mse": 2.2125905183163921e-10
  },
  "test_clean_forward_residual": {
    "mean": 1.399660298417505e-05,
    "median": 1.535582529755135e-05,
    "max": 1.7749528222595573e-05,
    "mse": 2.0940681037870092e-10
  },
  "train_observation_noise_floor": {
    "mean": 0.00014108564902474833,
    "median": 0.00014169152917321902,
    "max": 0.00015721282214449435,
    "mse": 1.9954105670164674e-08
  },
  "test_observation_noise_floor": {
    "mean": 0.0001426298606804612,
    "median": 0.00014494687025660838,
    "max": 0.00015470605833434176,
    "mse": 2.0428450106933457e-08
  }
}
