{
    "train_mae": 0.0008857438189084823,
    "train_rmse": 0.0022305751787068295,
    "test_mae": 0.0017109150898866224,
    "test_rmse": 0.004259136836432997,
    "per_parameter_mae_train": {
        "a": 0.0005762640319372682,
        "beta": 0.0,
        "d": 0.004359160631518401,
        "epsilon": 2.2351741811588166e-10,
        "gamma": 0.00037903802647780644,
        "k": 0.0
    },
    "per_parameter_mae_test": {
        "a": 0.001147088070298677,
        "beta": 0.0,
        "d": 0.008527686321203525,
        "epsilon": 2.2351741811588166e-10,
        "gamma": 0.0005907159243001128,
        "k": 0.0
    },
    "per_parameter_rmse_train": {
        "a": 0.0007377168264911945,
        "beta": 0.0,
        "d": 0.0053953524106463355,
        "epsilon": 2.2351741811588166e-10,
        "gamma": 0.00044580266488945244,
        "k": 0.0
    },
    "per_parameter_rmse_test": {
        "a": 0.0013553000583911593,
        "beta": 0.0,
        "d": 0.010314916809712832,
        "epsilon": 2.2351741811588164e-10,
        "gamma": 0.000779187082279591,
        "k": 0.0
    },
    "train_data_loss": 0.11140605807304382,
    "train_physics_loss": 0.0,
    "train_total_loss": 0.11140605807304382,
    "train_actual_physics_residual": 0.0,
    "test_data_loss": 0.3916378319263458,
    "test_physics_loss": 0.0,
    "test_total_loss": 0.3916378319263458,
    "test_actual_physics_residual": 0.0,
    "training_time_seconds": 221.50055649299998,
    "evaluation_time_seconds": 1.2101421639999899,
    "parameter_names": [
        "a",
        "beta",
        "d",
        "epsilon",
        "gamma",
        "k"
    ],
    "timestamp": "2026-06-08T23:00:09.415945"
}