{
  "observation_mode": "event_traces",
  "time_axis_size": 128,
  "records": [
    {
      "fraction": 0.25,
      "kept_steps": 32,
      "active_test_mae": 0.0030837300996629322,
      "test_mae": 0.0030837300996629322
    },
    {
      "fraction": 0.5,
      "kept_steps": 64,
      "active_test_mae": 0.002900409981851315,
      "test_mae": 0.002900409981851315
    },
    {
      "fraction": 0.75,
      "kept_steps": 96,
      "active_test_mae": 0.0028806577285267576,
      "test_mae": 0.0028806577285267576
    },
    {
      "fraction": 1.0,
      "kept_steps": 128,
      "active_test_mae": 0.0028206502474551944,
      "test_mae": 0.0028206502474551944
    }
  ]
}