{
    "train_mae": 0.002715125989476845,
    "train_rmse": 0.003913866302913432,
    "test_mae": 0.002653428105423756,
    "test_rmse": 0.0043618697001909165,
    "per_parameter_mae_train": {
        "s": 0.00508366251657482,
        "t0": 0.0004310607292596097,
        "x0": 0.0026306547225961063
    },
    "per_parameter_mae_test": {
        "s": 0.005886338092990487,
        "t0": 0.0005477160218331897,
        "x0": 0.0015262302014475901
    },
    "per_parameter_rmse_train": {
        "s": 0.006055556158133067,
        "t0": 0.0005201374623948997,
        "x0": 0.0030024564854721665
    },
    "per_parameter_rmse_test": {
        "s": 0.007307487172053852,
        "t0": 0.0005689729696781762,
        "x0": 0.0018315629485155035
    },
    "train_data_loss": 0.9850607514381409,
    "train_physics_loss": 0.003592895809561014,
    "train_total_loss": 0.9850607514381409,
    "train_actual_physics_residual": 2.364869966520189e-10,
    "test_data_loss": 0.9911898970603943,
    "test_physics_loss": 0.005232061259448528,
    "test_total_loss": 0.9911898970603943,
    "test_actual_physics_residual": 3.2109151448800333e-10,
    "training_time_seconds": 2.8355937939995783,
    "evaluation_time_seconds": 0.04876317299931543,
    "parameter_names": [
        "s",
        "t0",
        "x0"
    ],
    "timestamp": "2026-05-26T06:30:58.196574"
}