{
    "train_mae": 0.0011090929797333683,
    "train_rmse": 0.002407071396034844,
    "test_mae": 0.0015941976258536587,
    "test_rmse": 0.003591956079493596,
    "per_parameter_mae_train": {
        "a": 0.0007843015704761722,
        "d": 0.004440496546871752,
        "epsilon": 9.499490256914545e-11,
        "k": 0.0,
        "mu1": 0.0014297477451284163,
        "mu2": 1.1920928966180355e-08
    },
    "per_parameter_mae_test": {
        "a": 0.0011995416240772729,
        "d": 0.006297208585405768,
        "epsilon": 9.499490256914545e-11,
        "k": 0.0,
        "mu1": 0.0020684235297150425,
        "mu2": 1.1920928966180355e-08
    },
    "per_parameter_rmse_train": {
        "a": 0.0009629217125129533,
        "d": 0.005527515638349734,
        "epsilon": 9.499490256914543e-11,
        "k": 0.0,
        "mu1": 0.001811990308164733,
        "mu2": 1.1920928966180357e-08
    },
    "per_parameter_rmse_test": {
        "a": 0.001588104494940089,
        "d": 0.008232269271888477,
        "epsilon": 9.499490256914543e-11,
        "k": 0.0,
        "mu1": 0.002668437297407558,
        "mu2": 1.1920928966180355e-08
    },
    "train_data_loss": 0.05629340559244156,
    "train_physics_loss": 0.0011587330373004079,
    "train_total_loss": 0.05629340559244156,
    "train_actual_physics_residual": 0.0011632302775979042,
    "test_data_loss": 0.13115279376506805,
    "test_physics_loss": 0.0011619277065619826,
    "test_total_loss": 0.13115279376506805,
    "test_actual_physics_residual": 0.001166488858871162,
    "training_time_seconds": 52.722892621997744,
    "evaluation_time_seconds": 0.15069622100054403,
    "parameter_names": [
        "a",
        "d",
        "epsilon",
        "k",
        "mu1",
        "mu2"
    ],
    "timestamp": "2026-05-10T22:55:00.023504"
}