{
    "train_mae": 0.0026784380677773506,
    "train_rmse": 0.0036935004767209055,
    "test_mae": 0.0024568005984116994,
    "test_rmse": 0.0040898989482919396,
    "per_parameter_mae_train": {
        "s": 0.005066091067295036,
        "t0": 0.00042179437894078686,
        "x0": 0.0025474287570962286
    },
    "per_parameter_mae_test": {
        "s": 0.0051672503139902825,
        "t0": 0.0005440886534511445,
        "x0": 0.0016590628277936717
    },
    "per_parameter_rmse_train": {
        "s": 0.005672690182191389,
        "t0": 0.0005130172613342992,
        "x0": 0.0029125996465451873
    },
    "per_parameter_rmse_test": {
        "s": 0.006776966837528415,
        "t0": 0.0005778654212471979,
        "x0": 0.0019800536002051675
    },
    "train_data_loss": 0.9168347120285034,
    "train_physics_loss": 0.0031529294792562723,
    "train_total_loss": 0.9168347120285034,
    "train_actual_physics_residual": 2.364869966520189e-10,
    "test_data_loss": 0.9581092000007629,
    "test_physics_loss": 0.004499946720898151,
    "test_total_loss": 0.9581092000007629,
    "test_actual_physics_residual": 3.2109151448800333e-10,
    "training_time_seconds": 8.085318874000222,
    "evaluation_time_seconds": 0.0786392119989614,
    "parameter_names": [
        "s",
        "t0",
        "x0"
    ],
    "timestamp": "2026-05-24T21:33:38.527780"
}