{
  "observation_mode": "event_traces",
  "time_axis_size": 128,
  "records": [
    {
      "fraction": 0.25,
      "kept_steps": 32,
      "active_test_mae": 0.0027169009923173567,
      "test_mae": 0.0027169009923173567
    },
    {
      "fraction": 0.5,
      "kept_steps": 64,
      "active_test_mae": 0.0027187407126032124,
      "test_mae": 0.0027187407126032124
    },
    {
      "fraction": 0.75,
      "kept_steps": 96,
      "active_test_mae": 0.0027242323636247298,
      "test_mae": 0.0027242323636247298
    },
    {
      "fraction": 1.0,
      "kept_steps": 128,
      "active_test_mae": 0.0027242323636247298,
      "test_mae": 0.0027242323636247298
    }
  ]
}