{
  "train": {
    "event_abs_mean": 0.015625,
    "event_active_fraction_gt_1e_6": 0.015625,
    "spike_mean": 0.06601091474294662,
    "spike_active_fraction_gt_0p5": 0.005912990774959326,
    "spike_count_per_sample_mean": 15.137255668640137,
    "first_spike_flat_index_mean": 642.7352905273438,
    "mem_abs_mean": 1.6571851968765259
  },
  "test": {
    "event_abs_mean": 0.015625,
    "event_active_fraction_gt_1e_6": 0.015625,
    "spike_mean": 0.06601103395223618,
    "spike_active_fraction_gt_0p5": 0.005709134507924318,
    "spike_count_per_sample_mean": 14.615385055541992,
    "first_spike_flat_index_mean": 619.0,
    "mem_abs_mean": 1.6571766138076782
  }
}