{
  "train_polynomial_residual": {
    "mean": 0.0014268395908336928,
    "median": 0.0014419015906144905,
    "max": 0.001557536547090774,
    "mse": 2.041447543159995e-06
  },
  "test_polynomial_residual": {
    "mean": 0.001377171460422455,
    "median": 0.0013691757905671489,
    "max": 0.0014877460327741968,
    "mse": 1.9006050070814523e-06
  },
  "train_forward_linear_error": {
    "mean": 0.0014342232601857266,
    "median": 0.0014407519811381192,
    "max": 0.0016074827231400725,
    "mse": 2.0627654180575234e-06
  },
  "test_forward_linear_error": {
    "mean": 0.0013902930356326632,
    "median": 0.001388925056550933,
    "max": 0.0015050545864454042,
    "mse": 1.9374554997121964e-06
  },
  "train_forward_quadratic_error": {
    "mean": 0.0014134368679288368,
    "median": 0.001434034470682007,
    "max": 0.0015312427538920624,
    "mse": 2.0025185830743247e-06
  },
  "test_forward_quadratic_error": {
    "mean": 0.0013765567845050286,
    "median": 0.0013694521066465808,
    "max": 0.0014597028375643746,
    "mse": 1.8979698575759717e-06
  },
  "train_observed_forward_residual": {
    "mean": 0.0014267919465221334,
    "median": 0.0014419079002065507,
    "max": 0.0015566807863490297,
    "mse": 2.04130149899489e-06
  },
  "test_observed_forward_residual": {
    "mean": 0.0013771132311977431,
    "median": 0.001369273948891732,
    "max": 0.0014872755298551898,
    "mse": 1.9004318364426994e-06
  },
  "train_clean_forward_residual": {
    "mean": 0.00020584075102882823,
    "median": 0.00017257736099214984,
    "max": 0.0004839757367085484,
    "mse": 5.795940224771465e-08
  },
  "test_clean_forward_residual": {
    "mean": 0.00021411085851883016,
    "median": 0.0002280983515325882,
    "max": 0.0003803443705140706,
    "mse": 5.540639176365386e-08
  },
  "train_observation_noise_floor": {
    "mean": 0.0014134642406194787,
    "median": 0.0014339923449357712,
    "max": 0.001531237899332812,
    "mse": 2.0025988529166245e-06
  },
  "test_observation_noise_floor": {
    "mean": 0.0013765334995131107,
    "median": 0.0013693375603808817,
    "max": 0.001459799170993348,
    "mse": 1.8979072195759565e-06
  }
}
