{
  "train": {
    "event_abs_mean": 0.015625,
    "event_active_fraction_gt_1e_6": 0.015625,
    "spike_mean": 0.026044936850667,
    "spike_active_fraction_gt_0p5": 0.001263786805793643,
    "spike_count_per_sample_mean": 3.2352943420410156,
    "first_spike_flat_index_mean": 1517.98046875,
    "mem_abs_mean": 1.066529393196106
  },
  "test": {
    "event_abs_mean": 0.015625,
    "event_active_fraction_gt_1e_6": 0.015625,
    "spike_mean": 0.026030702516436577,
    "spike_active_fraction_gt_0p5": 0.0011868990259245038,
    "spike_count_per_sample_mean": 3.038461685180664,
    "first_spike_flat_index_mean": 1564.769287109375,
    "mem_abs_mean": 1.0666309595108032
  }
}