{
    "train_mae": 0.0007732529549277589,
    "train_rmse": 0.001160808144665767,
    "test_mae": 0.0007631755687348798,
    "test_rmse": 0.0012558403914434309,
    "per_parameter_mae_train": {
        "s": 0.0015995912111636066,
        "t0": 0.0005353623864672108,
        "x0": 0.0001848052671524595
    },
    "per_parameter_mae_test": {
        "s": 0.0016653543645524045,
        "t0": 0.00045131721992081947,
        "x0": 0.0001728551217314151
    },
    "per_parameter_rmse_train": {
        "s": 0.0019038490627948837,
        "t0": 0.000605540919919964,
        "x0": 0.00022606544752497808
    },
    "per_parameter_rmse_test": {
        "s": 0.0020932801640729023,
        "t0": 0.0005502657482309066,
        "x0": 0.00021631233752417923
    },
    "train_data_loss": 0.33782655000686646,
    "train_physics_loss": 0.0003551426052581519,
    "train_total_loss": 0.33782655000686646,
    "train_actual_physics_residual": 2.6961671784064833e-10,
    "test_data_loss": 0.2893388569355011,
    "test_physics_loss": 0.0004293323727324605,
    "test_total_loss": 0.2893388569355011,
    "test_actual_physics_residual": 3.0572303022502467e-10,
    "training_time_seconds": 28.7625104309991,
    "evaluation_time_seconds": 0.0822080489997461,
    "parameter_names": [
        "s",
        "t0",
        "x0"
    ],
    "timestamp": "2026-05-24T03:13:04.107581"
}