{
    "train_mae": 0.00046762502475270227,
    "train_rmse": 0.0016634951569094814,
    "test_mae": 0.00047303656880328586,
    "test_rmse": 0.001760649539396415,
    "per_parameter_mae_train": {
        "a": 0.0,
        "b": 0.0,
        "p": 0.0014028750742581069
    },
    "per_parameter_mae_test": {
        "a": 0.0,
        "b": 0.0,
        "p": 0.0014191097064098575
    },
    "per_parameter_rmse_train": {
        "a": 0.0,
        "b": 0.0,
        "p": 0.0028812581299119833
    },
    "per_parameter_rmse_test": {
        "a": 0.0,
        "b": 0.0,
        "p": 0.0030495344565573328
    },
    "train_data_loss": 5.019656327931443e-06,
    "train_physics_loss": 6.301660050667124e-06,
    "train_total_loss": 1.1321316378598567e-05,
    "train_actual_physics_residual": 0.00011419251677580178,
    "test_data_loss": 5.623140168609098e-06,
    "test_physics_loss": 6.4490409386053216e-06,
    "test_total_loss": 1.207218156196177e-05,
    "test_actual_physics_residual": 0.00010672334610717371,
    "training_time_seconds": 18.656815467998968,
    "evaluation_time_seconds": 0.26530130999162793,
    "parameter_names": [
        "a",
        "b",
        "p"
    ],
    "timestamp": "2026-05-11T19:17:23.293948"
}