{
    "train_mae": 0.0011451569820848007,
    "train_rmse": 0.0024864715981647483,
    "test_mae": 0.001036077714894732,
    "test_rmse": 0.0021694177788811678,
    "per_parameter_mae_train": {
        "a": 0.0008063335180921804,
        "d": 0.004749886346137144,
        "epsilon": 9.499490256914545e-11,
        "k": 0.0,
        "mu1": 0.001314710012355611,
        "mu2": 1.1920928966180355e-08
    },
    "per_parameter_mae_test": {
        "a": 0.0008075459155295811,
        "d": 0.004065791929754425,
        "epsilon": 9.499490256914545e-11,
        "k": 0.0,
        "mu1": 0.0013431164281605165,
        "mu2": 1.1920928966180355e-08
    },
    "per_parameter_rmse_train": {
        "a": 0.0009954555046294675,
        "d": 0.005785979494169576,
        "epsilon": 9.499490256914543e-11,
        "k": 0.0,
        "mu1": 0.0016207268992923197,
        "mu2": 1.1920928966180355e-08
    },
    "per_parameter_rmse_test": {
        "a": 0.0009513788939356315,
        "d": 0.004966799532548608,
        "epsilon": 9.499490256914545e-11,
        "k": 0.0,
        "mu1": 0.0016321830778012714,
        "mu2": 1.1920928966180354e-08
    },
    "train_data_loss": 0.3303214907646179,
    "train_physics_loss": 0.0,
    "train_total_loss": 0.3303214907646179,
    "train_actual_physics_residual": 0.0,
    "test_data_loss": 0.3035217523574829,
    "test_physics_loss": 0.0,
    "test_total_loss": 0.3035217523574829,
    "test_actual_physics_residual": 0.0,
    "training_time_seconds": 38.894469591992674,
    "evaluation_time_seconds": 0.1797197469859384,
    "parameter_names": [
        "a",
        "d",
        "epsilon",
        "k",
        "mu1",
        "mu2"
    ],
    "timestamp": "2026-06-15T18:32:29.305036"
}