{
  "train_observed_forward_residual": {
    "mean": 1.4075930788326117e-05,
    "median": 1.4271376558115675e-05,
    "max": 1.5272205528053336e-05,
    "mse": 1.9861315937479005e-10
  },
  "test_observed_forward_residual": {
    "mean": 1.3702737240740653e-05,
    "median": 1.362355073827322e-05,
    "max": 1.4565015686980366e-05,
    "mse": 1.8808217333567557e-10
  },
  "train_clean_forward_residual": {
    "mean": 1.1865118682413915e-06,
    "median": 1.2676598887328685e-06,
    "max": 2.1270235341201484e-06,
    "mse": 1.6818081064026142e-12
  },
  "test_clean_forward_residual": {
    "mean": 1.2556234170951612e-06,
    "median": 1.1665903836920525e-06,
    "max": 2.066963098488525e-06,
    "mse": 1.7095816906937072e-12
  },
  "train_observation_noise_floor": {
    "mean": 1.4134642406195077e-05,
    "median": 1.4339923449345069e-05,
    "max": 1.5312378993319748e-05,
    "mse": 2.0025988529165444e-10
  },
  "test_observation_noise_floor": {
    "mean": 1.376533499511875e-05,
    "median": 1.3693375603748957e-05,
    "max": 1.4597991709935976e-05,
    "mse": 1.8979072195724866e-10
  }
}
