{
  "train": {
    "event_abs_mean": 0.015625,
    "event_active_fraction_gt_1e_6": 0.015625,
    "spike_mean": 0.03479175269603729,
    "spike_active_fraction_gt_0p5": 0.001953125,
    "spike_count_per_sample_mean": 5.0,
    "first_spike_flat_index_mean": 946.8235473632812,
    "mem_abs_mean": 1.6519273519515991
  },
  "test": {
    "event_abs_mean": 0.015625,
    "event_active_fraction_gt_1e_6": 0.015625,
    "spike_mean": 0.03480963408946991,
    "spike_active_fraction_gt_0p5": 0.001862980774603784,
    "spike_count_per_sample_mean": 4.769230842590332,
    "first_spike_flat_index_mean": 977.4615478515625,
    "mem_abs_mean": 1.651954174041748
  }
}