{
    "train_mae": 0.002735459318763654,
    "train_rmse": 0.0039432664994637255,
    "test_mae": 0.0026510673357431876,
    "test_rmse": 0.004278903228868868,
    "per_parameter_mae_train": {
        "s": 0.0051615729398536295,
        "t0": 0.0004296176991604411,
        "x0": 0.0026151873172768924
    },
    "per_parameter_mae_test": {
        "s": 0.0057647446176486905,
        "t0": 0.0005445803917705415,
        "x0": 0.001643876997810331
    },
    "per_parameter_rmse_train": {
        "s": 0.00610499286948538,
        "t0": 0.0005231698859163108,
        "x0": 0.0030171853425637767
    },
    "per_parameter_rmse_test": {
        "s": 0.0071398689968011925,
        "t0": 0.0005685214251108768,
        "x0": 0.0019042301919096585
    },
    "train_data_loss": 0.99749755859375,
    "train_physics_loss": 0.0036517989356070757,
    "train_total_loss": 0.99749755859375,
    "train_actual_physics_residual": 2.364869966520189e-10,
    "test_data_loss": 0.9790326356887817,
    "test_physics_loss": 0.004994789604097605,
    "test_total_loss": 0.9790326356887817,
    "test_actual_physics_residual": 3.2109151448800333e-10,
    "training_time_seconds": 0.2575417209995976,
    "evaluation_time_seconds": 0.04320295800016538,
    "parameter_names": [
        "s",
        "t0",
        "x0"
    ],
    "timestamp": "2026-05-26T13:30:26.232890"
}