{
    "train_mae": 3.850081205060639e-05,
    "train_rmse": 9.321707450233083e-05,
    "test_mae": 0.00012364866594957602,
    "test_rmse": 0.0003554202721274221,
    "per_parameter_mae_train": {
        "a": 2.68734962141425e-05,
        "beta": 0.0,
        "d": 0.00018288256895404294,
        "epsilon": 2.2351741811588166e-10,
        "gamma": 2.1248583618034773e-05,
        "k": 0.0
    },
    "per_parameter_mae_test": {
        "a": 7.761406067534338e-05,
        "beta": 0.0,
        "d": 0.0006085765755553807,
        "epsilon": 2.2351741811588166e-10,
        "gamma": 5.5701135949313975e-05,
        "k": 0.0
    },
    "per_parameter_rmse_train": {
        "a": 3.370556503134299e-05,
        "beta": 0.0,
        "d": 0.0002244482714685351,
        "epsilon": 2.2351741811588166e-10,
        "gamma": 2.4968904527297612e-05,
        "k": 0.0
    },
    "per_parameter_rmse_test": {
        "a": 0.00010379795472127098,
        "beta": 0.0,
        "d": 0.0008598478093360029,
        "epsilon": 2.2351741811588164e-10,
        "gamma": 8.848247516029693e-05,
        "k": 0.0
    },
    "train_data_loss": 0.00022231659386307,
    "train_physics_loss": 0.0,
    "train_total_loss": 0.00022231659386307,
    "train_actual_physics_residual": 0.0,
    "test_data_loss": 0.002910916693508625,
    "test_physics_loss": 0.0,
    "test_total_loss": 0.002910916693508625,
    "test_actual_physics_residual": 0.0,
    "training_time_seconds": 274.73333688799994,
    "evaluation_time_seconds": 1.3916644649998489,
    "parameter_names": [
        "a",
        "beta",
        "d",
        "epsilon",
        "gamma",
        "k"
    ],
    "timestamp": "2026-06-09T00:34:01.181802"
}