{
    "train_mae": 0.0018333088920879702,
    "train_rmse": 0.003107834937463037,
    "test_mae": 0.0023036719628057706,
    "test_rmse": 0.003986846522052619,
    "per_parameter_mae_train": {
        "s": 0.0035845924955569632,
        "t0": 0.0003793346520662641,
        "x0": 0.001535999528640683
    },
    "per_parameter_mae_test": {
        "s": 0.004983659499030235,
        "t0": 0.0001461871581626209,
        "x0": 0.0017811692312244554
    },
    "per_parameter_rmse_train": {
        "s": 0.004962931209657076,
        "t0": 0.0004739492319124894,
        "x0": 0.0020299260896222207
    },
    "per_parameter_rmse_test": {
        "s": 0.006652457637309572,
        "t0": 0.0002318369573197568,
        "x0": 0.001837360764855792
    },
    "train_data_loss": 0.5699742436408997,
    "train_physics_loss": 0.002413328969851136,
    "train_total_loss": 0.5699742436408997,
    "train_actual_physics_residual": 2.0537377354301611e-10,
    "test_data_loss": 0.550510585308075,
    "test_physics_loss": 0.004336093552410603,
    "test_total_loss": 0.550510585308075,
    "test_actual_physics_residual": 2.212605099138898e-10,
    "training_time_seconds": 1.8504006550001577,
    "evaluation_time_seconds": 0.07457300300029601,
    "parameter_names": [
        "s",
        "t0",
        "x0"
    ],
    "timestamp": "2026-05-26T18:40:50.479046"
}