{
    "train_mae": 0.0029044731462491116,
    "train_rmse": 0.004203558548128854,
    "test_mae": 0.003024019356713994,
    "test_rmse": 0.004519476519035187,
    "per_parameter_mae_train": {
        "s": 0.0057711663339758855,
        "t0": 0.0005585773375159203,
        "x0": 0.0023836757672555282
    },
    "per_parameter_mae_test": {
        "s": 0.006602011875433394,
        "t0": 0.0004515834032861604,
        "x0": 0.0020184627914224284
    },
    "per_parameter_rmse_train": {
        "s": 0.0067003529053472006,
        "t0": 0.000623469553946202,
        "x0": 0.0027796168911828362
    },
    "per_parameter_rmse_test": {
        "s": 0.007435978822545503,
        "t0": 0.0005258104107453866,
        "x0": 0.0023888797334603875
    },
    "train_data_loss": 0.985621452331543,
    "train_physics_loss": 0.004398779012262821,
    "train_total_loss": 0.985621452331543,
    "train_actual_physics_residual": 2.6961671784064833e-10,
    "test_data_loss": 0.8812203407287598,
    "test_physics_loss": 0.00541767617687583,
    "test_total_loss": 0.8812203407287598,
    "test_actual_physics_residual": 3.0572303022502467e-10,
    "training_time_seconds": 6.0933698099997855,
    "evaluation_time_seconds": 0.09634284500134527,
    "parameter_names": [
        "s",
        "t0",
        "x0"
    ],
    "timestamp": "2026-05-24T20:19:52.597399"
}