{
  "train_polynomial_residual": {
    "mean": 0.0022971807270384735,
    "median": 0.002289375999359211,
    "max": 0.0036106921447701702,
    "mse": 5.729391879719391e-06
  },
  "test_polynomial_residual": {
    "mean": 0.0023159979995318104,
    "median": 0.0024060897719248727,
    "max": 0.003056703976569788,
    "mse": 5.808684939620542e-06
  },
  "train_forward_linear_error": {
    "mean": 0.005783348042124229,
    "median": 0.005012521271087158,
    "max": 0.013175194811435665,
    "mse": 4.850962048491156e-05
  },
  "test_forward_linear_error": {
    "mean": 0.0033106739437471612,
    "median": 0.0024815494466259636,
    "max": 0.007599371430192289,
    "mse": 1.477533796725137e-05
  },
  "train_forward_quadratic_error": {
    "mean": 0.0014382234945537848,
    "median": 0.0014464822866030586,
    "max": 0.0015745378361511678,
    "mse": 2.074706326149868e-06
  },
  "test_forward_quadratic_error": {
    "mean": 0.0013868967061120947,
    "median": 0.001393074786541921,
    "max": 0.0014740088740179548,
    "mse": 1.9271848406453955e-06
  },
  "train_observed_forward_residual": {
    "mean": 0.0022676266920914883,
    "median": 0.0022554985130620784,
    "max": 0.0034897289800856824,
    "mse": 5.554050591554818e-06
  },
  "test_observed_forward_residual": {
    "mean": 0.002267829968735077,
    "median": 0.002384092099402548,
    "max": 0.002928482177762523,
    "mse": 5.5315564203983795e-06
  },
  "train_clean_forward_residual": {
    "mean": 0.0016565081430026858,
    "median": 0.001761209491895301,
    "max": 0.003162393094110073,
    "mse": 3.5986810033099537e-06
  },
  "test_clean_forward_residual": {
    "mean": 0.0016313925086682494,
    "median": 0.001957599515922421,
    "max": 0.002475348728388229,
    "mse": 3.548866902961786e-06
  },
  "train_observation_noise_floor": {
    "mean": 0.001413464240619478,
    "median": 0.0014339923449357684,
    "max": 0.001531237899332812,
    "mse": 2.0025988529166232e-06
  },
  "test_observation_noise_floor": {
    "mean": 0.0013765334995131104,
    "median": 0.0013693375603808817,
    "max": 0.001459799170993348,
    "mse": 1.8979072195759558e-06
  }
}
