{
  "observation_mode": "event_traces",
  "time_axis_size": 128,
  "records": [
    {
      "fraction": 0.25,
      "kept_steps": 32,
      "active_test_mae": 0.003114622487425068,
      "test_mae": 0.003114622487425068
    },
    {
      "fraction": 0.5,
      "kept_steps": 64,
      "active_test_mae": 0.0030919106342387785,
      "test_mae": 0.0030919106342387785
    },
    {
      "fraction": 0.75,
      "kept_steps": 96,
      "active_test_mae": 0.0030897265497552232,
      "test_mae": 0.0030897265497552232
    },
    {
      "fraction": 1.0,
      "kept_steps": 128,
      "active_test_mae": 0.0030897265497552232,
      "test_mae": 0.0030897265497552232
    }
  ]
}