{
    "train_mae": 0.002608932924394749,
    "train_rmse": 0.003749238403637341,
    "test_mae": 0.003141464273729927,
    "test_rmse": 0.004450698423961147,
    "per_parameter_mae_train": {
        "s": 0.005118518010456472,
        "t0": 0.00047793897000653415,
        "x0": 0.002230341792721241
    },
    "per_parameter_mae_test": {
        "s": 0.006335870204488721,
        "t0": 0.0007342309601805935,
        "x0": 0.002354291656520466
    },
    "per_parameter_rmse_train": {
        "s": 0.005912508774480615,
        "t0": 0.0005586117572714037,
        "x0": 0.002626891455362233
    },
    "per_parameter_rmse_test": {
        "s": 0.007187413656322504,
        "t0": 0.0007717543807560999,
        "x0": 0.002677989822953635
    },
    "train_data_loss": 0.8961125016212463,
    "train_physics_loss": 0.003425159025937319,
    "train_total_loss": 0.8961125016212463,
    "train_actual_physics_residual": 2.6906588068698056e-10,
    "test_data_loss": 1.3170455694198608,
    "test_physics_loss": 0.0050615412183105946,
    "test_total_loss": 1.3170455694198608,
    "test_actual_physics_residual": 2.949215871517197e-10,
    "training_time_seconds": 4.181114606999472,
    "evaluation_time_seconds": 0.03209096100181341,
    "parameter_names": [
        "s",
        "t0",
        "x0"
    ],
    "timestamp": "2026-05-26T09:49:53.134603"
}