{
    "train_mae": 0.0004445228406453498,
    "train_rmse": 0.0007500849832871057,
    "test_mae": 0.0007900283144671191,
    "test_rmse": 0.0013703274437326998,
    "per_parameter_mae_train": {
        "s": 0.0,
        "t0": 0.00029708492892829554,
        "x0": 0.0010364835930077537
    },
    "per_parameter_mae_test": {
        "s": 0.0,
        "t0": 0.0004763240663101771,
        "x0": 0.0018937608770911803
    },
    "per_parameter_rmse_train": {
        "s": 0.0,
        "t0": 0.00037124707566922024,
        "x0": 0.0012450132751362553
    },
    "per_parameter_rmse_test": {
        "s": 0.0,
        "t0": 0.0006018133175224095,
        "x0": 0.002295912158597027
    },
    "train_data_loss": 0.27326929569244385,
    "train_physics_loss": 1.0023613883358706e-10,
    "train_total_loss": 0.27326929569244385,
    "train_actual_physics_residual": 1.0023444574347451e-10,
    "test_data_loss": 0.7946162819862366,
    "test_physics_loss": 9.956652863296611e-11,
    "test_total_loss": 0.7946162819862366,
    "test_actual_physics_residual": 9.955990198928788e-11,
    "training_time_seconds": 5.937606650999442,
    "evaluation_time_seconds": 0.08337949800079514,
    "parameter_names": [
        "s",
        "t0",
        "x0"
    ],
    "timestamp": "2026-05-24T20:14:04.744597"
}