{
  "observation_mode": "event_traces",
  "time_axis_size": 128,
  "records": [
    {
      "fraction": 0.25,
      "kept_steps": 32,
      "active_test_mae": 0.0030136199173247543,
      "test_mae": 0.003013619917324754
    },
    {
      "fraction": 0.5,
      "kept_steps": 64,
      "active_test_mae": 0.0030135047198862944,
      "test_mae": 0.003013504719886294
    },
    {
      "fraction": 0.75,
      "kept_steps": 96,
      "active_test_mae": 0.0030168057091717877,
      "test_mae": 0.0030168057091717873
    },
    {
      "fraction": 1.0,
      "kept_steps": 128,
      "active_test_mae": 0.003016571397964041,
      "test_mae": 0.0030165713979640406
    }
  ]
}