{
  "observation_mode": "event_traces",
  "time_axis_size": 128,
  "records": [
    {
      "fraction": 0.25,
      "kept_steps": 32,
      "active_test_mae": 0.0012198559527859683,
      "test_mae": 0.0008132373018573122
    },
    {
      "fraction": 0.5,
      "kept_steps": 64,
      "active_test_mae": 0.0012164755384009064,
      "test_mae": 0.0008109836922672709
    },
    {
      "fraction": 0.75,
      "kept_steps": 96,
      "active_test_mae": 0.0012164755384009064,
      "test_mae": 0.0008109836922672709
    },
    {
      "fraction": 1.0,
      "kept_steps": 128,
      "active_test_mae": 0.0012164755384009064,
      "test_mae": 0.0008109836922672709
    }
  ]
}