{
    "train_mae": 0.0009895585797828996,
    "train_rmse": 0.0016551319698972268,
    "test_mae": 0.0008109836922672709,
    "test_rmse": 0.0014018594800170013,
    "per_parameter_mae_train": {
        "s": 0.0,
        "t0": 0.0005749321360759627,
        "x0": 0.0023937436032727363
    },
    "per_parameter_mae_test": {
        "s": 0.0,
        "t0": 0.0004318424069543731,
        "x0": 0.00200110866984744
    },
    "per_parameter_rmse_train": {
        "s": 0.0,
        "t0": 0.0006360210003415299,
        "x0": 0.0027953287464003553
    },
    "per_parameter_rmse_test": {
        "s": 0.0,
        "t0": 0.0005124426017271351,
        "x0": 0.0023734010586236236
    },
    "train_data_loss": 1.0105551481246948,
    "train_physics_loss": 1.0023867152986199e-10,
    "train_total_loss": 1.0105551481246948,
    "train_actual_physics_residual": 1.0023444574347451e-10,
    "test_data_loss": 0.6918101906776428,
    "test_physics_loss": 9.956984542425218e-11,
    "test_total_loss": 0.6918101906776428,
    "test_actual_physics_residual": 9.955990198928788e-11,
    "training_time_seconds": 28.939029133001895,
    "evaluation_time_seconds": 0.24201548000201,
    "parameter_names": [
        "s",
        "t0",
        "x0"
    ],
    "timestamp": "2026-05-24T20:54:31.499730"
}