{
  "train": {
    "event_abs_mean": 0.015625,
    "event_active_fraction_gt_1e_6": 0.015625,
    "spike_mean": 0.06590244174003601,
    "spike_active_fraction_gt_0p5": 0.005058976821601391,
    "spike_count_per_sample_mean": 12.950981140136719,
    "first_spike_flat_index_mean": 645.4215698242188,
    "mem_abs_mean": 1.6521245241165161
  },
  "test": {
    "event_abs_mean": 0.015625,
    "event_active_fraction_gt_1e_6": 0.015625,
    "spike_mean": 0.06590428948402405,
    "spike_active_fraction_gt_0p5": 0.005048077087849379,
    "spike_count_per_sample_mean": 12.923077583312988,
    "first_spike_flat_index_mean": 616.6923217773438,
    "mem_abs_mean": 1.6521097421646118
  }
}