{
    "train_mae": 0.004075230036106484,
    "train_rmse": 0.011359964831473737,
    "test_mae": 0.003903268259909196,
    "test_rmse": 0.01103100217424711,
    "per_parameter_mae_train": {
        "a": 0.0005240754683375106,
        "beta": 0.0,
        "d": 0.023703687365073917,
        "epsilon": 4.749745128457272e-11,
        "gamma": 0.00022361733573002701,
        "k": 0.0
    },
    "per_parameter_mae_test": {
        "a": 0.00043581268867188145,
        "beta": 0.0,
        "d": 0.02278390440340933,
        "epsilon": 4.749745128457272e-11,
        "gamma": 0.00019989241987650814,
        "k": 0.0
    },
    "per_parameter_rmse_train": {
        "a": 0.0006757951768617747,
        "beta": 0.0,
        "d": 0.027816543860250405,
        "epsilon": 4.7497451284572716e-11,
        "gamma": 0.00027567078847210607,
        "k": 0.0
    },
    "per_parameter_rmse_test": {
        "a": 0.000549729981264808,
        "beta": 0.0,
        "d": 0.027013551695980166,
        "epsilon": 4.7497451284572716e-11,
        "gamma": 0.0002527360792856473,
        "k": 0.0
    },
    "train_data_loss": 0.30152779817581177,
    "train_physics_loss": 1.8856324004445923e-06,
    "train_total_loss": 0.30152779817581177,
    "train_actual_physics_residual": 1.8851492313842755e-06,
    "test_data_loss": 0.28350332379341125,
    "test_physics_loss": 1.599777419869497e-06,
    "test_total_loss": 0.28350332379341125,
    "test_actual_physics_residual": 1.5993412034731591e-06,
    "training_time_seconds": 109.65430723399913,
    "evaluation_time_seconds": 0.2296598150023783,
    "parameter_names": [
        "a",
        "beta",
        "d",
        "epsilon",
        "gamma",
        "k"
    ],
    "timestamp": "2026-05-11T01:37:43.705412"
}