{
    "train_mae": 0.0010122690740903282,
    "train_rmse": 0.0014627953866711396,
    "test_mae": 0.0022185165501468255,
    "test_rmse": 0.004002224645764173,
    "per_parameter_mae_train": {
        "s": 0.0019506192019156192,
        "t0": 0.00016307783037345508,
        "x0": 0.00092311018998191
    },
    "per_parameter_mae_test": {
        "s": 0.004573733076055242,
        "t0": 0.00025735036710834713,
        "x0": 0.001824466207276887
    },
    "per_parameter_rmse_train": {
        "s": 0.0022379202598061727,
        "t0": 0.0001983911184926117,
        "x0": 0.0011711809871456378
    },
    "per_parameter_rmse_test": {
        "s": 0.006492058782874783,
        "t0": 0.0003036640084726484,
        "x0": 0.002411299913976522
    },
    "train_data_loss": 0.1274142861366272,
    "train_physics_loss": 0.0004907152033410966,
    "train_total_loss": 0.1274142861366272,
    "train_actual_physics_residual": 2.0537377354301611e-10,
    "test_data_loss": 0.6501960158348083,
    "test_physics_loss": 0.0041295201517641544,
    "test_total_loss": 0.6501960158348083,
    "test_actual_physics_residual": 2.212605099138898e-10,
    "training_time_seconds": 1.5623390000000654,
    "evaluation_time_seconds": 0.027868432000104804,
    "parameter_names": [
        "s",
        "t0",
        "x0"
    ],
    "timestamp": "2026-05-26T09:53:12.951729"
}