{
    "train_mae": 0.0027586841972191186,
    "train_rmse": 0.003968931183131092,
    "test_mae": 0.0028447789207126373,
    "test_rmse": 0.004172858488335684,
    "per_parameter_mae_train": {
        "s": 0.005382081626915149,
        "t0": 0.0005551533000504821,
        "x0": 0.002338817664691726
    },
    "per_parameter_mae_test": {
        "s": 0.006121741734098091,
        "t0": 0.00042716683282639404,
        "x0": 0.001985428195213427
    },
    "per_parameter_rmse_train": {
        "s": 0.006283904098727534,
        "t0": 0.0006200025086781319,
        "x0": 0.0027176074728553472
    },
    "per_parameter_rmse_test": {
        "s": 0.006816496915591471,
        "t0": 0.0005065537935616333,
        "x0": 0.0023488331028376215
    },
    "train_data_loss": 0.9278503656387329,
    "train_physics_loss": 0.003868973348289728,
    "train_total_loss": 0.9278503656387329,
    "train_actual_physics_residual": 2.6961671784064833e-10,
    "test_data_loss": 0.7916867733001709,
    "test_physics_loss": 0.004552599973976612,
    "test_total_loss": 0.7916867733001709,
    "test_actual_physics_residual": 3.0572303022502467e-10,
    "training_time_seconds": 14.390353754002717,
    "evaluation_time_seconds": 0.09869264100052533,
    "parameter_names": [
        "s",
        "t0",
        "x0"
    ],
    "timestamp": "2026-05-26T02:02:39.853961"
}