{
  "observation_mode": "event_traces",
  "time_axis_size": 128,
  "records": [
    {
      "fraction": 0.25,
      "kept_steps": 32,
      "active_test_mae": 0.006585560993475386,
      "test_mae": 0.0021951874945305002
    },
    {
      "fraction": 0.5,
      "kept_steps": 64,
      "active_test_mae": 0.006569481494304056,
      "test_mae": 0.00218982766147339
    },
    {
      "fraction": 0.75,
      "kept_steps": 96,
      "active_test_mae": 0.00657923831615652,
      "test_mae": 0.0021930799354242113
    },
    {
      "fraction": 1.0,
      "kept_steps": 128,
      "active_test_mae": 0.00657923831615652,
      "test_mae": 0.0021930799354242113
    }
  ]
}