{
  "observation_mode": "event_traces",
  "time_axis_size": 128,
  "records": [
    {
      "fraction": 0.25,
      "kept_steps": 32,
      "active_test_mae": 0.006593112443471161,
      "test_mae": 0.0021977046445290915
    },
    {
      "fraction": 0.5,
      "kept_steps": 64,
      "active_test_mae": 0.006590673238008045,
      "test_mae": 0.0021968915760413863
    },
    {
      "fraction": 0.75,
      "kept_steps": 96,
      "active_test_mae": 0.006590673238008045,
      "test_mae": 0.0021968915760413863
    },
    {
      "fraction": 1.0,
      "kept_steps": 128,
      "active_test_mae": 0.006590673238008045,
      "test_mae": 0.0021968915760413863
    }
  ]
}