{
    "train_mae": 0.00027430874152825093,
    "train_rmse": 0.0004295659497710674,
    "test_mae": 0.0022986607007079995,
    "test_rmse": 0.0034014607838754284,
    "per_parameter_mae_train": {
        "s": 0.0004374640595931993,
        "t0": 6.110737070315574e-05,
        "x0": 0.00032435479428839786
    },
    "per_parameter_mae_test": {
        "s": 0.004223935116762001,
        "t0": 0.00021468541090252646,
        "x0": 0.0024573615744594712
    },
    "per_parameter_rmse_train": {
        "s": 0.0006083119821375267,
        "t0": 8.691215315338299e-05,
        "x0": 0.000419503904189596
    },
    "per_parameter_rmse_test": {
        "s": 0.005160639221533764,
        "t0": 0.00023091584297106577,
        "x0": 0.002832717262869642
    },
    "train_data_loss": 0.016403095796704292,
    "train_physics_loss": 3.625853423727676e-05,
    "train_total_loss": 0.016403095796704292,
    "train_actual_physics_residual": 2.0537377354301611e-10,
    "test_data_loss": 0.549980103969574,
    "test_physics_loss": 0.0026093972846865654,
    "test_total_loss": 0.549980103969574,
    "test_actual_physics_residual": 2.212605099138898e-10,
    "training_time_seconds": 1.0503204550004739,
    "evaluation_time_seconds": 0.0791681000009703,
    "parameter_names": [
        "s",
        "t0",
        "x0"
    ],
    "timestamp": "2026-05-26T10:50:15.504858"
}