{
  "observation_mode": "event_traces",
  "time_axis_size": 128,
  "records": [
    {
      "fraction": 0.25,
      "kept_steps": 32,
      "active_test_mae": 0.00301648563130378,
      "test_mae": 0.0030164856313037794
    },
    {
      "fraction": 0.5,
      "kept_steps": 64,
      "active_test_mae": 0.0030164414622926533,
      "test_mae": 0.003016441462292653
    },
    {
      "fraction": 0.75,
      "kept_steps": 96,
      "active_test_mae": 0.0030164414622926533,
      "test_mae": 0.003016441462292653
    },
    {
      "fraction": 1.0,
      "kept_steps": 128,
      "active_test_mae": 0.0030164414622926533,
      "test_mae": 0.003016441462292653
    }
  ]
}