{
    "train_mae": 0.0004787868432177604,
    "train_rmse": 0.0010608358197869384,
    "test_mae": 0.0005562562989336416,
    "test_rmse": 0.00120785529333174,
    "per_parameter_mae_train": {
        "a": 0.00033544584594383763,
        "d": 0.001927404793850282,
        "epsilon": 9.499490256914545e-11,
        "k": 0.0,
        "mu1": 0.0006098584035885745,
        "mu2": 1.1920928966180355e-08
    },
    "per_parameter_mae_test": {
        "a": 0.0004027116049469412,
        "d": 0.00224803259381568,
        "epsilon": 9.499490256914545e-11,
        "k": 0.0,
        "mu1": 0.0006867815789153603,
        "mu2": 1.1920928966180355e-08
    },
    "per_parameter_rmse_train": {
        "a": 0.0004338946429224028,
        "d": 0.002445679438276145,
        "epsilon": 9.499490256914543e-11,
        "k": 0.0,
        "mu1": 0.0007632976766324886,
        "mu2": 1.1920928966180355e-08
    },
    "per_parameter_rmse_test": {
        "a": 0.0005157414664356073,
        "d": 0.0027831715645841534,
        "epsilon": 9.499490256914545e-11,
        "k": 0.0,
        "mu1": 0.0008610767907242361,
        "mu2": 1.1920928966180354e-08
    },
    "train_data_loss": 0.26589828729629517,
    "train_physics_loss": 0.0,
    "train_total_loss": 0.26589828729629517,
    "train_actual_physics_residual": 0.0,
    "test_data_loss": 0.35202592611312866,
    "test_physics_loss": 0.0,
    "test_total_loss": 0.35202592611312866,
    "test_actual_physics_residual": 0.0,
    "training_time_seconds": 110.75922364399594,
    "evaluation_time_seconds": 0.42202628900122363,
    "parameter_names": [
        "a",
        "d",
        "epsilon",
        "k",
        "mu1",
        "mu2"
    ],
    "timestamp": "2026-06-18T01:51:41.533672"
}