{
  "observation_mode": "default",
  "n_sensors": 5,
  "train": {
    "sample_count": 76,
    "feature_count": 166750,
    "active_fraction": 0.6271372997711671,
    "active_entries_per_sample_mean": 104575.1447368421,
    "first_active_flat_index_mean": 2533.1184210526317,
    "active_fraction_gt_0p5": 0.1591121281464531,
    "active_entries_per_sample_mean_gt_0p5": 26531.947368421053,
    "first_active_flat_index_mean_gt_0p5": 2980.1710526315787
  },
  "test": {
    "sample_count": 20,
    "feature_count": 166750,
    "active_fraction": 0.6272533733133433,
    "active_entries_per_sample_mean": 104594.5,
    "first_active_flat_index_mean": 2532.15,
    "active_fraction_gt_0p5": 0.15912533733133435,
    "active_entries_per_sample_mean_gt_0p5": 26534.15,
    "first_active_flat_index_mean_gt_0p5": 2978.95
  }
}