{
    "train_mae": 0.0028328260376072234,
    "train_rmse": 0.003861566510041892,
    "test_mae": 0.0028529338220257294,
    "test_rmse": 0.00401076407117458,
    "per_parameter_mae_train": {
        "s": 0.005282176537127388,
        "t0": 0.0004909214901343666,
        "x0": 0.002725380085559915
    },
    "per_parameter_mae_test": {
        "s": 0.005587488874395086,
        "t0": 0.0002727310198166258,
        "x0": 0.002698581571865477
    },
    "per_parameter_rmse_train": {
        "s": 0.005950916205919509,
        "t0": 0.0005703353627353079,
        "x0": 0.0029994002098035336
    },
    "per_parameter_rmse_test": {
        "s": 0.006385637322359242,
        "t0": 0.0003022183170542288,
        "x0": 0.0027186366767194673
    },
    "train_data_loss": 0.9233944416046143,
    "train_physics_loss": 0.00346981268376112,
    "train_total_loss": 0.9233944416046143,
    "train_actual_physics_residual": 2.0537377354301611e-10,
    "test_data_loss": 0.6895419955253601,
    "test_physics_loss": 0.003995238337665796,
    "test_total_loss": 0.6895419955253601,
    "test_actual_physics_residual": 2.212605099138898e-10,
    "training_time_seconds": 0.3092972490012471,
    "evaluation_time_seconds": 0.017219166998984292,
    "parameter_names": [
        "s",
        "t0",
        "x0"
    ],
    "timestamp": "2026-05-26T08:17:23.423810"
}