{
    "train_mae": 0.0027670810752352913,
    "train_rmse": 0.004024851656505081,
    "test_mae": 0.002788121001632351,
    "test_rmse": 0.003989185777034506,
    "per_parameter_mae_train": {
        "s": 0.005465044254198294,
        "t0": 0.0005377422733776646,
        "x0": 0.0022984566981299154
    },
    "per_parameter_mae_test": {
        "s": 0.00539596380667386,
        "t0": 0.0007304947805720283,
        "x0": 0.0022379044176511656
    },
    "per_parameter_rmse_train": {
        "s": 0.0063836654108491,
        "t0": 0.0005995882235901819,
        "x0": 0.002736348379697994
    },
    "per_parameter_rmse_test": {
        "s": 0.006372388856146732,
        "t0": 0.0007583444574394574,
        "x0": 0.0025609340954056144
    },
    "train_data_loss": 1.0157524347305298,
    "train_physics_loss": 0.003992793615907431,
    "train_total_loss": 1.0157524347305298,
    "train_actual_physics_residual": 2.6906588068698056e-10,
    "test_data_loss": 1.1779342889785767,
    "test_physics_loss": 0.003978708293288946,
    "test_total_loss": 1.1779342889785767,
    "test_actual_physics_residual": 2.949215871517197e-10,
    "training_time_seconds": 1.1084424649998255,
    "evaluation_time_seconds": 0.15398184100013168,
    "parameter_names": [
        "s",
        "t0",
        "x0"
    ],
    "timestamp": "2026-05-26T15:55:26.880811"
}