{
    "train_mae": 0.0024092773523222443,
    "train_rmse": 0.003623794297025601,
    "test_mae": 0.002493519313614139,
    "test_rmse": 0.0036654897036592906,
    "per_parameter_mae_train": {
        "s": 0.00511585481424243,
        "t0": 0.0005127481290529414,
        "x0": 0.0015992291136713616
    },
    "per_parameter_mae_test": {
        "s": 0.005204311948857603,
        "t0": 0.0007550988901894082,
        "x0": 0.001521147101795406
    },
    "per_parameter_rmse_train": {
        "s": 0.00595186262768398,
        "t0": 0.0005937913480223562,
        "x0": 0.0019022088259858187
    },
    "per_parameter_rmse_test": {
        "s": 0.006015253635829412,
        "t0": 0.0007812568515111964,
        "x0": 0.0018745147989559002
    },
    "train_data_loss": 0.7921276092529297,
    "train_physics_loss": 0.003470903728157282,
    "train_total_loss": 0.7921276092529297,
    "train_actual_physics_residual": 2.6906588068698056e-10,
    "test_data_loss": 1.0387158393859863,
    "test_physics_loss": 0.0035452379379421473,
    "test_total_loss": 1.0387158393859863,
    "test_actual_physics_residual": 2.949215871517197e-10,
    "training_time_seconds": 1.0502688490014407,
    "evaluation_time_seconds": 0.05075647600097,
    "parameter_names": [
        "s",
        "t0",
        "x0"
    ],
    "timestamp": "2026-05-26T09:08:11.461774"
}