{
  "train_polynomial_residual": {
    "mean": 0.000337906187288953,
    "median": 0.00037282499861965453,
    "max": 0.0006149573142747167,
    "mse": 1.4898631797178615e-07
  },
  "test_polynomial_residual": {
    "mean": 0.0003403413654415537,
    "median": 0.000373565116766676,
    "max": 0.0005685976020401579,
    "mse": 1.6033840519754733e-07
  },
  "train_forward_linear_error": {
    "mean": 0.00022000523309215238,
    "median": 0.00020181919015358353,
    "max": 0.0005146438565101355,
    "mse": 7.596283907871504e-08
  },
  "test_forward_linear_error": {
    "mean": 0.00011350786849318679,
    "median": 8.330131072710267e-05,
    "max": 0.00030565776619319535,
    "mse": 2.0627762223094917e-08
  },
  "train_forward_quadratic_error": {
    "mean": 1.4349042204325263e-05,
    "median": 1.4270273624676696e-05,
    "max": 1.6204237568598744e-05,
    "mse": 2.0645042586781304e-10
  },
  "test_forward_quadratic_error": {
    "mean": 1.4334765376286367e-05,
    "median": 1.4495289182760851e-05,
    "max": 1.5590139881777597e-05,
    "mse": 2.0643345463995158e-10
  },
  "train_observed_forward_residual": {
    "mean": 0.0003375428142067264,
    "median": 0.0003734123880324093,
    "max": 0.0006138322698885327,
    "mse": 1.486610342150569e-07
  },
  "test_observed_forward_residual": {
    "mean": 0.00033990173022584326,
    "median": 0.00037320181970399975,
    "max": 0.0005675613183202258,
    "mse": 1.598889206362099e-07
  },
  "train_clean_forward_residual": {
    "mean": 0.0003367727605943215,
    "median": 0.0003738597583178894,
    "max": 0.0006138325414421327,
    "mse": 1.485279670984434e-07
  },
  "test_clean_forward_residual": {
    "mean": 0.00033794489210730753,
    "median": 0.0003740350063703152,
    "max": 0.0005653067995935012,
    "mse": 1.5908518480933085e-07
  },
  "train_observation_noise_floor": {
    "mean": 1.4108564902479847e-05,
    "median": 1.4169152917293253e-05,
    "max": 1.5721282214395744e-05,
    "mse": 1.995410567017737e-10
  },
  "test_observation_noise_floor": {
    "mean": 1.4262986068046467e-05,
    "median": 1.4494687025685124e-05,
    "max": 1.5470605833418225e-05,
    "mse": 2.042845010693216e-10
  }
}
