{
    "train_mae": 0.0027655167490309883,
    "train_rmse": 0.003966009810140746,
    "test_mae": 0.002620242864655505,
    "test_rmse": 0.004247093747401565,
    "per_parameter_mae_train": {
        "s": 0.005236836916904411,
        "t0": 0.00043113284923063154,
        "x0": 0.002628580480957923
    },
    "per_parameter_mae_test": {
        "s": 0.005711560244610535,
        "t0": 0.0005457288455511244,
        "x0": 0.0016034395038048552
    },
    "per_parameter_rmse_train": {
        "s": 0.006150472525777063,
        "t0": 0.0005227292314239121,
        "x0": 0.0030143230256019977
    },
    "per_parameter_rmse_test": {
        "s": 0.0070899577399063185,
        "t0": 0.0005683831942587036,
        "x0": 0.001876927193174834
    },
    "train_data_loss": 1.0012421607971191,
    "train_physics_loss": 0.0037064095959067345,
    "train_total_loss": 1.0012421607971191,
    "train_actual_physics_residual": 2.364869966520189e-10,
    "test_data_loss": 0.9687643647193909,
    "test_physics_loss": 0.004925201181322336,
    "test_total_loss": 0.9687643647193909,
    "test_actual_physics_residual": 3.2109151448800333e-10,
    "training_time_seconds": 10.963272240000151,
    "evaluation_time_seconds": 0.12867198700041627,
    "parameter_names": [
        "s",
        "t0",
        "x0"
    ],
    "timestamp": "2026-05-26T21:37:42.292508"
}