{
    "train_mae": 0.002271124442244794,
    "train_rmse": 0.003788470723269577,
    "test_mae": 0.0023564068431867766,
    "test_rmse": 0.003901335542056728,
    "per_parameter_mae_train": {
        "s": 0.0055564759462438905,
        "t0": 0.0005606456290463646,
        "x0": 0.0006962517514441266
    },
    "per_parameter_mae_test": {
        "s": 0.0058984753282860835,
        "t0": 0.00045524625494252805,
        "x0": 0.0007154989463317185
    },
    "per_parameter_rmse_train": {
        "s": 0.006480515902826131,
        "t0": 0.0006256548770122679,
        "x0": 0.0008179247344961008
    },
    "per_parameter_rmse_test": {
        "s": 0.006686159212588196,
        "t0": 0.0005385036346436303,
        "x0": 0.0008164225955611346
    },
    "train_data_loss": 0.6661905646324158,
    "train_physics_loss": 0.004114866256713867,
    "train_total_loss": 0.6661905646324158,
    "train_actual_physics_residual": 2.6961671784064833e-10,
    "test_data_loss": 0.6004052758216858,
    "test_physics_loss": 0.004380161873996258,
    "test_total_loss": 0.6004052758216858,
    "test_actual_physics_residual": 3.0572303022502467e-10,
    "training_time_seconds": 12.809395162999863,
    "evaluation_time_seconds": 0.03189421200295328,
    "parameter_names": [
        "s",
        "t0",
        "x0"
    ],
    "timestamp": "2026-05-24T03:27:56.001697"
}