{
    "train_mae": 0.002719638154118241,
    "train_rmse": 0.003926074794022796,
    "test_mae": 0.00292329248469407,
    "test_rmse": 0.0043340741177551175,
    "per_parameter_mae_train": {
        "s": 0.005301830800324839,
        "t0": 0.000538358196066196,
        "x0": 0.002318725465963689
    },
    "per_parameter_mae_test": {
        "s": 0.006268016117349575,
        "t0": 0.00044612615619172,
        "x0": 0.0020557351805409164
    },
    "per_parameter_rmse_train": {
        "s": 0.006211413736764702,
        "t0": 0.0006040474701832219,
        "x0": 0.002701047187532909
    },
    "per_parameter_rmse_test": {
        "s": 0.0070643649265985245,
        "t0": 0.0005431928641184477,
        "x0": 0.002480380025479934
    },
    "train_data_loss": 0.900928795337677,
    "train_physics_loss": 0.0037802248261868954,
    "train_total_loss": 0.900928795337677,
    "train_actual_physics_residual": 2.6961671784064833e-10,
    "test_data_loss": 0.8763701915740967,
    "test_physics_loss": 0.004889710806310177,
    "test_total_loss": 0.8763701915740967,
    "test_actual_physics_residual": 3.0572303022502467e-10,
    "training_time_seconds": 3.3829859949996717,
    "evaluation_time_seconds": 0.04048094800009494,
    "parameter_names": [
        "s",
        "t0",
        "x0"
    ],
    "timestamp": "2026-05-24T14:10:42.222141"
}