{
  "train_observed_forward_residual": {
    "mean": 0.0014559066596922376,
    "median": 0.001462778310009583,
    "max": 0.0016002556830077728,
    "mse": 2.125201115728472e-06
  },
  "test_observed_forward_residual": {
    "mean": 0.0014723662481139683,
    "median": 0.0014623377773804488,
    "max": 0.0016440502049070327,
    "mse": 2.179865214590392e-06
  },
  "train_clean_forward_residual": {
    "mean": 0.0003660171027807343,
    "median": 0.00036482616413934774,
    "max": 0.0006997463941099984,
    "mse": 1.726366426361162e-07
  },
  "test_clean_forward_residual": {
    "mean": 0.00033411894555530837,
    "median": 0.0003760151038868966,
    "max": 0.00048247608535065614,
    "mse": 1.2569591034448984e-07
  },
  "train_observation_noise_floor": {
    "mean": 0.001410856490247535,
    "median": 0.0014169152917322017,
    "max": 0.0015721282214450946,
    "mse": 1.995410567016613e-06
  },
  "test_observation_noise_floor": {
    "mean": 0.0014262986068045997,
    "median": 0.0014494687025661745,
    "max": 0.0015470605833430198,
    "mse": 2.0428450106932822e-06
  }
}
