{
    "train_mae": 0.13831077217256474,
    "train_rmse": 0.2036175236953143,
    "test_mae": 0.13646150094761256,
    "test_rmse": 0.19714498254659116,
    "per_parameter_mae_train": {
        "D": 0.03750055333735379,
        "r": 0.23912099100777562
    },
    "per_parameter_mae_test": {
        "D": 0.03784676149858913,
        "r": 0.23507624039663594
    },
    "per_parameter_rmse_train": {
        "D": 0.04336787128088386,
        "r": 0.2846742342611787
    },
    "per_parameter_rmse_test": {
        "D": 0.04476250254211798,
        "r": 0.27518831125750665
    },
    "train_data_loss": 1.00006103515625,
    "train_physics_loss": 0.009955285117030144,
    "train_total_loss": 1.0100163221359253,
    "train_actual_physics_residual": 0.0008794694440439343,
    "test_data_loss": 0.9999703168869019,
    "test_physics_loss": 0.00987967662513256,
    "test_total_loss": 1.009850025177002,
    "test_actual_physics_residual": 0.0006830068305134773,
    "training_time_seconds": 17.68406664300005,
    "evaluation_time_seconds": 0.1996937149999667,
    "parameter_names": [
        "D",
        "r"
    ],
    "timestamp": "2026-05-11T20:21:14.934815"
}