{
    "train_mae": 0.0029063762404567812,
    "train_rmse": 0.004205137317419734,
    "test_mae": 0.0030081223545837324,
    "test_rmse": 0.004514857482305547,
    "per_parameter_mae_train": {
        "s": 0.005778316284025656,
        "t0": 0.0005619239048152078,
        "x0": 0.0023788885325294797
    },
    "per_parameter_mae_test": {
        "s": 0.006551462551691188,
        "t0": 0.0004365889832841838,
        "x0": 0.0020363155287758264
    },
    "per_parameter_rmse_train": {
        "s": 0.006705502089224455,
        "t0": 0.0006218953700599808,
        "x0": 0.0027747121391547116
    },
    "per_parameter_rmse_test": {
        "s": 0.007418905105101343,
        "t0": 0.0005130990787060907,
        "x0": 0.0024183446060318473
    },
    "train_data_loss": 0.9833138585090637,
    "train_physics_loss": 0.004405542276799679,
    "train_total_loss": 0.9833138585090637,
    "train_actual_physics_residual": 2.6961671784064833e-10,
    "test_data_loss": 0.874260663986206,
    "test_physics_loss": 0.005392825696617365,
    "test_total_loss": 0.874260663986206,
    "test_actual_physics_residual": 3.0572303022502467e-10,
    "training_time_seconds": 17.567050263000056,
    "evaluation_time_seconds": 0.1681993600000169,
    "parameter_names": [
        "s",
        "t0",
        "x0"
    ],
    "timestamp": "2026-05-26T03:57:49.177060"
}