{
    "train_mae": 0.0012072893291711156,
    "train_rmse": 0.0019239687939538962,
    "test_mae": 0.0017737628992935,
    "test_rmse": 0.003296941340814596,
    "per_parameter_mae_train": {
        "s": 0.0024685409736831827,
        "t0": 0.0005058913087618182,
        "x0": 0.0006474357050683459
    },
    "per_parameter_mae_test": {
        "s": 0.00395100833471604,
        "t0": 0.0004406875022847437,
        "x0": 0.0009295928608797163
    },
    "per_parameter_rmse_train": {
        "s": 0.0031661173692760303,
        "t0": 0.0005880325449703185,
        "x0": 0.0008572550905941531
    },
    "per_parameter_rmse_test": {
        "s": 0.005552238053871406,
        "t0": 0.000539150936052497,
        "x0": 0.0012212434137439678
    },
    "train_data_loss": 0.39622020721435547,
    "train_physics_loss": 0.0009821823332458735,
    "train_total_loss": 0.39622020721435547,
    "train_actual_physics_residual": 2.6961671784064833e-10,
    "test_data_loss": 0.5344277620315552,
    "test_physics_loss": 0.003020460018888116,
    "test_total_loss": 0.5344277620315552,
    "test_actual_physics_residual": 3.0572303022502467e-10,
    "training_time_seconds": 8.387216390000503,
    "evaluation_time_seconds": 0.11229692899996735,
    "parameter_names": [
        "s",
        "t0",
        "x0"
    ],
    "timestamp": "2026-05-26T04:42:06.530145"
}