{
  "train_observed_forward_residual": {
    "mean": 0.0014079071494473181,
    "median": 0.0014271376776803508,
    "max": 0.0015272317653431532,
    "mse": 1.986996308936655e-06
  },
  "test_observed_forward_residual": {
    "mean": 0.0013702755915675977,
    "median": 0.0013623592358854041,
    "max": 0.0014565016529699464,
    "mse": 1.880826947135675e-06
  },
  "train_clean_forward_residual": {
    "mean": 0.00012161366696450111,
    "median": 0.0001310855842576306,
    "max": 0.00021269463061031677,
    "mse": 1.7310114701111783e-08
  },
  "test_clean_forward_residual": {
    "mean": 0.00012457680674838353,
    "median": 0.00011665209585904606,
    "max": 0.00020686617532545302,
    "mse": 1.6847207320852476e-08
  },
  "train_observation_noise_floor": {
    "mean": 0.0014134642406194787,
    "median": 0.0014339923449357712,
    "max": 0.001531237899332812,
    "mse": 2.0025988529166245e-06
  },
  "test_observation_noise_floor": {
    "mean": 0.0013765334995131107,
    "median": 0.0013693375603808817,
    "max": 0.001459799170993348,
    "mse": 1.8979072195759565e-06
  }
}
