{
    "train_mae": 0.002282791691385469,
    "train_rmse": 0.0032611301102448953,
    "test_mae": 0.0028625361147480385,
    "test_rmse": 0.004328073986385299,
    "per_parameter_mae_train": {
        "s": 0.003941976033460193,
        "t0": 0.0003161302672077815,
        "x0": 0.0025902687734884328
    },
    "per_parameter_mae_test": {
        "s": 0.005568802818258001,
        "t0": 0.0001132021216545126,
        "x0": 0.0029056034043316026
    },
    "per_parameter_rmse_train": {
        "s": 0.004859434929322253,
        "t0": 0.0003632649905508347,
        "x0": 0.002856368236443017
    },
    "per_parameter_rmse_test": {
        "s": 0.006885468914954941,
        "t0": 0.00012678567414395076,
        "x0": 0.0029615733164817136
    },
    "train_data_loss": 0.6045697331428528,
    "train_physics_loss": 0.00231371633708477,
    "train_total_loss": 0.6045697331428528,
    "train_actual_physics_residual": 2.0537377354301611e-10,
    "test_data_loss": 0.7199233770370483,
    "test_physics_loss": 0.004645165055990219,
    "test_total_loss": 0.7199233770370483,
    "test_actual_physics_residual": 2.212605099138898e-10,
    "training_time_seconds": 3.8740276520002226,
    "evaluation_time_seconds": 0.09370916399893758,
    "parameter_names": [
        "s",
        "t0",
        "x0"
    ],
    "timestamp": "2026-05-26T06:36:21.602122"
}