{
    "train_mae": 0.002765973047908691,
    "train_rmse": 0.00396003545745158,
    "test_mae": 0.0026268788484404984,
    "test_rmse": 0.004200356055217985,
    "per_parameter_mae_train": {
        "s": 0.005269366747837028,
        "t0": 0.00043143757963833463,
        "x0": 0.0025971148162507117
    },
    "per_parameter_mae_test": {
        "s": 0.005599248063955191,
        "t0": 0.0005315514550438351,
        "x0": 0.001749837026322468
    },
    "per_parameter_rmse_train": {
        "s": 0.006141373849471893,
        "t0": 0.0005301314238778395,
        "x0": 0.0030080110350963274
    },
    "per_parameter_rmse_test": {
        "s": 0.006969298010103059,
        "t0": 0.0005704902438988298,
        "x0": 0.0020080834394538933
    },
    "train_data_loss": 1.008373498916626,
    "train_physics_loss": 0.003695450956001878,
    "train_total_loss": 1.008373498916626,
    "train_actual_physics_residual": 2.364869966520189e-10,
    "test_data_loss": 0.9753010272979736,
    "test_physics_loss": 0.004758989904075861,
    "test_total_loss": 0.9753010272979736,
    "test_actual_physics_residual": 3.2109151448800333e-10,
    "training_time_seconds": 0.5458374099998764,
    "evaluation_time_seconds": 0.11726356500003021,
    "parameter_names": [
        "s",
        "t0",
        "x0"
    ],
    "timestamp": "2026-05-26T05:51:28.778519"
}