{
    "train_mae": 0.00287521621684893,
    "train_rmse": 0.0040243307696266745,
    "test_mae": 0.0023813539953937307,
    "test_rmse": 0.003876299656915267,
    "per_parameter_mae_train": {
        "s": 0.005524794108371696,
        "t0": 0.00042818450547681684,
        "x0": 0.0026726700366982792
    },
    "per_parameter_mae_test": {
        "s": 0.005082646092737627,
        "t0": 0.0005440460787048763,
        "x0": 0.0015173698147386877
    },
    "per_parameter_rmse_train": {
        "s": 0.006249639256443322,
        "t0": 0.0005222278758081848,
        "x0": 0.0030422034186003226
    },
    "per_parameter_rmse_test": {
        "s": 0.006438017895145852,
        "t0": 0.0005695555647980293,
        "x0": 0.0018178638923180158
    },
    "train_data_loss": 1.0176833868026733,
    "train_physics_loss": 0.003826890606433153,
    "train_total_loss": 1.0176833868026733,
    "train_actual_physics_residual": 2.364869966520189e-10,
    "test_data_loss": 0.8842296004295349,
    "test_physics_loss": 0.004061076324433088,
    "test_total_loss": 0.8842296004295349,
    "test_actual_physics_residual": 3.2109151448800333e-10,
    "training_time_seconds": 3.02787702500018,
    "evaluation_time_seconds": 0.11201958100036791,
    "parameter_names": [
        "s",
        "t0",
        "x0"
    ],
    "timestamp": "2026-05-26T18:41:17.108599"
}