{
    "train_mae": 0.002400666241773822,
    "train_rmse": 0.0035092968904711763,
    "test_mae": 0.0025173227794971983,
    "test_rmse": 0.003959246696270983,
    "per_parameter_mae_train": {
        "s": 0.00465482369482149,
        "t0": 0.0004300751002911431,
        "x0": 0.002117099930208833
    },
    "per_parameter_mae_test": {
        "s": 0.005577564701039983,
        "t0": 0.00042387163516067333,
        "x0": 0.0015505320022909386
    },
    "per_parameter_rmse_train": {
        "s": 0.005566448832470227,
        "t0": 0.0005480897719067915,
        "x0": 0.0023790205955043753
    },
    "per_parameter_rmse_test": {
        "s": 0.006627655291618077,
        "t0": 0.000471272331080763,
        "x0": 0.0016967589490681017
    },
    "train_data_loss": 0.7501145601272583,
    "train_physics_loss": 0.003035956993699074,
    "train_total_loss": 0.7501145601272583,
    "train_actual_physics_residual": 2.0537377354301611e-10,
    "test_data_loss": 0.6949614882469177,
    "test_physics_loss": 0.0043038260191679,
    "test_total_loss": 0.6949614882469177,
    "test_actual_physics_residual": 2.212605099138898e-10,
    "training_time_seconds": 1.499172116000409,
    "evaluation_time_seconds": 0.08464028699972914,
    "parameter_names": [
        "s",
        "t0",
        "x0"
    ],
    "timestamp": "2026-05-26T18:37:53.066015"
}