{
    "train_mae": 0.0026717521429332623,
    "train_rmse": 0.003942872521543041,
    "test_mae": 0.002969558538143058,
    "test_rmse": 0.00424947510547578,
    "per_parameter_mae_train": {
        "s": 0.005171932826759466,
        "t0": 0.0005367984486846028,
        "x0": 0.0023065251533557194
    },
    "per_parameter_mae_test": {
        "s": 0.006424964316988528,
        "t0": 0.0004900136580152183,
        "x0": 0.001993697639425429
    },
    "per_parameter_rmse_train": {
        "s": 0.006260547828443328,
        "t0": 0.0006069725537489122,
        "x0": 0.002660048189448187
    },
    "per_parameter_rmse_test": {
        "s": 0.006913545240592491,
        "t0": 0.000564689946946889,
        "x0": 0.0024613275861358258
    },
    "train_data_loss": 0.8990460634231567,
    "train_physics_loss": 0.003840268589556217,
    "train_total_loss": 0.8990460634231567,
    "train_actual_physics_residual": 2.6961671784064833e-10,
    "test_data_loss": 0.8769897222518921,
    "test_physics_loss": 0.004683149512857199,
    "test_total_loss": 0.8769897222518921,
    "test_actual_physics_residual": 3.0572303022502467e-10,
    "training_time_seconds": 35.56577608899988,
    "evaluation_time_seconds": 0.2970562399996197,
    "parameter_names": [
        "s",
        "t0",
        "x0"
    ],
    "timestamp": "2026-05-24T15:12:05.775337"
}