{
  "train_polynomial_residual": {
    "mean": 0.00014044032011608601,
    "median": 0.00014097811914376434,
    "max": 0.00015682013804759693,
    "mse": 1.977199907551515e-08
  },
  "test_polynomial_residual": {
    "mean": 0.0001417536381726721,
    "median": 0.00014397248693894134,
    "max": 0.0001543021502467001,
    "mse": 2.0177762835992175e-08
  },
  "train_forward_linear_error": {
    "mean": 0.0002789194728016739,
    "median": 0.00025133065937542196,
    "max": 0.0005354622693663436,
    "mse": 9.638431817282026e-08
  },
  "test_forward_linear_error": {
    "mean": 0.0001955559658204051,
    "median": 0.0001578229487831413,
    "max": 0.00033894396113319866,
    "mse": 4.232030761398398e-08
  },
  "train_forward_quadratic_error": {
    "mean": 0.000141160038100201,
    "median": 0.00014176045962429603,
    "max": 0.000157216697543419,
    "mse": 1.997465250413131e-08
  },
  "test_forward_quadratic_error": {
    "mean": 0.00014265755930734973,
    "median": 0.0001449474696965438,
    "max": 0.00015478426302350192,
    "mse": 2.0437909824477212e-08
  },
  "train_observed_forward_residual": {
    "mean": 0.00014043556014455835,
    "median": 0.00014113579345690188,
    "max": 0.0001568120025885709,
    "mse": 1.9770869852425573e-08
  },
  "test_observed_forward_residual": {
    "mean": 0.0001417544918835073,
    "median": 0.00014397239193654843,
    "max": 0.00015429402632221285,
    "mse": 2.0177751945047564e-08
  },
  "train_clean_forward_residual": {
    "mean": 1.2759550847884741e-05,
    "median": 1.1977548949115333e-05,
    "max": 2.758230035662799e-05,
    "mse": 2.0268330464431744e-10
  },
  "test_clean_forward_residual": {
    "mean": 1.5648914418240153e-05,
    "median": 1.678370447718172e-05,
    "max": 2.316474246263024e-05,
    "mse": 2.602026681084831e-10
  },
  "train_observation_noise_floor": {
    "mean": 0.00014108564902474833,
    "median": 0.00014169152917321902,
    "max": 0.00015721282214449435,
    "mse": 1.9954105670164674e-08
  },
  "test_observation_noise_floor": {
    "mean": 0.0001426298606804612,
    "median": 0.00014494687025660838,
    "max": 0.00015470605833434176,
    "mse": 2.0428450106933457e-08
  }
}
