{
    "train_mae": 0.00025018321210906866,
    "train_rmse": 0.0005897548299711166,
    "test_mae": 0.0008990629938163241,
    "test_rmse": 0.002196709904005582,
    "per_parameter_mae_train": {
        "a": 0.0001684157460804054,
        "d": 0.00106919291129411,
        "epsilon": 9.499490256914545e-11,
        "k": 0.0,
        "mu1": 0.000263478599356028,
        "mu2": 1.1920928966180355e-08
    },
    "per_parameter_mae_test": {
        "a": 0.0006829127939029123,
        "d": 0.0036809170224773925,
        "epsilon": 9.499490256914545e-11,
        "k": 0.0,
        "mu1": 0.0010305361305937718,
        "mu2": 1.1920928966180355e-08
    },
    "per_parameter_rmse_train": {
        "a": 0.000226278917298986,
        "d": 0.0013834532031133718,
        "epsilon": 9.499490256914543e-11,
        "k": 0.0,
        "mu1": 0.000348883423344814,
        "mu2": 1.1920928966180355e-08
    },
    "per_parameter_rmse_test": {
        "a": 0.0009075660127396016,
        "d": 0.005104386724572674,
        "epsilon": 9.499490256914545e-11,
        "k": 0.0,
        "mu1": 0.0014404049821218148,
        "mu2": 1.1920928966180354e-08
    },
    "train_data_loss": 0.016700195148587227,
    "train_physics_loss": 0.0,
    "train_total_loss": 0.016700195148587227,
    "train_actual_physics_residual": 0.0,
    "test_data_loss": 0.26493775844573975,
    "test_physics_loss": 0.0,
    "test_total_loss": 0.26493775844573975,
    "test_actual_physics_residual": 0.0,
    "training_time_seconds": 110.26225179399626,
    "evaluation_time_seconds": 0.4074803690018598,
    "parameter_names": [
        "a",
        "d",
        "epsilon",
        "k",
        "mu1",
        "mu2"
    ],
    "timestamp": "2026-06-18T07:45:12.588866"
}