{
    "train_mae": 0.00019917674268082387,
    "train_rmse": 0.0004475325660675713,
    "test_mae": 0.0001918391560458431,
    "test_rmse": 0.00046669654026338796,
    "per_parameter_mae_train": {
        "a": 0.0001410766669120123,
        "d": 0.0008199009831155238,
        "epsilon": 9.499490256914545e-11,
        "k": 0.0,
        "mu1": 0.00023407079013353823,
        "mu2": 1.1920928966180355e-08
    },
    "per_parameter_mae_test": {
        "a": 0.00014204452192796702,
        "d": 0.0007848417379009542,
        "epsilon": 9.499490256914545e-11,
        "k": 0.0,
        "mu1": 0.0002241366605222686,
        "mu2": 1.1920928966180355e-08
    },
    "per_parameter_rmse_train": {
        "a": 0.0001776920446339708,
        "d": 0.0010424882650189528,
        "epsilon": 9.499490256914543e-11,
        "k": 0.0,
        "mu1": 0.00028871463519469494,
        "mu2": 1.1920928966180355e-08
    },
    "per_parameter_rmse_test": {
        "a": 0.0001999356901974619,
        "d": 0.0010810751932390597,
        "epsilon": 9.499490256914545e-11,
        "k": 0.0,
        "mu1": 0.0003132668357314147,
        "mu2": 1.1920928966180354e-08
    },
    "train_data_loss": 0.010549215599894524,
    "train_physics_loss": 0.0,
    "train_total_loss": 0.010549215599894524,
    "train_actual_physics_residual": 0.0,
    "test_data_loss": 0.012516702525317669,
    "test_physics_loss": 0.0,
    "test_total_loss": 0.012516702525317669,
    "test_actual_physics_residual": 0.0,
    "training_time_seconds": 61.921817833033856,
    "evaluation_time_seconds": 0.265813851961866,
    "parameter_names": [
        "a",
        "d",
        "epsilon",
        "k",
        "mu1",
        "mu2"
    ],
    "timestamp": "2026-06-15T19:40:16.561744"
}