{
    "train_mae": 0.002896454206062454,
    "train_rmse": 0.004202988842845834,
    "test_mae": 0.003066603589067903,
    "test_rmse": 0.004570093035386381,
    "per_parameter_mae_train": {
        "s": 0.00575043357698484,
        "t0": 0.0005480593095572035,
        "x0": 0.0023908697316453197
    },
    "per_parameter_mae_test": {
        "s": 0.006712459282202193,
        "t0": 0.000457523521947454,
        "x0": 0.002029827963054063
    },
    "per_parameter_rmse_train": {
        "s": 0.006700548549362241,
        "t0": 0.000611920890611051,
        "x0": 0.0027791271292499434
    },
    "per_parameter_rmse_test": {
        "s": 0.007515649801840875,
        "t0": 0.0005239505381830195,
        "x0": 0.0024285252615297744
    },
    "train_data_loss": 0.9734975099563599,
    "train_physics_loss": 0.00439903698861599,
    "train_total_loss": 0.9734975099563599,
    "train_actual_physics_residual": 2.6961671784064833e-10,
    "test_data_loss": 0.8964341282844543,
    "test_physics_loss": 0.005534390453249216,
    "test_total_loss": 0.8964341282844543,
    "test_actual_physics_residual": 3.0572303022502467e-10,
    "training_time_seconds": 3.715310328999749,
    "evaluation_time_seconds": 0.017454080999868893,
    "parameter_names": [
        "s",
        "t0",
        "x0"
    ],
    "timestamp": "2026-05-24T14:09:24.167795"
}