{
  "train": {
    "event_abs_mean": 0.015625,
    "event_active_fraction_gt_1e_6": 0.015625,
    "spike_mean": 0.11269962787628174,
    "spike_active_fraction_gt_0p5": 0.012507660314440727,
    "spike_count_per_sample_mean": 32.01960754394531,
    "first_spike_flat_index_mean": 13.549019813537598,
    "mem_abs_mean": 0.9712538123130798
  },
  "test": {
    "event_abs_mean": 0.015625,
    "event_active_fraction_gt_1e_6": 0.015625,
    "spike_mean": 0.11270549148321152,
    "spike_active_fraction_gt_0p5": 0.012710336595773697,
    "spike_count_per_sample_mean": 32.5384635925293,
    "first_spike_flat_index_mean": 13.076923370361328,
    "mem_abs_mean": 0.971176028251648
  }
}