{
    "train_mae": 0.0026677416709840075,
    "train_rmse": 0.003826348032278816,
    "test_mae": 0.0026367373857284376,
    "test_rmse": 0.00423231852544001,
    "per_parameter_mae_train": {
        "s": 0.004955491404374497,
        "t0": 0.00042886987681088726,
        "x0": 0.0026188637317666385
    },
    "per_parameter_mae_test": {
        "s": 0.005783698894687265,
        "t0": 0.0005523524117017897,
        "x0": 0.001574160850796258
    },
    "per_parameter_rmse_train": {
        "s": 0.005880244492671284,
        "t0": 0.0005211258627338217,
        "x0": 0.003012303161033243
    },
    "per_parameter_rmse_test": {
        "s": 0.0070744118107295495,
        "t0": 0.0005735947334612006,
        "x0": 0.0018333703707390727
    },
    "train_data_loss": 0.9699366688728333,
    "train_physics_loss": 0.0033878746908158064,
    "train_total_loss": 0.9699366688728333,
    "train_actual_physics_residual": 2.364869966520189e-10,
    "test_data_loss": 0.9681618213653564,
    "test_physics_loss": 0.004903627559542656,
    "test_total_loss": 0.9681618213653564,
    "test_actual_physics_residual": 3.2109151448800333e-10,
    "training_time_seconds": 1.0375451400000202,
    "evaluation_time_seconds": 0.03378459399982603,
    "parameter_names": [
        "s",
        "t0",
        "x0"
    ],
    "timestamp": "2026-05-26T13:30:35.217450"
}