{
    "train_mae": 0.0013577395240658848,
    "train_rmse": 0.0022154715382616554,
    "test_mae": 0.0016739841308039826,
    "test_rmse": 0.0026390640294817864,
    "per_parameter_mae_train": {
        "s": 0.0029621652559901736,
        "t0": 0.0004863251562803058,
        "x0": 0.0006247281599271753
    },
    "per_parameter_mae_test": {
        "s": 0.0033046906313218827,
        "t0": 0.0007691105666843001,
        "x0": 0.0009481511944057646
    },
    "per_parameter_rmse_train": {
        "s": 0.003711406197096516,
        "t0": 0.0005672295867648376,
        "x0": 0.0007928789608726929
    },
    "per_parameter_rmse_test": {
        "s": 0.004359078793177669,
        "t0": 0.0007967615303568136,
        "x0": 0.001121418741472657
    },
    "train_data_loss": 0.4487324059009552,
    "train_physics_loss": 0.0013496247120201588,
    "train_total_loss": 0.4487324059009552,
    "train_actual_physics_residual": 2.6906588068698056e-10,
    "test_data_loss": 0.8178906440734863,
    "test_physics_loss": 0.001861776690930128,
    "test_total_loss": 0.8178906440734863,
    "test_actual_physics_residual": 2.949215871517197e-10,
    "training_time_seconds": 14.898711122999885,
    "evaluation_time_seconds": 0.22195648700017045,
    "parameter_names": [
        "s",
        "t0",
        "x0"
    ],
    "timestamp": "2026-05-26T19:03:19.056986"
}