{
  "observation_mode": "event_traces",
  "time_axis_size": 128,
  "records": [
    {
      "fraction": 0.25,
      "kept_steps": 32,
      "active_test_mae": 0.003017470827307327,
      "test_mae": 0.0030174708273073268
    },
    {
      "fraction": 0.5,
      "kept_steps": 64,
      "active_test_mae": 0.0030071967632249613,
      "test_mae": 0.003007196763224961
    },
    {
      "fraction": 0.75,
      "kept_steps": 96,
      "active_test_mae": 0.0030071967632249613,
      "test_mae": 0.003007196763224961
    },
    {
      "fraction": 1.0,
      "kept_steps": 128,
      "active_test_mae": 0.0030071967632249613,
      "test_mae": 0.003007196763224961
    }
  ]
}