{
  "train": {
    "event_abs_mean": 0.01541436929255724,
    "event_active_fraction_gt_1e_6": 0.01541436929255724,
    "spike_mean": 0.026757974177598953,
    "spike_active_fraction_gt_0p5": 0.0015586704248562455,
    "spike_count_per_sample_mean": 3.9901962280273438,
    "first_spike_flat_index_mean": 1554.0882568359375,
    "mem_abs_mean": 1.0575040578842163
  },
  "test": {
    "event_abs_mean": 0.015299479477107525,
    "event_active_fraction_gt_1e_6": 0.015299479477107525,
    "spike_mean": 0.0267479307949543,
    "spike_active_fraction_gt_0p5": 0.0013972355518490076,
    "spike_count_per_sample_mean": 3.576923131942749,
    "first_spike_flat_index_mean": 1539.615478515625,
    "mem_abs_mean": 1.0579779148101807
  }
}