{
  "observation_mode": "event_traces",
  "time_axis_size": 128,
  "records": [
    {
      "fraction": 0.25,
      "kept_steps": 32,
      "active_test_mae": 0.0030018131861586105,
      "test_mae": 0.0030018131861586105
    },
    {
      "fraction": 0.5,
      "kept_steps": 64,
      "active_test_mae": 0.0030046530991294715,
      "test_mae": 0.0030046530991294715
    },
    {
      "fraction": 0.75,
      "kept_steps": 96,
      "active_test_mae": 0.0029439581860600645,
      "test_mae": 0.0029439581860600645
    },
    {
      "fraction": 1.0,
      "kept_steps": 128,
      "active_test_mae": 0.0029439581860600645,
      "test_mae": 0.0029439581860600645
    }
  ]
}