{
    "train_mae": 0.0004271062862688763,
    "train_rmse": 0.0008124572334143803,
    "test_mae": 0.0020233148720342604,
    "test_rmse": 0.0038364071072561354,
    "per_parameter_mae_train": {
        "s": 0.0008054932627095298,
        "t0": 7.663463614369694e-05,
        "x0": 0.00039919095995340215
    },
    "per_parameter_mae_test": {
        "s": 0.00438966941152108,
        "t0": 0.0006742614346363432,
        "x0": 0.0010060137699453575
    },
    "per_parameter_rmse_train": {
        "s": 0.0013234756049796336,
        "t0": 8.753752850281481e-05,
        "x0": 0.00047011676476111514
    },
    "per_parameter_rmse_test": {
        "s": 0.006365660391452236,
        "t0": 0.0007495187334801253,
        "x0": 0.0017523264326816162
    },
    "train_data_loss": 0.030064590275287628,
    "train_physics_loss": 0.0001716256665531546,
    "train_total_loss": 0.030064590275287628,
    "train_actual_physics_residual": 2.0537377354301611e-10,
    "test_data_loss": 1.0019993782043457,
    "test_physics_loss": 0.003970272373408079,
    "test_total_loss": 1.0019993782043457,
    "test_actual_physics_residual": 2.212605099138898e-10,
    "training_time_seconds": 0.9008086190005997,
    "evaluation_time_seconds": 0.03913493900108733,
    "parameter_names": [
        "s",
        "t0",
        "x0"
    ],
    "timestamp": "2026-05-26T10:06:04.831270"
}