{
    "train_mae": 0.002839360706978762,
    "train_rmse": 0.004162405407051107,
    "test_mae": 0.0029799885368790645,
    "test_rmse": 0.004482960605798198,
    "per_parameter_mae_train": {
        "s": 0.005674275316913553,
        "t0": 0.0004990776787769264,
        "x0": 0.002344729125245807
    },
    "per_parameter_mae_test": {
        "s": 0.00646489942898804,
        "t0": 0.0005176972743751499,
        "x0": 0.001957368907274004
    },
    "per_parameter_rmse_train": {
        "s": 0.006662221134481608,
        "t0": 0.0005688317673112707,
        "x0": 0.0026959407066382266
    },
    "per_parameter_rmse_test": {
        "s": 0.0073547446143123855,
        "t0": 0.0006223663645854659,
        "x0": 0.002410642890577384
    },
    "train_data_loss": 0.9074653387069702,
    "train_physics_loss": 0.004348854534327984,
    "train_total_loss": 0.9074653387069702,
    "train_actual_physics_residual": 2.6961671784064833e-10,
    "test_data_loss": 0.9703142046928406,
    "test_physics_loss": 0.0052999528124928474,
    "test_total_loss": 0.9703142046928406,
    "test_actual_physics_residual": 3.0572303022502467e-10,
    "training_time_seconds": 6.11500625299999,
    "evaluation_time_seconds": 0.04744787900000347,
    "parameter_names": [
        "s",
        "t0",
        "x0"
    ],
    "timestamp": "2026-05-26T03:23:31.774514"
}