{
    "train_mae": 0.0029005783657795525,
    "train_rmse": 0.004209704846601776,
    "test_mae": 0.0030072012034913745,
    "test_rmse": 0.004507507895469267,
    "per_parameter_mae_train": {
        "s": 0.005802874566391642,
        "t0": 0.0005630831563550803,
        "x0": 0.0023357773745919345
    },
    "per_parameter_mae_test": {
        "s": 0.006571113744576367,
        "t0": 0.0004331651233285021,
        "x0": 0.002017324742569256
    },
    "per_parameter_rmse_train": {
        "s": 0.006731622153109653,
        "t0": 0.0006248000493949878,
        "x0": 0.0027312511368504473
    },
    "per_parameter_rmse_test": {
        "s": 0.0074134238369805055,
        "t0": 0.0005106117738385366,
        "x0": 0.0023944320647828064
    },
    "train_data_loss": 0.9787499904632568,
    "train_physics_loss": 0.004439931362867355,
    "train_total_loss": 0.9787499904632568,
    "train_actual_physics_residual": 2.6961671784064833e-10,
    "test_data_loss": 0.8666185140609741,
    "test_physics_loss": 0.005384859628975391,
    "test_total_loss": 0.8666185140609741,
    "test_actual_physics_residual": 3.0572303022502467e-10,
    "training_time_seconds": 4.678135776001,
    "evaluation_time_seconds": 0.12966671500180382,
    "parameter_names": [
        "s",
        "t0",
        "x0"
    ],
    "timestamp": "2026-05-26T01:14:07.343463"
}