{
  "observation_mode": "event_traces",
  "time_axis_size": 128,
  "records": [
    {
      "fraction": 0.25,
      "kept_steps": 32,
      "active_test_mae": 0.0030010401834760433,
      "test_mae": 0.0030010401834760433
    },
    {
      "fraction": 0.5,
      "kept_steps": 64,
      "active_test_mae": 0.003008079411016071,
      "test_mae": 0.0030080794110160704
    },
    {
      "fraction": 0.75,
      "kept_steps": 96,
      "active_test_mae": 0.003008079411016071,
      "test_mae": 0.0030080794110160704
    },
    {
      "fraction": 1.0,
      "kept_steps": 128,
      "active_test_mae": 0.003008079411016071,
      "test_mae": 0.0030080794110160704
    }
  ]
}