{
    "train_mae": 0.0021789042887918456,
    "train_rmse": 0.003913187082710529,
    "test_mae": 0.002408157252205575,
    "test_rmse": 0.004260398280319192,
    "per_parameter_mae_train": {
        "s": 0.005785888990877998,
        "t0": 0.0005643121956230109,
        "x0": 0.00018651167987452844
    },
    "per_parameter_mae_test": {
        "s": 0.006607050760403252,
        "t0": 0.00044697910448738626,
        "x0": 0.0001704418917260881
    },
    "per_parameter_rmse_train": {
        "s": 0.006743701229137006,
        "t0": 0.0006280324340903737,
        "x0": 0.00025916872254223784
    },
    "per_parameter_rmse_test": {
        "s": 0.007356835000004725,
        "t0": 0.0005259703998814848,
        "x0": 0.00023089920310418122
    },
    "train_data_loss": 0.6685811877250671,
    "train_physics_loss": 0.004455880261957645,
    "train_total_loss": 0.6685811877250671,
    "train_actual_physics_residual": 2.6961671784064833e-10,
    "test_data_loss": 0.632061779499054,
    "test_physics_loss": 0.0053029656410217285,
    "test_total_loss": 0.632061779499054,
    "test_actual_physics_residual": 3.0572303022502467e-10,
    "training_time_seconds": 10.99845323900081,
    "evaluation_time_seconds": 0.02860541500194813,
    "parameter_names": [
        "s",
        "t0",
        "x0"
    ],
    "timestamp": "2026-05-24T03:47:05.833225"
}