{
  "observation_mode": "event_traces",
  "time_axis_size": 128,
  "records": [
    {
      "fraction": 0.25,
      "kept_steps": 32,
      "active_test_mae": 0.002381139347714629,
      "test_mae": 0.002381139347714629
    },
    {
      "fraction": 0.5,
      "kept_steps": 64,
      "active_test_mae": 0.002365145434699899,
      "test_mae": 0.002365145434699899
    },
    {
      "fraction": 0.75,
      "kept_steps": 96,
      "active_test_mae": 0.002365145434699899,
      "test_mae": 0.002365145434699899
    },
    {
      "fraction": 1.0,
      "kept_steps": 128,
      "active_test_mae": 0.002365145434699899,
      "test_mae": 0.002365145434699899
    }
  ]
}