{
    "train_mae": 0.002732133059465434,
    "train_rmse": 0.003986178772499476,
    "test_mae": 0.0028567301506604447,
    "test_rmse": 0.004029144026548568,
    "per_parameter_mae_train": {
        "s": 0.005387378514283359,
        "t0": 0.0005047206100514295,
        "x0": 0.002304300054061513
    },
    "per_parameter_mae_test": {
        "s": 0.005488937882578119,
        "t0": 0.0007443379593211128,
        "x0": 0.0023369146100821023
    },
    "per_parameter_rmse_train": {
        "s": 0.0063142179338041,
        "t0": 0.0005882225925465119,
        "x0": 0.002730111661639655
    },
    "per_parameter_rmse_test": {
        "s": 0.006402881852047394,
        "t0": 0.0007650161046142026,
        "x0": 0.0026683064120185084
    },
    "train_data_loss": 0.9940432906150818,
    "train_physics_loss": 0.003906392492353916,
    "train_total_loss": 0.9940432906150818,
    "train_actual_physics_residual": 2.6906588068698056e-10,
    "test_data_loss": 1.2158929109573364,
    "test_physics_loss": 0.0040168771520257,
    "test_total_loss": 1.2158929109573364,
    "test_actual_physics_residual": 2.949215871517197e-10,
    "training_time_seconds": 13.40684635100024,
    "evaluation_time_seconds": 0.1408082990001276,
    "parameter_names": [
        "s",
        "t0",
        "x0"
    ],
    "timestamp": "2026-05-26T16:54:23.335359"
}