{
    "train_mae": 2.1913988385364972e-05,
    "train_rmse": 5.185324379927662e-05,
    "test_mae": 3.94557328764175e-05,
    "test_rmse": 0.00014829188734240682,
    "per_parameter_mae_train": {
        "a": 1.0351316673784092e-05,
        "beta": 0.0,
        "d": 0.0001041245385434055,
        "epsilon": 2.2351741811588166e-10,
        "gamma": 1.7007851577582127e-05,
        "k": 0.0
    },
    "per_parameter_mae_test": {
        "a": 2.1583265140347943e-05,
        "beta": 0.0,
        "d": 0.00019423985766794298,
        "epsilon": 2.2351741811588166e-10,
        "gamma": 2.091105093279597e-05,
        "k": 0.0
    },
    "per_parameter_rmse_train": {
        "a": 1.348027221767618e-05,
        "beta": 0.0,
        "d": 0.0001243817174222569,
        "epsilon": 2.2351741811588166e-10,
        "gamma": 2.1909449719710866e-05,
        "k": 0.0
    },
    "per_parameter_rmse_test": {
        "a": 3.053586200591059e-05,
        "beta": 0.0,
        "d": 0.0003610146899195721,
        "epsilon": 2.2351741811588169e-10,
        "gamma": 2.605490171195659e-05,
        "k": 0.0
    },
    "train_data_loss": 0.00035011753789149225,
    "train_physics_loss": 0.0,
    "train_total_loss": 0.00035011753789149225,
    "train_actual_physics_residual": 0.0,
    "test_data_loss": 0.0018482481827959418,
    "test_physics_loss": 0.0,
    "test_total_loss": 0.0018482481827959418,
    "test_actual_physics_residual": 0.0,
    "training_time_seconds": 130.46519338699,
    "evaluation_time_seconds": 0.5096391359984409,
    "parameter_names": [
        "a",
        "beta",
        "d",
        "epsilon",
        "gamma",
        "k"
    ],
    "timestamp": "2026-06-02T14:09:58.817193"
}