{
    "train_mae": 0.002739014844955671,
    "train_rmse": 0.003959943041209108,
    "test_mae": 0.0026943697553829566,
    "test_rmse": 0.00434175370186502,
    "per_parameter_mae_train": {
        "s": 0.005172249323825797,
        "t0": 0.0004404883120046216,
        "x0": 0.0026043068990365945
    },
    "per_parameter_mae_test": {
        "s": 0.0058383308090985365,
        "t0": 0.0005540394360226646,
        "x0": 0.0016907390210276682
    },
    "per_parameter_rmse_train": {
        "s": 0.00613950864395068,
        "t0": 0.0005240308753942592,
        "x0": 0.0030125191985030924
    },
    "per_parameter_rmse_test": {
        "s": 0.007239724775973449,
        "t0": 0.0005744119723435897,
        "x0": 0.001951643327342466
    },
    "train_data_loss": 1.0013147592544556,
    "train_physics_loss": 0.00369320809841156,
    "train_total_loss": 1.0013147592544556,
    "train_actual_physics_residual": 2.364869966520189e-10,
    "test_data_loss": 1.0066653490066528,
    "test_physics_loss": 0.005135476589202881,
    "test_total_loss": 1.0066653490066528,
    "test_actual_physics_residual": 3.2109151448800333e-10,
    "training_time_seconds": 0.15032680300282664,
    "evaluation_time_seconds": 0.046268772002804326,
    "parameter_names": [
        "s",
        "t0",
        "x0"
    ],
    "timestamp": "2026-05-26T08:09:10.935946"
}