{
    "train_mae": 0.0010802940017656422,
    "train_rmse": 0.0024671110011645907,
    "test_mae": 0.0010871892335337625,
    "test_rmse": 0.0025359848621749467,
    "per_parameter_mae_train": {
        "a": 0.00045650518433276846,
        "d": 0.005257569240746932,
        "epsilon": 9.499490256914545e-11,
        "k": 0.0,
        "mu1": 0.0007676775695902834,
        "mu2": 1.1920928966180355e-08
    },
    "per_parameter_mae_test": {
        "a": 0.0005239667934281572,
        "d": 0.005118652215306613,
        "epsilon": 9.499490256914545e-11,
        "k": 0.0,
        "mu1": 0.0008805043765439358,
        "mu2": 1.1920928966180355e-08
    },
    "per_parameter_rmse_train": {
        "a": 0.0005602835051576124,
        "d": 0.005942360528794283,
        "epsilon": 9.499490256914543e-11,
        "k": 0.0,
        "mu1": 0.0009456499838407453,
        "mu2": 1.1920928966180357e-08
    },
    "per_parameter_rmse_test": {
        "a": 0.0006081653214350686,
        "d": 0.006097101967491192,
        "epsilon": 9.499490256914543e-11,
        "k": 0.0,
        "mu1": 0.0010211747483949995,
        "mu2": 1.1920928966180355e-08
    },
    "train_data_loss": 0.6635133624076843,
    "train_physics_loss": 0.0009683144744485617,
    "train_total_loss": 0.6635133624076843,
    "train_actual_physics_residual": 0.0009683195385150611,
    "test_data_loss": 0.7375380992889404,
    "test_physics_loss": 0.0009672918822616339,
    "test_total_loss": 0.7375380992889404,
    "test_actual_physics_residual": 0.0009672476444393396,
    "training_time_seconds": 81.54296032999991,
    "evaluation_time_seconds": 0.3106974629990873,
    "parameter_names": [
        "a",
        "d",
        "epsilon",
        "k",
        "mu1",
        "mu2"
    ],
    "timestamp": "2026-05-10T22:11:47.556386"
}