{
    "train_mae": 0.002913983682436709,
    "train_rmse": 0.004220538548645449,
    "test_mae": 0.003008248823413352,
    "test_rmse": 0.004476729347158443,
    "per_parameter_mae_train": {
        "s": 0.005784051185827869,
        "t0": 0.000570315478767459,
        "x0": 0.002387584382714799
    },
    "per_parameter_mae_test": {
        "s": 0.006588422016424605,
        "t0": 0.0004359379171643296,
        "x0": 0.0020003865366511222
    },
    "per_parameter_rmse_train": {
        "s": 0.006729806080337334,
        "t0": 0.0006310820639464764,
        "x0": 0.0027839329143185864
    },
    "per_parameter_rmse_test": {
        "s": 0.0073641992280741725,
        "t0": 0.0005145860673876579,
        "x0": 0.002372148362057325
    },
    "train_data_loss": 0.9975923299789429,
    "train_physics_loss": 0.004437536932528019,
    "train_total_loss": 0.9975923299789429,
    "train_actual_physics_residual": 2.6961671784064833e-10,
    "test_data_loss": 0.8602011203765869,
    "test_physics_loss": 0.005313586909323931,
    "test_total_loss": 0.8602011203765869,
    "test_actual_physics_residual": 3.0572303022502467e-10,
    "training_time_seconds": 4.949205673001416,
    "evaluation_time_seconds": 0.0817519850024837,
    "parameter_names": [
        "s",
        "t0",
        "x0"
    ],
    "timestamp": "2026-05-26T01:22:48.564694"
}