{
    "train_mae": 0.002893136268492387,
    "train_rmse": 0.004195102187012342,
    "test_mae": 0.003012948712510055,
    "test_rmse": 0.004484302055593048,
    "per_parameter_mae_train": {
        "s": 0.005749570483184568,
        "t0": 0.00056518297831998,
        "x0": 0.0023646553439726128
    },
    "per_parameter_mae_test": {
        "s": 0.006611012176794478,
        "t0": 0.0004357943668394568,
        "x0": 0.00199203959389623
    },
    "per_parameter_rmse_train": {
        "s": 0.006690757823822756,
        "t0": 0.0006244906860681977,
        "x0": 0.002764130641701992
    },
    "per_parameter_rmse_test": {
        "s": 0.007380399757776737,
        "t0": 0.0005148399929531019,
        "x0": 0.0023646424622875356
    },
    "train_data_loss": 0.9820985794067383,
    "train_physics_loss": 0.004386190325021744,
    "train_total_loss": 0.9820985794067383,
    "train_actual_physics_residual": 2.6961671784064833e-10,
    "test_data_loss": 0.8606577515602112,
    "test_physics_loss": 0.005336991511285305,
    "test_total_loss": 0.8606577515602112,
    "test_actual_physics_residual": 3.0572303022502467e-10,
    "training_time_seconds": 6.4021712630001275,
    "evaluation_time_seconds": 0.10158064899951569,
    "parameter_names": [
        "s",
        "t0",
        "x0"
    ],
    "timestamp": "2026-05-24T20:14:54.733863"
}