{
    "train_mae": 0.0027830019396396,
    "train_rmse": 0.00405763291785626,
    "test_mae": 0.002693116064484582,
    "test_rmse": 0.003938855262965883,
    "per_parameter_mae_train": {
        "s": 0.005503418312218712,
        "t0": 0.0005104975857205423,
        "x0": 0.0023350899209795446
    },
    "per_parameter_mae_test": {
        "s": 0.0053245941220143415,
        "t0": 0.0007415491496915258,
        "x0": 0.002013204921747878
    },
    "per_parameter_rmse_train": {
        "s": 0.006421726670158817,
        "t0": 0.0005933396173133313,
        "x0": 0.0027933008002199726
    },
    "per_parameter_rmse_test": {
        "s": 0.0063684280106293956,
        "t0": 0.0007615016663794978,
        "x0": 0.0023252918598133587
    },
    "train_data_loss": 1.0267868041992188,
    "train_physics_loss": 0.004040547180920839,
    "train_total_loss": 1.0267868041992188,
    "train_actual_physics_residual": 2.6906588068698056e-10,
    "test_data_loss": 1.130715012550354,
    "test_physics_loss": 0.003973763901740313,
    "test_total_loss": 1.130715012550354,
    "test_actual_physics_residual": 2.949215871517197e-10,
    "training_time_seconds": 8.200820005999049,
    "evaluation_time_seconds": 0.24752005399932386,
    "parameter_names": [
        "s",
        "t0",
        "x0"
    ],
    "timestamp": "2026-05-26T17:35:17.085636"
}