{
    "train_mae": 0.0027666693648246156,
    "train_rmse": 0.004016554707640243,
    "test_mae": 0.003031373791204847,
    "test_rmse": 0.004566820807108655,
    "per_parameter_mae_train": {
        "s": 0.005475618853833672,
        "t0": 0.0005354082933690016,
        "x0": 0.0022889809472711737
    },
    "per_parameter_mae_test": {
        "s": 0.006669562277854612,
        "t0": 0.00045231856011764796,
        "x0": 0.0019722405356422815
    },
    "per_parameter_rmse_train": {
        "s": 0.006394492008772321,
        "t0": 0.0005997788394575927,
        "x0": 0.00267373754356833
    },
    "per_parameter_rmse_test": {
        "s": 0.0075101684926877615,
        "t0": 0.0005395592919666142,
        "x0": 0.002423592753458012
    },
    "train_data_loss": 0.9072586894035339,
    "train_physics_loss": 0.004006350412964821,
    "train_total_loss": 0.9072586894035339,
    "train_actual_physics_residual": 2.6961671784064833e-10,
    "test_data_loss": 0.9088048934936523,
    "test_physics_loss": 0.0055263228714466095,
    "test_total_loss": 0.9088048934936523,
    "test_actual_physics_residual": 3.0572303022502467e-10,
    "training_time_seconds": 6.421240873001807,
    "evaluation_time_seconds": 0.07946021799943992,
    "parameter_names": [
        "s",
        "t0",
        "x0"
    ],
    "timestamp": "2026-05-26T01:46:52.737305"
}