{
    "train_mae": 0.0014935963706116013,
    "train_rmse": 0.00252424443018164,
    "test_mae": 0.0017151119351768902,
    "test_rmse": 0.0029289088383848798,
    "per_parameter_mae_train": {
        "s": 0.00316842203848538,
        "t0": 0.0004973396877344395,
        "x0": 0.0008150273856149841
    },
    "per_parameter_mae_test": {
        "s": 0.0037306359043015433,
        "t0": 0.00048682289603885475,
        "x0": 0.0009278770051902735
    },
    "per_parameter_rmse_train": {
        "s": 0.004208749849294744,
        "t0": 0.0005837154303707085,
        "x0": 0.0010301120484285692
    },
    "per_parameter_rmse_test": {
        "s": 0.004902599928639817,
        "t0": 0.000610135529022223,
        "x0": 0.0011522888208399995
    },
    "train_data_loss": 0.4621923565864563,
    "train_physics_loss": 0.0017355739837512374,
    "train_total_loss": 0.4621923565864563,
    "train_actual_physics_residual": 2.6961671784064833e-10,
    "test_data_loss": 0.5464588403701782,
    "test_physics_loss": 0.0023549911566078663,
    "test_total_loss": 0.5464588403701782,
    "test_actual_physics_residual": 3.0572303022502467e-10,
    "training_time_seconds": 17.742373352000868,
    "evaluation_time_seconds": 0.09191818500039517,
    "parameter_names": [
        "s",
        "t0",
        "x0"
    ],
    "timestamp": "2026-05-24T05:58:01.087277"
}