{
  "observation_mode": "event_traces",
  "time_axis_size": 128,
  "records": [
    {
      "fraction": 0.25,
      "kept_steps": 32,
      "active_test_mae": 0.0012189038462379121,
      "test_mae": 0.000812602564158608
    },
    {
      "fraction": 0.5,
      "kept_steps": 64,
      "active_test_mae": 0.0012184598202904147,
      "test_mae": 0.0008123065468602764
    },
    {
      "fraction": 0.75,
      "kept_steps": 96,
      "active_test_mae": 0.0012184598202904147,
      "test_mae": 0.0008123065468602764
    },
    {
      "fraction": 1.0,
      "kept_steps": 128,
      "active_test_mae": 0.0012184598202904147,
      "test_mae": 0.0008123065468602764
    }
  ]
}