{
    "train_mae": 0.0028886971197471397,
    "train_rmse": 0.0042137088592600165,
    "test_mae": 0.0029843567745647223,
    "test_rmse": 0.004442520615952903,
    "per_parameter_mae_train": {
        "s": 0.005750503801069653,
        "t0": 0.0005393533699019189,
        "x0": 0.0023762341882698464
    },
    "per_parameter_mae_test": {
        "s": 0.00651825817957862,
        "t0": 0.0004325595235856872,
        "x0": 0.0020022526205298596
    },
    "per_parameter_rmse_train": {
        "s": 0.006724851240919017,
        "t0": 0.0006032821537713917,
        "x0": 0.0027710022523033
    },
    "per_parameter_rmse_test": {
        "s": 0.007299475370398535,
        "t0": 0.0005055239818623227,
        "x0": 0.0023811915274095305
    },
    "train_data_loss": 0.9651186466217041,
    "train_physics_loss": 0.004431005567312241,
    "train_total_loss": 0.9651186466217041,
    "train_actual_physics_residual": 2.6961671784064833e-10,
    "test_data_loss": 0.8472834229469299,
    "test_physics_loss": 0.0052205962128937244,
    "test_total_loss": 0.8472834229469299,
    "test_actual_physics_residual": 3.0572303022502467e-10,
    "training_time_seconds": 15.310867709999911,
    "evaluation_time_seconds": 0.15436175000013463,
    "parameter_names": [
        "s",
        "t0",
        "x0"
    ],
    "timestamp": "2026-05-24T15:23:04.483278"
}