{
    "train_mae": 0.0023261227483840066,
    "train_rmse": 0.0034671245784169973,
    "test_mae": 0.002688939862072059,
    "test_rmse": 0.004087331952878248,
    "per_parameter_mae_train": {
        "s": 0.004374013662435585,
        "t0": 0.00039574412310387666,
        "x0": 0.0022086104596125587
    },
    "per_parameter_mae_test": {
        "s": 0.00586324555061465,
        "t0": 0.000510562105133644,
        "x0": 0.0016930119304678834
    },
    "per_parameter_rmse_train": {
        "s": 0.00543599479922189,
        "t0": 0.000478172419202055,
        "x0": 0.0025068247260502173
    },
    "per_parameter_rmse_test": {
        "s": 0.006774494563859623,
        "t0": 0.0005527265556805861,
        "x0": 0.0019797889377255436
    },
    "train_data_loss": 0.7709181904792786,
    "train_physics_loss": 0.002895309356972575,
    "train_total_loss": 0.7709181904792786,
    "train_actual_physics_residual": 2.364869966520189e-10,
    "test_data_loss": 0.9230861067771912,
    "test_physics_loss": 0.004496663808822632,
    "test_total_loss": 0.9230861067771912,
    "test_actual_physics_residual": 3.2109151448800333e-10,
    "training_time_seconds": 2.523451502000171,
    "evaluation_time_seconds": 0.05202144299983047,
    "parameter_names": [
        "s",
        "t0",
        "x0"
    ],
    "timestamp": "2026-05-26T14:00:52.086323"
}