{
    "train_mae": 7.334221371501036e-05,
    "train_rmse": 0.00010817965252253981,
    "test_mae": 0.0019454196552461018,
    "test_rmse": 0.0029483274067528915,
    "per_parameter_mae_train": {
        "s": 0.00015181588680222383,
        "t0": 1.4474364378483836e-05,
        "x0": 5.3736389964323394e-05
    },
    "per_parameter_mae_test": {
        "s": 0.0022322413901245675,
        "t0": 0.00020695732174413894,
        "x0": 0.0033970602538695993
    },
    "per_parameter_rmse_train": {
        "s": 0.0001728382770180762,
        "t0": 1.891866968420801e-05,
        "x0": 6.983928403481053e-05
    },
    "per_parameter_rmse_test": {
        "s": 0.003065129695358124,
        "t0": 0.0002493560231849431,
        "x0": 0.004076849888892881
    },
    "train_data_loss": 0.0007705544703640044,
    "train_physics_loss": 2.9265188459248748e-06,
    "train_total_loss": 0.0007705544703640044,
    "train_actual_physics_residual": 2.0537377354301611e-10,
    "test_data_loss": 0.6924759149551392,
    "test_physics_loss": 0.0013609817251563072,
    "test_total_loss": 0.6924759149551392,
    "test_actual_physics_residual": 2.212605099138898e-10,
    "training_time_seconds": 2.537730781998107,
    "evaluation_time_seconds": 0.07541879400014295,
    "parameter_names": [
        "s",
        "t0",
        "x0"
    ],
    "timestamp": "2026-05-26T10:48:00.178593"
}