{
  "train": {
    "event_abs_mean": 0.020668962970376015,
    "event_active_fraction_gt_1e_6": 0.9919960498809814,
    "spike_mean": 0.06556371599435806,
    "spike_active_fraction_gt_0p5": 0.003423713380470872,
    "spike_count_per_sample_mean": 8.7647066116333,
    "first_spike_flat_index_mean": 530.2352905273438,
    "mem_abs_mean": 1.6604076623916626
  },
  "test": {
    "event_abs_mean": 0.020597027614712715,
    "event_active_fraction_gt_1e_6": 0.9918870329856873,
    "spike_mean": 0.0655626431107521,
    "spike_active_fraction_gt_0p5": 0.0033954326063394547,
    "spike_count_per_sample_mean": 8.69230842590332,
    "first_spike_flat_index_mean": 463.69232177734375,
    "mem_abs_mean": 1.660406231880188
  }
}