{
    "train_mae": 0.002665535557651157,
    "train_rmse": 0.003935239264374159,
    "test_mae": 0.002853333142586252,
    "test_rmse": 0.004187671951563896,
    "per_parameter_mae_train": {
        "s": 0.005385744294854761,
        "t0": 0.0004774129545605395,
        "x0": 0.0021334494235381715
    },
    "per_parameter_mae_test": {
        "s": 0.005946124821718617,
        "t0": 0.0004845082030677458,
        "x0": 0.0021293664029723926
    },
    "per_parameter_rmse_train": {
        "s": 0.006313585865435285,
        "t0": 0.0005560421207554569,
        "x0": 0.002507543595500938
    },
    "per_parameter_rmse_test": {
        "s": 0.006790822449767263,
        "t0": 0.000577586459003991,
        "x0": 0.002482118744108967
    },
    "train_data_loss": 0.8204461336135864,
    "train_physics_loss": 0.0039056134410202503,
    "train_total_loss": 0.8204461336135864,
    "train_actual_physics_residual": 2.6961671784064833e-10,
    "test_data_loss": 0.8814581036567688,
    "test_physics_loss": 0.0045183682814240456,
    "test_total_loss": 0.8814581036567688,
    "test_actual_physics_residual": 3.0572303022502467e-10,
    "training_time_seconds": 5.116969412000344,
    "evaluation_time_seconds": 0.06216784699972777,
    "parameter_names": [
        "s",
        "t0",
        "x0"
    ],
    "timestamp": "2026-05-24T14:14:57.906766"
}