{
  "train_observed_forward_residual": {
    "mean": 0.0001407583523753707,
    "median": 0.00014271376581744108,
    "max": 0.0001527220553243159,
    "mse": 1.986104419390335e-08
  },
  "test_observed_forward_residual": {
    "mean": 0.00013702736910653436,
    "median": 0.0001362355067460018,
    "max": 0.000145650157703498,
    "mse": 1.880821643870342e-08
  },
  "train_clean_forward_residual": {
    "mean": 1.1757899020973846e-05,
    "median": 1.2676631801497137e-05,
    "max": 2.1270234436819307e-05,
    "mse": 1.6509269491673657e-10
  },
  "test_clean_forward_residual": {
    "mean": 1.255194391768777e-05,
    "median": 1.1665853040884745e-05,
    "max": 2.0669594980012214e-05,
    "mse": 1.708658813226214e-10
  },
  "train_observation_noise_floor": {
    "mean": 0.00014134642406194532,
    "median": 0.00014339923449353657,
    "max": 0.0001531237899332567,
    "mse": 2.0025988529165427e-08
  },
  "test_observation_noise_floor": {
    "mean": 0.00013765334995130869,
    "median": 0.00013693375603809714,
    "max": 0.00014597991709933597,
    "mse": 1.8979072195758936e-08
  }
}
