{
  "observation_mode": "event_traces",
  "time_axis_size": 128,
  "records": [
    {
      "fraction": 0.25,
      "kept_steps": 32,
      "active_test_mae": 0.0012250530162987473,
      "test_mae": 0.0008167020108658316
    },
    {
      "fraction": 0.5,
      "kept_steps": 64,
      "active_test_mae": 0.0012225835153967216,
      "test_mae": 0.0008150556769311478
    },
    {
      "fraction": 0.75,
      "kept_steps": 96,
      "active_test_mae": 0.0012225835153967216,
      "test_mae": 0.0008150556769311478
    },
    {
      "fraction": 1.0,
      "kept_steps": 128,
      "active_test_mae": 0.0012225835153967216,
      "test_mae": 0.0008150556769311478
    }
  ]
}