{
  "train": {
    "event_abs_mean": 0.015407986007630825,
    "event_active_fraction_gt_1e_6": 0.015407986007630825,
    "spike_mean": 0.05812468007206917,
    "spike_active_fraction_gt_0p5": 0.0032552084885537624,
    "spike_count_per_sample_mean": 8.333333969116211,
    "first_spike_flat_index_mean": 202.4166717529297,
    "mem_abs_mean": 0.8401858806610107
  },
  "test": {
    "event_abs_mean": 0.01497395895421505,
    "event_active_fraction_gt_1e_6": 0.01497395895421505,
    "spike_mean": 0.05821572616696358,
    "spike_active_fraction_gt_0p5": 0.004199218936264515,
    "spike_count_per_sample_mean": 10.75,
    "first_spike_flat_index_mean": 176.25,
    "mem_abs_mean": 0.8418299555778503
  }
}