{
    "train_mae": 0.001569027146742241,
    "train_rmse": 0.002529602001415808,
    "test_mae": 0.002422811282008015,
    "test_rmse": 0.0034360387722851054,
    "per_parameter_mae_train": {
        "s": 0.0031962281131299565,
        "t0": 0.00019876313718820111,
        "x0": 0.001312090189908565
    },
    "per_parameter_mae_test": {
        "s": 0.004514009292284558,
        "t0": 0.0007117542920517144,
        "x0": 0.0020426702616877725
    },
    "per_parameter_rmse_train": {
        "s": 0.0040695391576204805,
        "t0": 0.0002471003156819254,
        "x0": 0.0016045096868776028
    },
    "per_parameter_rmse_test": {
        "s": 0.005379751520692002,
        "t0": 0.0007607564074991691,
        "x0": 0.002428705539582897
    },
    "train_data_loss": 0.3111014664173126,
    "train_physics_loss": 0.001622661598958075,
    "train_total_loss": 0.3111014664173126,
    "train_actual_physics_residual": 2.6906588068698056e-10,
    "test_data_loss": 1.0546014308929443,
    "test_physics_loss": 0.0028357079718261957,
    "test_total_loss": 1.0546014308929443,
    "test_actual_physics_residual": 2.949215871517197e-10,
    "training_time_seconds": 1.7427275709997048,
    "evaluation_time_seconds": 0.04839934399933554,
    "parameter_names": [
        "s",
        "t0",
        "x0"
    ],
    "timestamp": "2026-05-26T10:02:36.658838"
}