{
    "train_mae": 0.0026442482582370442,
    "train_rmse": 0.0037858892264156117,
    "test_mae": 0.002666442870122157,
    "test_rmse": 0.004043105816105151,
    "per_parameter_mae_train": {
        "s": 0.005277678668964793,
        "t0": 0.00048345475634378336,
        "x0": 0.0021716113494025563
    },
    "per_parameter_mae_test": {
        "s": 0.004943263876598303,
        "t0": 0.0006633272233691756,
        "x0": 0.002392737510398992
    },
    "per_parameter_rmse_train": {
        "s": 0.006038238603214964,
        "t0": 0.0005493343808404481,
        "x0": 0.0024973542024992455
    },
    "per_parameter_rmse_test": {
        "s": 0.006403930029448743,
        "t0": 0.0006860137554377393,
        "x0": 0.002749396156603254
    },
    "train_data_loss": 0.8692823648452759,
    "train_physics_loss": 0.003572372952476144,
    "train_total_loss": 0.8692823648452759,
    "train_actual_physics_residual": 2.6906588068698056e-10,
    "test_data_loss": 1.1266815662384033,
    "test_physics_loss": 0.0040181949734687805,
    "test_total_loss": 1.1266815662384033,
    "test_actual_physics_residual": 2.949215871517197e-10,
    "training_time_seconds": 12.017077412001527,
    "evaluation_time_seconds": 0.14469603000179632,
    "parameter_names": [
        "s",
        "t0",
        "x0"
    ],
    "timestamp": "2026-05-24T21:36:18.070294"
}