{
  "train": {
    "event_abs_mean": 0.014820772223174572,
    "event_active_fraction_gt_1e_6": 0.014820772223174572,
    "spike_mean": 0.0633290484547615,
    "spike_active_fraction_gt_0p5": 0.0052083334885537624,
    "spike_count_per_sample_mean": 13.333333969116211,
    "first_spike_flat_index_mean": 1097.35302734375,
    "mem_abs_mean": 1.3102221488952637
  },
  "test": {
    "event_abs_mean": 0.014948918484151363,
    "event_active_fraction_gt_1e_6": 0.014948918484151363,
    "spike_mean": 0.06329996138811111,
    "spike_active_fraction_gt_0p5": 0.005198317114263773,
    "spike_count_per_sample_mean": 13.307692527770996,
    "first_spike_flat_index_mean": 1094.1539306640625,
    "mem_abs_mean": 1.309579849243164
  }
}