{
    "train_mae": 0.0016386870262986612,
    "train_rmse": 0.0025889996277414554,
    "test_mae": 0.00255570446246451,
    "test_rmse": 0.003982687806661633,
    "per_parameter_mae_train": {
        "s": 0.003557229481367651,
        "t0": 0.0003193686745859318,
        "x0": 0.0010394629229424008
    },
    "per_parameter_mae_test": {
        "s": 0.005723174160230476,
        "t0": 0.00042074807918197205,
        "x0": 0.0015231911479810832
    },
    "per_parameter_rmse_train": {
        "s": 0.0042707910999818105,
        "t0": 0.0003838324960448285,
        "x0": 0.0013121635616920421
    },
    "per_parameter_rmse_test": {
        "s": 0.006619699537243151,
        "t0": 0.0004889868695881655,
        "x0": 0.0018777317097996011
    },
    "train_data_loss": 0.33115607500076294,
    "train_physics_loss": 0.0017871204763650894,
    "train_total_loss": 0.33115607500076294,
    "train_actual_physics_residual": 2.6961671784064833e-10,
    "test_data_loss": 0.6727867126464844,
    "test_physics_loss": 0.004293515812605619,
    "test_total_loss": 0.6727867126464844,
    "test_actual_physics_residual": 3.0572303022502467e-10,
    "training_time_seconds": 3.489400762999594,
    "evaluation_time_seconds": 0.06321995700000116,
    "parameter_names": [
        "s",
        "t0",
        "x0"
    ],
    "timestamp": "2026-05-26T04:16:36.605588"
}