{
    "train_mae": 0.002184521565948242,
    "train_rmse": 0.00392482556321758,
    "test_mae": 0.0023929077030383317,
    "test_rmse": 0.0043322310716616625,
    "per_parameter_mae_train": {
        "s": 0.0058168503723999105,
        "t0": 0.0005647288231624163,
        "x0": 0.00017198550228239844
    },
    "per_parameter_mae_test": {
        "s": 0.006616110666409112,
        "t0": 0.0004434168672796801,
        "x0": 0.00011919557542620384
    },
    "per_parameter_rmse_train": {
        "s": 0.006763683910264045,
        "t0": 0.0006277627780478703,
        "x0": 0.0002669474884532377
    },
    "per_parameter_rmse_test": {
        "s": 0.007482580802914093,
        "t0": 0.0005207833975658238,
        "x0": 0.000210825414723999
    },
    "train_data_loss": 0.6704474687576294,
    "train_physics_loss": 0.004482325632125139,
    "train_total_loss": 0.6704474687576294,
    "train_actual_physics_residual": 2.6961671784064833e-10,
    "test_data_loss": 0.6407819986343384,
    "test_physics_loss": 0.005485794972628355,
    "test_total_loss": 0.6407819986343384,
    "test_actual_physics_residual": 3.0572303022502467e-10,
    "training_time_seconds": 9.79911446099868,
    "evaluation_time_seconds": 0.026247904999763705,
    "parameter_names": [
        "s",
        "t0",
        "x0"
    ],
    "timestamp": "2026-05-24T04:47:19.874431"
}