{
    "train_mae": 0.0018860961281795049,
    "train_rmse": 0.0038082926850342255,
    "test_mae": 0.002215197843608556,
    "test_rmse": 0.004267857009034104,
    "per_parameter_mae_train": {
        "s": 0.005658286894422402,
        "t0": 1.4901161138336505e-09,
        "x0": 0.0
    },
    "per_parameter_mae_test": {
        "s": 0.006645592040709554,
        "t0": 1.4901161138336505e-09,
        "x0": 0.0
    },
    "per_parameter_rmse_train": {
        "s": 0.00659615642057201,
        "t0": 1.4901161138336503e-09,
        "x0": 0.0
    },
    "per_parameter_rmse_test": {
        "s": 0.0073921451790858635,
        "t0": 1.4901161138336505e-09,
        "x0": 0.0
    },
    "train_data_loss": 0.9564613103866577,
    "train_physics_loss": 0.00426303269341588,
    "train_total_loss": 0.9564613103866577,
    "train_actual_physics_residual": 2.7325863793947747e-10,
    "test_data_loss": 1.201235294342041,
    "test_physics_loss": 0.005353992804884911,
    "test_total_loss": 1.201235294342041,
    "test_actual_physics_residual": 3.07907949137487e-10,
    "training_time_seconds": 3.565613454000413,
    "evaluation_time_seconds": 0.04780431899780524,
    "parameter_names": [
        "s",
        "t0",
        "x0"
    ],
    "timestamp": "2026-05-24T21:18:51.357606"
}