{
    "train_mae": 0.0008373859725526492,
    "train_rmse": 0.0012562269882369272,
    "test_mae": 0.0007384423762078259,
    "test_rmse": 0.001240261099185506,
    "per_parameter_mae_train": {
        "s": 0.0017647921997440228,
        "t0": 0.000523474469426398,
        "x0": 0.00022389124848752688
    },
    "per_parameter_mae_test": {
        "s": 0.00154974498208928,
        "t0": 0.00045231730337018757,
        "x0": 0.00021326484316401017
    },
    "per_parameter_rmse_train": {
        "s": 0.0020712169397575624,
        "t0": 0.0005948388928106363,
        "x0": 0.00030090832156255985
    },
    "per_parameter_rmse_test": {
        "s": 0.0020558613571008064,
        "t0": 0.0005534171921000304,
        "x0": 0.00028619272235028175
    },
    "train_data_loss": 0.3335520029067993,
    "train_physics_loss": 0.0004203291318845004,
    "train_total_loss": 0.3335520029067993,
    "train_actual_physics_residual": 2.6961671784064833e-10,
    "test_data_loss": 0.2926267385482788,
    "test_physics_loss": 0.00041412023711018264,
    "test_total_loss": 0.2926267385482788,
    "test_actual_physics_residual": 3.0572303022502467e-10,
    "training_time_seconds": 13.250210481000977,
    "evaluation_time_seconds": 0.035053310999501264,
    "parameter_names": [
        "s",
        "t0",
        "x0"
    ],
    "timestamp": "2026-05-24T02:26:07.222253"
}