{
  "train": {
    "event_abs_mean": 0.015481388196349144,
    "event_active_fraction_gt_1e_6": 0.015481388196349144,
    "spike_mean": 0.07408778369426727,
    "spike_active_fraction_gt_0p5": 0.007678462658077478,
    "spike_count_per_sample_mean": 19.656864166259766,
    "first_spike_flat_index_mean": 18.372549057006836,
    "mem_abs_mean": 1.2743583917617798
  },
  "test": {
    "event_abs_mean": 0.015474759973585606,
    "event_active_fraction_gt_1e_6": 0.015474759973585606,
    "spike_mean": 0.07409710437059402,
    "spike_active_fraction_gt_0p5": 0.007962740026414394,
    "spike_count_per_sample_mean": 20.38461685180664,
    "first_spike_flat_index_mean": 15.19230842590332,
    "mem_abs_mean": 1.2743421792984009
  }
}