{
  "train": {
    "event_abs_mean": 0.01519097201526165,
    "event_active_fraction_gt_1e_6": 0.01519097201526165,
    "spike_mean": 0.04091149941086769,
    "spike_active_fraction_gt_0p5": 0.0026654412504285574,
    "spike_count_per_sample_mean": 6.8235297203063965,
    "first_spike_flat_index_mean": 398.3921813964844,
    "mem_abs_mean": 0.8588325381278992
  },
  "test": {
    "event_abs_mean": 0.015174278989434242,
    "event_active_fraction_gt_1e_6": 0.015174278989434242,
    "spike_mean": 0.0409405454993248,
    "spike_active_fraction_gt_0p5": 0.0025090144481509924,
    "spike_count_per_sample_mean": 6.42307710647583,
    "first_spike_flat_index_mean": 396.2692565917969,
    "mem_abs_mean": 0.8584725856781006
  }
}