{
    "train_mae": 0.0019509736595773118,
    "train_rmse": 0.0030796216049344435,
    "test_mae": 0.0019424760489649346,
    "test_rmse": 0.003191187001653245,
    "per_parameter_mae_train": {
        "s": 0.004411329508622322,
        "t0": 0.0005062558687322526,
        "x0": 0.0009353356013773609
    },
    "per_parameter_mae_test": {
        "s": 0.0037391766925726124,
        "t0": 0.000734902085555901,
        "x0": 0.0013533493687662905
    },
    "per_parameter_rmse_train": {
        "s": 0.005186844465287876,
        "t0": 0.0005715631477755618,
        "x0": 0.0011055169604101075
    },
    "per_parameter_rmse_test": {
        "s": 0.005234684095834895,
        "t0": 0.0007576308389501097,
        "x0": 0.001604712238143291
    },
    "train_data_loss": 0.5894975662231445,
    "train_physics_loss": 0.00263598607853055,
    "train_total_loss": 0.5894975662231445,
    "train_actual_physics_residual": 2.6906588068698056e-10,
    "test_data_loss": 0.8889917135238647,
    "test_physics_loss": 0.0026848395355045795,
    "test_total_loss": 0.8889917135238647,
    "test_actual_physics_residual": 2.949215871517197e-10,
    "training_time_seconds": 1.530930057997466,
    "evaluation_time_seconds": 0.06443965500147897,
    "parameter_names": [
        "s",
        "t0",
        "x0"
    ],
    "timestamp": "2026-05-26T09:51:07.903247"
}