{
  "observation_mode": "event_traces",
  "time_axis_size": 128,
  "records": [
    {
      "fraction": 0.25,
      "kept_steps": 32,
      "active_test_mae": 0.0075252639261029165,
      "test_mae": 0.0025084218054063434
    },
    {
      "fraction": 0.5,
      "kept_steps": 64,
      "active_test_mae": 0.006455908297572306,
      "test_mae": 0.0021519699292294734
    },
    {
      "fraction": 0.75,
      "kept_steps": 96,
      "active_test_mae": 0.0065311752090055995,
      "test_mae": 0.002177058899707238
    },
    {
      "fraction": 1.0,
      "kept_steps": 128,
      "active_test_mae": 0.0065311752090055995,
      "test_mae": 0.002177058899707238
    }
  ]
}