{
    "train_mae": 0.0020035328346583842,
    "train_rmse": 0.002786192289571389,
    "test_mae": 0.002091035762370632,
    "test_rmse": 0.002494903479075898,
    "per_parameter_mae_train": {
        "s": 0.0029200136791013485,
        "t0": 0.0004338792242026014,
        "x0": 0.0026567056006712025
    },
    "per_parameter_mae_test": {
        "s": 0.002657384141881658,
        "t0": 0.0006114293503117832,
        "x0": 0.0030042937949184556
    },
    "per_parameter_rmse_train": {
        "s": 0.0037171937782374417,
        "t0": 0.0004993884901080861,
        "x0": 0.0030367225711911174
    },
    "per_parameter_rmse_test": {
        "s": 0.003006081383341213,
        "t0": 0.0006473207755530053,
        "x0": 0.00303612921990845
    },
    "train_data_loss": 0.6683999300003052,
    "train_physics_loss": 0.001353842206299305,
    "train_total_loss": 0.6683999300003052,
    "train_actual_physics_residual": 2.0537377354301611e-10,
    "test_data_loss": 0.7915477752685547,
    "test_physics_loss": 0.0008853879990056157,
    "test_total_loss": 0.7915477752685547,
    "test_actual_physics_residual": 2.212605099138898e-10,
    "training_time_seconds": 1.4502600509995318,
    "evaluation_time_seconds": 0.031596688999343314,
    "parameter_names": [
        "s",
        "t0",
        "x0"
    ],
    "timestamp": "2026-05-26T14:11:19.658430"
}