{
    "train_mae": 0.000988254709387323,
    "train_rmse": 0.0016553186607940616,
    "test_mae": 0.0008121284015677987,
    "test_rmse": 0.0013975216445958397,
    "per_parameter_mae_train": {
        "s": 0.0,
        "t0": 0.0005690020582800738,
        "x0": 0.002395762069881895
    },
    "per_parameter_mae_test": {
        "s": 0.0,
        "t0": 0.00043832783417118896,
        "x0": 0.001998057370532207
    },
    "per_parameter_rmse_train": {
        "s": 0.0,
        "t0": 0.0006310319135017002,
        "x0": 0.0027967907198182566
    },
    "per_parameter_rmse_test": {
        "s": 0.0,
        "t0": 0.0005149171336996662,
        "x0": 0.0023651766502238475
    },
    "train_data_loss": 1.0030839443206787,
    "train_physics_loss": 1.0023867152986199e-10,
    "train_total_loss": 1.0030839443206787,
    "train_actual_physics_residual": 1.0023444574347451e-10,
    "test_data_loss": 0.6925379037857056,
    "test_physics_loss": 9.956984542425218e-11,
    "test_total_loss": 0.6925379037857056,
    "test_actual_physics_residual": 9.955990198928788e-11,
    "training_time_seconds": 26.150016378000146,
    "evaluation_time_seconds": 0.3822093529997801,
    "parameter_names": [
        "s",
        "t0",
        "x0"
    ],
    "timestamp": "2026-05-24T20:28:49.336597"
}