{
  "train_observed_forward_residual": {
    "mean": 0.000379654044867853,
    "median": 0.0004008640694167676,
    "max": 0.0006334484420246205,
    "mse": 1.7041307210788884e-07
  },
  "test_observed_forward_residual": {
    "mean": 0.00038551227281207877,
    "median": 0.00040053435614820183,
    "max": 0.0005858671181763812,
    "mse": 1.7903061203241225e-07
  },
  "train_clean_forward_residual": {
    "mean": 0.00033950694175937296,
    "median": 0.0003751194203576922,
    "max": 0.0006161460812421098,
    "mse": 1.5128754618198666e-07
  },
  "test_clean_forward_residual": {
    "mean": 0.00033884809861636127,
    "median": 0.00038094468994082694,
    "max": 0.0005596674650478537,
    "mse": 1.5779834149118995e-07
  },
  "train_observation_noise_floor": {
    "mean": 0.00014134642406194532,
    "median": 0.00014339923449353657,
    "max": 0.0001531237899332567,
    "mse": 2.0025988529165427e-08
  },
  "test_observation_noise_floor": {
    "mean": 0.00013765334995130869,
    "median": 0.00013693375603809714,
    "max": 0.00014597991709933597,
    "mse": 1.8979072195758936e-08
  }
}
