{
    "train_mae": 0.0025397919822351817,
    "train_rmse": 0.003538458749289325,
    "test_mae": 0.0024335601780235455,
    "test_rmse": 0.0038159583310526514,
    "per_parameter_mae_train": {
        "s": 0.004895588404636344,
        "t0": 0.00038765266871314816,
        "x0": 0.0023361348733560525
    },
    "per_parameter_mae_test": {
        "s": 0.004956675933479466,
        "t0": 0.0005832467763312628,
        "x0": 0.001760757824259908
    },
    "per_parameter_rmse_train": {
        "s": 0.005484591690595818,
        "t0": 0.0004645831545294567,
        "x0": 0.0026954568149464547
    },
    "per_parameter_rmse_test": {
        "s": 0.006264378478237409,
        "t0": 0.000606372412899609,
        "x0": 0.0020185362843557373
    },
    "train_data_loss": 0.7958901524543762,
    "train_physics_loss": 0.002947301836684346,
    "train_total_loss": 0.7958901524543762,
    "train_actual_physics_residual": 2.364869966520189e-10,
    "test_data_loss": 0.9456881880760193,
    "test_physics_loss": 0.003844968043267727,
    "test_total_loss": 0.9456881880760193,
    "test_actual_physics_residual": 3.2109151448800333e-10,
    "training_time_seconds": 0.47484988200085354,
    "evaluation_time_seconds": 0.11097122600040166,
    "parameter_names": [
        "s",
        "t0",
        "x0"
    ],
    "timestamp": "2026-05-26T10:50:48.808953"
}