{
    "train_mae": 0.000938757080604641,
    "train_rmse": 0.0013939820337174787,
    "test_mae": 0.0014028899605117214,
    "test_rmse": 0.0025246318342883405,
    "per_parameter_mae_train": {
        "s": 0.0018709451696663035,
        "t0": 0.00041765574711720226,
        "x0": 0.0005276703250304173
    },
    "per_parameter_mae_test": {
        "s": 0.003041182612393475,
        "t0": 0.0004661363794021251,
        "x0": 0.0007013508897395643
    },
    "per_parameter_rmse_train": {
        "s": 0.002276505867533638,
        "t0": 0.0004976480815439518,
        "x0": 0.0006320009121843869
    },
    "per_parameter_rmse_test": {
        "s": 0.004238863604977908,
        "t0": 0.0005484178908647829,
        "x0": 0.0009233476330610521
    },
    "train_data_loss": 0.26374030113220215,
    "train_physics_loss": 0.0005077802925370634,
    "train_total_loss": 0.26374030113220215,
    "train_actual_physics_residual": 2.6961671784064833e-10,
    "test_data_loss": 0.42149245738983154,
    "test_physics_loss": 0.0017604981549084187,
    "test_total_loss": 0.42149245738983154,
    "test_actual_physics_residual": 3.0572303022502467e-10,
    "training_time_seconds": 29.785353707000468,
    "evaluation_time_seconds": 0.11223363599856384,
    "parameter_names": [
        "s",
        "t0",
        "x0"
    ],
    "timestamp": "2026-05-24T04:09:20.532692"
}