{
  "observation_mode": "event_traces",
  "time_axis_size": 128,
  "records": [
    {
      "fraction": 0.25,
      "kept_steps": 32,
      "active_test_mae": 0.0013246424141171104,
      "test_mae": 0.0008830949427447402
    },
    {
      "fraction": 0.5,
      "kept_steps": 64,
      "active_test_mae": 0.001237967406902007,
      "test_mae": 0.0008253116046013381
    },
    {
      "fraction": 0.75,
      "kept_steps": 96,
      "active_test_mae": 0.001237967406902007,
      "test_mae": 0.0008253116046013381
    },
    {
      "fraction": 1.0,
      "kept_steps": 128,
      "active_test_mae": 0.001237967406902007,
      "test_mae": 0.0008253116046013381
    }
  ]
}