{
    "train_mae": 0.0007616299805395158,
    "train_rmse": 0.0011083955081135474,
    "test_mae": 0.0006512545931173716,
    "test_rmse": 0.0010353701890142317,
    "per_parameter_mae_train": {
        "s": 0.0015613330311540785,
        "t0": 0.00052592256951175,
        "x0": 0.00019763434095271913
    },
    "per_parameter_mae_test": {
        "s": 0.0013246171353430937,
        "t0": 0.0004501008429537098,
        "x0": 0.0001790458010553113
    },
    "per_parameter_rmse_train": {
        "s": 0.0018033587866652034,
        "t0": 0.0005996412388942003,
        "x0": 0.00027193616602743406
    },
    "per_parameter_rmse_test": {
        "s": 0.0016896226174971957,
        "t0": 0.0005546577256214344,
        "x0": 0.00023131040345924882
    },
    "train_data_loss": 0.330075740814209,
    "train_physics_loss": 0.00031864226912148297,
    "train_total_loss": 0.330075740814209,
    "train_actual_physics_residual": 2.6961671784064833e-10,
    "test_data_loss": 0.2825251817703247,
    "test_physics_loss": 0.00027971723466180265,
    "test_total_loss": 0.2825251817703247,
    "test_actual_physics_residual": 3.0572303022502467e-10,
    "training_time_seconds": 11.143792456001393,
    "evaluation_time_seconds": 0.03412536499672569,
    "parameter_names": [
        "s",
        "t0",
        "x0"
    ],
    "timestamp": "2026-05-24T02:36:07.949970"
}