{
    "train_mae": 0.0004678608766590684,
    "train_rmse": 0.0010719612881543912,
    "test_mae": 0.0005154875806084575,
    "test_rmse": 0.001209764754801943,
    "per_parameter_mae_train": {
        "a": 0.00028425749814112346,
        "d": 0.002027468108977759,
        "epsilon": 9.499490256914545e-11,
        "k": 0.0,
        "mu1": 0.0004954276369116588,
        "mu2": 1.1920928966180355e-08
    },
    "per_parameter_mae_test": {
        "a": 0.0002883185808231732,
        "d": 0.002278502123547156,
        "epsilon": 9.499490256914545e-11,
        "k": 0.0,
        "mu1": 0.0005260927633565467,
        "mu2": 1.1920928966180355e-08
    },
    "per_parameter_rmse_train": {
        "a": 0.0003706018058898126,
        "d": 0.002519258442413054,
        "epsilon": 9.499490256914543e-11,
        "k": 0.0,
        "mu1": 0.0006407786056582843,
        "mu2": 1.1920928966180357e-08
    },
    "per_parameter_rmse_test": {
        "a": 0.0003961382065479418,
        "d": 0.0028536374233665263,
        "epsilon": 9.499490256914543e-11,
        "k": 0.0,
        "mu1": 0.0006935506822856906,
        "mu2": 1.1920928966180355e-08
    },
    "train_data_loss": 0.008348890580236912,
    "train_physics_loss": 0.0011626252671703696,
    "train_total_loss": 0.008348890580236912,
    "train_actual_physics_residual": 0.0011632302775979042,
    "test_data_loss": 0.009981906972825527,
    "test_physics_loss": 0.0011660319287329912,
    "test_total_loss": 0.009981906972825527,
    "test_actual_physics_residual": 0.001166488858871162,
    "training_time_seconds": 39.942503930000385,
    "evaluation_time_seconds": 0.11911315899851616,
    "parameter_names": [
        "a",
        "d",
        "epsilon",
        "k",
        "mu1",
        "mu2"
    ],
    "timestamp": "2026-05-10T22:27:54.132651"
}