{
    "train_mae": 0.0011043217774064696,
    "train_rmse": 0.001701108919225546,
    "test_mae": 0.0013503507415265242,
    "test_rmse": 0.0018355489506006065,
    "per_parameter_mae_train": {
        "s": 0.0023729252158446014,
        "t0": 0.0003490045051025575,
        "x0": 0.0005910356112722503
    },
    "per_parameter_mae_test": {
        "s": 0.0027283591291517506,
        "t0": 0.0006319416423754434,
        "x0": 0.0006907514530523787
    },
    "per_parameter_rmse_train": {
        "s": 0.0028440043041423374,
        "t0": 0.0003984888676647742,
        "x0": 0.000658908799131729
    },
    "per_parameter_rmse_test": {
        "s": 0.002987195764858059,
        "t0": 0.0006745281135005531,
        "x0": 0.0008540451607874268
    },
    "train_data_loss": 0.28138795495033264,
    "train_physics_loss": 0.0007924949750304222,
    "train_total_loss": 0.28138795495033264,
    "train_actual_physics_residual": 2.364869966520189e-10,
    "test_data_loss": 0.6610937714576721,
    "test_physics_loss": 0.0008743040962144732,
    "test_total_loss": 0.6610937714576721,
    "test_actual_physics_residual": 3.2109151448800333e-10,
    "training_time_seconds": 1.0963707609989797,
    "evaluation_time_seconds": 0.0674650399996608,
    "parameter_names": [
        "s",
        "t0",
        "x0"
    ],
    "timestamp": "2026-05-26T09:54:57.162498"
}