{
    "train_mae": 0.00022759572604988144,
    "train_rmse": 0.0006307704445197374,
    "test_mae": 0.00042394758430710995,
    "test_rmse": 0.0012182959995747393,
    "per_parameter_mae_train": {
        "a": 2.3103305129575553e-05,
        "d": 0.0012158352206973063,
        "epsilon": 1.341104512164737e-09,
        "k": 0.0,
        "mu1": 0.0001266344893678947,
        "mu2": 0.0
    },
    "per_parameter_mae_test": {
        "a": 3.6590424473765775e-05,
        "d": 0.00228222462655573,
        "epsilon": 1.341104512164737e-09,
        "k": 0.0,
        "mu1": 0.00022486911370865186,
        "mu2": 0.0
    },
    "per_parameter_rmse_train": {
        "a": 2.9394813136385804e-05,
        "d": 0.0015368807190931748,
        "epsilon": 1.3411045121647371e-09,
        "k": 0.0,
        "mu1": 0.0001560824215479993,
        "mu2": 0.0
    },
    "per_parameter_rmse_test": {
        "a": 5.160850649585704e-05,
        "d": 0.002969150109559018,
        "epsilon": 1.3411045121647371e-09,
        "k": 0.0,
        "mu1": 0.0002948814074166489,
        "mu2": 0.0
    },
    "train_data_loss": 0.0004856510495301336,
    "train_physics_loss": 0.0016582646640017629,
    "train_total_loss": 0.0004856510495301336,
    "train_actual_physics_residual": 0.001658676192164421,
    "test_data_loss": 0.0016669677570462227,
    "test_physics_loss": 0.001644099596887827,
    "test_total_loss": 0.0016669677570462227,
    "test_actual_physics_residual": 0.0016455514123663306,
    "training_time_seconds": 95.59458574599921,
    "evaluation_time_seconds": 0.21135341199988034,
    "parameter_names": [
        "a",
        "d",
        "epsilon",
        "k",
        "mu1",
        "mu2"
    ],
    "timestamp": "2026-05-11T02:46:34.357183"
}