{
    "train_mae": 0.0025596148622166032,
    "train_rmse": 0.0037977487696463468,
    "test_mae": 0.0025887627599520103,
    "test_rmse": 0.003809212632084213,
    "per_parameter_mae_train": {
        "s": 0.005288121306445584,
        "t0": 0.0005244291496164905,
        "x0": 0.001866294130587735
    },
    "per_parameter_mae_test": {
        "s": 0.005300082858093631,
        "t0": 0.0007442915364727781,
        "x0": 0.0017219138852896216
    },
    "per_parameter_rmse_train": {
        "s": 0.006164782551517086,
        "t0": 0.0005905580999573429,
        "x0": 0.0022170666149523544
    },
    "per_parameter_rmse_test": {
        "s": 0.006229947278159851,
        "t0": 0.0007727919836623813,
        "x0": 0.002029988199627188
    },
    "train_data_loss": 0.8678798675537109,
    "train_physics_loss": 0.0037236788775771856,
    "train_total_loss": 0.8678798675537109,
    "train_actual_physics_residual": 2.6906588068698056e-10,
    "test_data_loss": 1.075243353843689,
    "test_physics_loss": 0.0038028249982744455,
    "test_total_loss": 1.075243353843689,
    "test_actual_physics_residual": 2.949215871517197e-10,
    "training_time_seconds": 0.9351657379993412,
    "evaluation_time_seconds": 0.04814564700063784,
    "parameter_names": [
        "s",
        "t0",
        "x0"
    ],
    "timestamp": "2026-05-26T09:18:34.092418"
}