{
  "train": {
    "event_abs_mean": 0.014999489299952984,
    "event_active_fraction_gt_1e_6": 0.014999489299952984,
    "spike_mean": 0.051520414650440216,
    "spike_active_fraction_gt_0p5": 0.005664062686264515,
    "spike_count_per_sample_mean": 14.500000953674316,
    "first_spike_flat_index_mean": 172.40196228027344,
    "mem_abs_mean": 1.114156723022461
  },
  "test": {
    "event_abs_mean": 0.014773637987673283,
    "event_active_fraction_gt_1e_6": 0.014773637987673283,
    "spike_mean": 0.05151103436946869,
    "spike_active_fraction_gt_0p5": 0.0055739181116223335,
    "spike_count_per_sample_mean": 14.269230842590332,
    "first_spike_flat_index_mean": 131.7692413330078,
    "mem_abs_mean": 1.1142083406448364
  }
}