{
    "train_mae": 5.812141545534999e-05,
    "train_rmse": 0.00010850119581128077,
    "test_mae": 8.432279261429341e-05,
    "test_rmse": 0.00014604119896086264,
    "per_parameter_mae_train": {
        "alpha": 2.3663879837805267e-05,
        "beta": 0.0,
        "gamma": 0.0001507003665282447
    },
    "per_parameter_mae_test": {
        "alpha": 1.9994286128120565e-05,
        "beta": 0.0,
        "gamma": 0.00023297409171475967
    },
    "per_parameter_rmse_train": {
        "alpha": 2.8344871909540974e-05,
        "beta": 0.0,
        "gamma": 0.0001857796994126791
    },
    "per_parameter_rmse_test": {
        "alpha": 2.4969222744483876e-05,
        "beta": 0.0,
        "gamma": 0.0002517153815270635
    },
    "train_data_loss": 1.1772509492477894e-08,
    "train_physics_loss": 1.976731755456615e-06,
    "train_total_loss": 1.9885042649490927e-06,
    "train_actual_physics_residual": 1.976731755456615e-06,
    "test_data_loss": 2.132803179392627e-08,
    "test_physics_loss": 2.0176577010838964e-06,
    "test_total_loss": 2.038985732877823e-06,
    "test_actual_physics_residual": 2.0176577010838964e-06,
    "training_time_seconds": 0.4633469979999063,
    "evaluation_time_seconds": 6.575999577762559e-06,
    "parameter_names": [
        "alpha",
        "beta",
        "gamma"
    ],
    "timestamp": "2026-07-01T15:29:03.163356"
}