{
    "train_mae": 0.002046812742845329,
    "train_rmse": 0.002966241745419959,
    "test_mae": 0.0024819150864457207,
    "test_rmse": 0.003972809666756042,
    "per_parameter_mae_train": {
        "s": 0.0038537596106820705,
        "t0": 0.000228480494756918,
        "x0": 0.0020581981230969994
    },
    "per_parameter_mae_test": {
        "s": 0.005426956266225913,
        "t0": 0.0005817406946820274,
        "x0": 0.001437048298429222
    },
    "per_parameter_rmse_train": {
        "s": 0.00457302113868802,
        "t0": 0.00029677136918498687,
        "x0": 0.0023227515356492
    },
    "per_parameter_rmse_test": {
        "s": 0.006637915608286235,
        "t0": 0.0006060615549386086,
        "x0": 0.0017089223837571256
    },
    "train_data_loss": 0.4902561604976654,
    "train_physics_loss": 0.002049005590379238,
    "train_total_loss": 0.4902561604976654,
    "train_actual_physics_residual": 2.364869966520189e-10,
    "test_data_loss": 0.945722222328186,
    "test_physics_loss": 0.004317180253565311,
    "test_total_loss": 0.945722222328186,
    "test_actual_physics_residual": 3.2109151448800333e-10,
    "training_time_seconds": 0.8431731080017926,
    "evaluation_time_seconds": 0.1125938609984587,
    "parameter_names": [
        "s",
        "t0",
        "x0"
    ],
    "timestamp": "2026-05-24T22:16:06.399643"
}