{
  "observation_mode": "event_traces",
  "time_axis_size": 128,
  "records": [
    {
      "fraction": 0.25,
      "kept_steps": 32,
      "active_test_mae": 0.0028127005256807247,
      "test_mae": 0.0028127005256807247
    },
    {
      "fraction": 0.5,
      "kept_steps": 64,
      "active_test_mae": 0.002943728229186679,
      "test_mae": 0.0029437282291866784
    },
    {
      "fraction": 0.75,
      "kept_steps": 96,
      "active_test_mae": 0.0029554841946457197,
      "test_mae": 0.0029554841946457197
    },
    {
      "fraction": 1.0,
      "kept_steps": 128,
      "active_test_mae": 0.0029554841946457197,
      "test_mae": 0.0029554841946457197
    }
  ]
}