{
    "train_mae": 0.0027432640936378566,
    "train_rmse": 0.00399655193584937,
    "test_mae": 0.002796529268396772,
    "test_rmse": 0.003978776671804819,
    "per_parameter_mae_train": {
        "s": 0.005406602136355139,
        "t0": 0.000517381297504428,
        "x0": 0.002305808847054003
    },
    "per_parameter_mae_test": {
        "s": 0.00549359621481595,
        "t0": 0.0007391861693991322,
        "x0": 0.002156805420975234
    },
    "per_parameter_rmse_train": {
        "s": 0.006326512796940133,
        "t0": 0.0005910660275993632,
        "x0": 0.0027464811867177765
    },
    "per_parameter_rmse_test": {
        "s": 0.006386414657290652,
        "t0": 0.0007591203622336464,
        "x0": 0.002475769680943703
    },
    "train_data_loss": 1.0025267601013184,
    "train_physics_loss": 0.0039216200821101665,
    "train_total_loss": 1.0025267601013184,
    "train_actual_physics_residual": 2.6906588068698056e-10,
    "test_data_loss": 1.1614155769348145,
    "test_physics_loss": 0.003996242303401232,
    "test_total_loss": 1.1614155769348145,
    "test_actual_physics_residual": 2.949215871517197e-10,
    "training_time_seconds": 0.9443227030023991,
    "evaluation_time_seconds": 0.02082564499869477,
    "parameter_names": [
        "s",
        "t0",
        "x0"
    ],
    "timestamp": "2026-05-26T09:13:53.664015"
}