{
  "observation_mode": "event_traces",
  "time_axis_size": 128,
  "records": [
    {
      "fraction": 0.25,
      "kept_steps": 32,
      "active_test_mae": 0.006449329499594502,
      "test_mae": 0.002149776996570205
    },
    {
      "fraction": 0.5,
      "kept_steps": 64,
      "active_test_mae": 0.00592884521524758,
      "test_mae": 0.001976282235121231
    },
    {
      "fraction": 0.75,
      "kept_steps": 96,
      "active_test_mae": 0.00592884521524758,
      "test_mae": 0.001976282235121231
    },
    {
      "fraction": 1.0,
      "kept_steps": 128,
      "active_test_mae": 0.00592884521524758,
      "test_mae": 0.001976282235121231
    }
  ]
}