{
    "train_mae": 0.0021300296312727145,
    "train_rmse": 0.0033653278701743622,
    "test_mae": 0.0024221759829933906,
    "test_rmse": 0.003586234757996291,
    "per_parameter_mae_train": {
        "s": 0.0048167958248063955,
        "t0": 0.0005048664853762,
        "x0": 0.0010684265836355476
    },
    "per_parameter_mae_test": {
        "s": 0.005152030259795963,
        "t0": 0.0007480529334310559,
        "x0": 0.0013664447557531533
    },
    "per_parameter_rmse_train": {
        "s": 0.0056494587658979,
        "t0": 0.0005966977549471538,
        "x0": 0.0013053208276042093
    },
    "per_parameter_rmse_test": {
        "s": 0.005920050283895963,
        "t0": 0.0007714457392571459,
        "x0": 0.001714968024747829
    },
    "train_data_loss": 0.6807314157485962,
    "train_physics_loss": 0.003127163741737604,
    "train_total_loss": 0.6807314157485962,
    "train_actual_physics_residual": 2.6906588068698056e-10,
    "test_data_loss": 0.9892110824584961,
    "test_physics_loss": 0.0034339050762355328,
    "test_total_loss": 0.9892110824584961,
    "test_actual_physics_residual": 2.949215871517197e-10,
    "training_time_seconds": 2.125841221000883,
    "evaluation_time_seconds": 0.05847783600256662,
    "parameter_names": [
        "s",
        "t0",
        "x0"
    ],
    "timestamp": "2026-05-26T08:26:34.763628"
}