{
    "train_mae": 0.0026063696933059967,
    "train_rmse": 0.0038069916756060134,
    "test_mae": 0.0019415271807129205,
    "test_rmse": 0.003291695862428066,
    "per_parameter_mae_train": {
        "s": 0.005636442449006589,
        "t0": 0.0004273494462417787,
        "x0": 0.0017553171846696224
    },
    "per_parameter_mae_test": {
        "s": 0.004307325903397853,
        "t0": 0.0005838332434611063,
        "x0": 0.0009334223952798022
    },
    "per_parameter_rmse_train": {
        "s": 0.006283585183895956,
        "t0": 0.0004958285917346201,
        "x0": 0.0019365608946640717
    },
    "per_parameter_rmse_test": {
        "s": 0.005547970695146546,
        "t0": 0.0006093797923814963,
        "x0": 0.00116381372504812
    },
    "train_data_loss": 0.7872508764266968,
    "train_physics_loss": 0.0038685749750584364,
    "train_total_loss": 0.7872508764266968,
    "train_actual_physics_residual": 2.364869966520189e-10,
    "test_data_loss": 0.7756208777427673,
    "test_physics_loss": 0.0030158201698213816,
    "test_total_loss": 0.7756208777427673,
    "test_actual_physics_residual": 3.2109151448800333e-10,
    "training_time_seconds": 8.047581654999703,
    "evaluation_time_seconds": 0.16107988800013118,
    "parameter_names": [
        "s",
        "t0",
        "x0"
    ],
    "timestamp": "2026-05-26T18:52:49.712320"
}