{
  "train": {
    "event_abs_mean": 0.015625,
    "event_active_fraction_gt_1e_6": 0.015625,
    "spike_mean": 0.11435902863740921,
    "spike_active_fraction_gt_0p5": 0.005000000353902578,
    "spike_count_per_sample_mean": 12.799999237060547,
    "first_spike_flat_index_mean": 378.5199890136719,
    "mem_abs_mean": 1.381929874420166
  },
  "test": {
    "event_abs_mean": 0.015625,
    "event_active_fraction_gt_1e_6": 0.015625,
    "spike_mean": 0.11435510218143463,
    "spike_active_fraction_gt_0p5": 0.00496651791036129,
    "spike_count_per_sample_mean": 12.714285850524902,
    "first_spike_flat_index_mean": 422.71429443359375,
    "mem_abs_mean": 1.3820279836654663
  }
}