{
    "train_mae": 0.00185231488759734,
    "train_rmse": 0.0028191508871138514,
    "test_mae": 0.0028620391806745806,
    "test_rmse": 0.0042629492424825005,
    "per_parameter_mae_train": {
        "s": 0.0037541215681722024,
        "t0": 0.00031756566506027526,
        "x0": 0.0014852574295595416
    },
    "per_parameter_mae_test": {
        "s": 0.006170645825051608,
        "t0": 0.0004734655459791501,
        "x0": 0.001942006170992983
    },
    "per_parameter_rmse_train": {
        "s": 0.004505578545926306,
        "t0": 0.00039600001963174434,
        "x0": 0.0018400492177886682
    },
    "per_parameter_rmse_test": {
        "s": 0.006927923743366767,
        "t0": 0.0005768376281313338,
        "x0": 0.0024878383566488385
    },
    "train_data_loss": 0.4251066744327545,
    "train_physics_loss": 0.0019890153780579567,
    "train_total_loss": 0.4251066744327545,
    "train_actual_physics_residual": 2.6961671784064833e-10,
    "test_data_loss": 0.8957222104072571,
    "test_physics_loss": 0.004702653270214796,
    "test_total_loss": 0.8957222104072571,
    "test_actual_physics_residual": 3.0572303022502467e-10,
    "training_time_seconds": 6.197058904000187,
    "evaluation_time_seconds": 0.06057513999985531,
    "parameter_names": [
        "s",
        "t0",
        "x0"
    ],
    "timestamp": "2026-05-26T04:32:43.338368"
}