{
  "train_observed_forward_residual": {
    "mean": 0.0014053222679692237,
    "median": 0.0014120473781850853,
    "max": 0.0015680924032495487,
    "mse": 1.9799001054323863e-06
  },
  "test_observed_forward_residual": {
    "mean": 0.0014174308767303935,
    "median": 0.0014397409574111004,
    "max": 0.0015428644648216494,
    "mse": 2.017466105895304e-06
  },
  "train_clean_forward_residual": {
    "mean": 0.00011745510061956954,
    "median": 0.00010640259908173253,
    "max": 0.00024202335448681678,
    "mse": 1.699015745580442e-08
  },
  "test_clean_forward_residual": {
    "mean": 0.00015523244129084308,
    "median": 0.00016764809916421545,
    "max": 0.00022092258909624896,
    "mse": 2.537282323309469e-08
  },
  "train_observation_noise_floor": {
    "mean": 0.001410856490247534,
    "median": 0.0014169152917322017,
    "max": 0.0015721282214450946,
    "mse": 1.995410567016611e-06
  },
  "test_observation_noise_floor": {
    "mean": 0.0014262986068046002,
    "median": 0.0014494687025661745,
    "max": 0.0015470605833430198,
    "mse": 2.042845010693283e-06
  }
}
