{
  "observation_mode": "event_traces",
  "time_axis_size": 128,
  "records": [
    {
      "fraction": 0.25,
      "kept_steps": 32,
      "active_test_mae": 0.0024089287226490706,
      "test_mae": 0.0024089287226490706
    },
    {
      "fraction": 0.5,
      "kept_steps": 64,
      "active_test_mae": 0.0023837928678706647,
      "test_mae": 0.0023837928678706647
    },
    {
      "fraction": 0.75,
      "kept_steps": 96,
      "active_test_mae": 0.0023837928678706647,
      "test_mae": 0.0023837928678706647
    },
    {
      "fraction": 1.0,
      "kept_steps": 128,
      "active_test_mae": 0.0023837928678706647,
      "test_mae": 0.0023837928678706647
    }
  ]
}