{
  "train": {
    "event_abs_mean": 0.015625,
    "event_active_fraction_gt_1e_6": 0.015625,
    "spike_mean": 0.07308539748191833,
    "spike_active_fraction_gt_0p5": 0.009060968644917011,
    "spike_count_per_sample_mean": 23.19607925415039,
    "first_spike_flat_index_mean": 180.62745666503906,
    "mem_abs_mean": 1.6122406721115112
  },
  "test": {
    "event_abs_mean": 0.015625,
    "event_active_fraction_gt_1e_6": 0.015625,
    "spike_mean": 0.0730791985988617,
    "spike_active_fraction_gt_0p5": 0.008924278430640697,
    "spike_count_per_sample_mean": 22.846155166625977,
    "first_spike_flat_index_mean": 162.53846740722656,
    "mem_abs_mean": 1.612248182296753
  }
}