{
    "train_mae": 0.00283406418081198,
    "train_rmse": 0.00413863389660316,
    "test_mae": 0.003039519288839334,
    "test_rmse": 0.004500380893783741,
    "per_parameter_mae_train": {
        "s": 0.005603333228146632,
        "t0": 0.0005379139356528335,
        "x0": 0.002360945378636474
    },
    "per_parameter_mae_test": {
        "s": 0.006722034001139858,
        "t0": 0.00045488458361218204,
        "x0": 0.0019416392817659623
    },
    "per_parameter_rmse_train": {
        "s": 0.006593880017539418,
        "t0": 0.0006074830542609411,
        "x0": 0.002745283636242
    },
    "per_parameter_rmse_test": {
        "s": 0.007417798451640148,
        "t0": 0.0005306857716120014,
        "x0": 0.002335577725115309
    },
    "train_data_loss": 0.9505844712257385,
    "train_physics_loss": 0.004260092508047819,
    "train_total_loss": 0.9505844712257385,
    "train_actual_physics_residual": 2.6961671784064833e-10,
    "test_data_loss": 0.8728598952293396,
    "test_physics_loss": 0.005391216836869717,
    "test_total_loss": 0.8728598952293396,
    "test_actual_physics_residual": 3.0572303022502467e-10,
    "training_time_seconds": 3.0323423249997177,
    "evaluation_time_seconds": 0.01528173400038213,
    "parameter_names": [
        "s",
        "t0",
        "x0"
    ],
    "timestamp": "2026-05-24T14:13:57.224733"
}