{
  "observation_mode": "event_traces",
  "time_axis_size": 128,
  "records": [
    {
      "fraction": 0.25,
      "kept_steps": 32,
      "active_test_mae": 0.19121773470628303,
      "test_mae": 0.19121773470628303
    },
    {
      "fraction": 0.5,
      "kept_steps": 64,
      "active_test_mae": 0.18942217706827366,
      "test_mae": 0.18942217706827366
    },
    {
      "fraction": 0.75,
      "kept_steps": 96,
      "active_test_mae": 0.19216575899906996,
      "test_mae": 0.19216575899906996
    },
    {
      "fraction": 1.0,
      "kept_steps": 128,
      "active_test_mae": 0.19216575899906996,
      "test_mae": 0.19216575899906996
    }
  ]
}