{
    "train_mae": 0.0028613465633178137,
    "train_rmse": 0.004210786792622288,
    "test_mae": 0.0030080794110160704,
    "test_rmse": 0.0044512854398342655,
    "per_parameter_mae_train": {
        "s": 0.005746375246027367,
        "t0": 0.0005629223206944129,
        "x0": 0.002274742123231662
    },
    "per_parameter_mae_test": {
        "s": 0.006589184417880862,
        "t0": 0.00044798419973626183,
        "x0": 0.001987069615431088
    },
    "per_parameter_rmse_train": {
        "s": 0.006762363002537661,
        "t0": 0.0006264308460875331,
        "x0": 0.002658986133048978
    },
    "per_parameter_rmse_test": {
        "s": 0.007316686651384961,
        "t0": 0.0005224845247353479,
        "x0": 0.002373801290651513
    },
    "train_data_loss": 0.9669231176376343,
    "train_physics_loss": 0.004480577073991299,
    "train_total_loss": 0.9669231176376343,
    "train_actual_physics_residual": 2.6961671784064833e-10,
    "test_data_loss": 0.8623285889625549,
    "test_physics_loss": 0.005245243664830923,
    "test_total_loss": 0.8623285889625549,
    "test_actual_physics_residual": 3.0572303022502467e-10,
    "training_time_seconds": 15.148218778999762,
    "evaluation_time_seconds": 0.17342480200022692,
    "parameter_names": [
        "s",
        "t0",
        "x0"
    ],
    "timestamp": "2026-05-24T15:19:07.048111"
}