{
    "train_mae": 4.294046000821728e-05,
    "train_rmse": 0.00011140974172840542,
    "test_mae": 0.00010291404444945823,
    "test_rmse": 0.00027255412266836504,
    "per_parameter_mae_train": {
        "a": 2.73269684386742e-05,
        "beta": 0.0,
        "d": 0.00020532786183816208,
        "epsilon": 2.2351741811588166e-10,
        "gamma": 2.4987706255049275e-05,
        "k": 0.0
    },
    "per_parameter_mae_test": {
        "a": 0.00011632140563911034,
        "beta": 0.0,
        "d": 0.00046841282889901277,
        "epsilon": 2.2351741811588166e-10,
        "gamma": 3.2749808641208134e-05,
        "k": 0.0
    },
    "per_parameter_rmse_train": {
        "a": 3.4728679063769297e-05,
        "beta": 0.0,
        "d": 0.0002689779240662174,
        "epsilon": 2.2351741811588166e-10,
        "gamma": 3.029155868231127e-05,
        "k": 0.0
    },
    "per_parameter_rmse_test": {
        "a": 0.0001539133286082915,
        "beta": 0.0,
        "d": 0.0006485881620236904,
        "epsilon": 2.2351741811588169e-10,
        "gamma": 3.685894817449553e-05,
        "k": 0.0
    },
    "train_data_loss": 0.001302893739193678,
    "train_physics_loss": 0.0,
    "train_total_loss": 0.001302893739193678,
    "train_actual_physics_residual": 0.0,
    "test_data_loss": 0.00920355785638094,
    "test_physics_loss": 0.0,
    "test_total_loss": 0.00920355785638094,
    "test_actual_physics_residual": 0.0,
    "training_time_seconds": 197.1348178699991,
    "evaluation_time_seconds": 0.7734051250008633,
    "parameter_names": [
        "a",
        "beta",
        "d",
        "epsilon",
        "gamma",
        "k"
    ],
    "timestamp": "2026-06-02T14:57:22.837650"
}