{
    "train_mae": 5.373920047002656e-07,
    "train_rmse": 9.942552885318543e-07,
    "test_mae": 8.255582771579012e-07,
    "test_rmse": 1.429430073398972e-06,
    "per_parameter_mae_train": {
        "alpha": 2.12736556903792e-07,
        "beta": 0.0,
        "gamma": 1.3994394571970048e-06
    },
    "per_parameter_mae_test": {
        "alpha": 1.9783241200777013e-07,
        "beta": 0.0,
        "gamma": 2.2788424194659333e-06
    },
    "per_parameter_rmse_train": {
        "alpha": 2.583892523654682e-07,
        "beta": 0.0,
        "gamma": 1.7026055710535829e-06
    },
    "per_parameter_rmse_test": {
        "alpha": 2.498933431385987e-07,
        "beta": 0.0,
        "gamma": 2.463202046375243e-06
    },
    "train_data_loss": 9.88543578773561e-13,
    "train_physics_loss": 9.894659431291336e-13,
    "train_total_loss": 1.9780095219026946e-12,
    "train_actual_physics_residual": 9.894659431291336e-13,
    "test_data_loss": 2.0432703347373903e-12,
    "test_physics_loss": 1.0088369878638503e-12,
    "test_total_loss": 3.0521073226012405e-12,
    "test_actual_physics_residual": 1.0088369878638503e-12,
    "training_time_seconds": 1.641462853000121,
    "evaluation_time_seconds": 5.638999937218614e-06,
    "parameter_names": [
        "alpha",
        "beta",
        "gamma"
    ],
    "timestamp": "2026-07-01T15:36:35.288568"
}