{
    "train_mae": 0.00035745507824023397,
    "train_rmse": 0.0006141737472852186,
    "test_mae": 0.0006036871446456843,
    "test_rmse": 0.0010428635021105248,
    "per_parameter_mae_train": {
        "s": 0.0007902795855605167,
        "t0": 0.00011363497214017458,
        "x0": 0.00016845067702001058
    },
    "per_parameter_mae_test": {
        "s": 0.0011971415623207925,
        "t0": 0.00033769220918151825,
        "x0": 0.00027622766243474235
    },
    "per_parameter_rmse_train": {
        "s": 0.0010229072860996526,
        "t0": 0.0001810366057548897,
        "x0": 0.00022916065758348423
    },
    "per_parameter_rmse_test": {
        "s": 0.0017267417426043493,
        "t0": 0.00039524713790112725,
        "x0": 0.00035332068497520444
    },
    "train_data_loss": 0.0375300832092762,
    "train_physics_loss": 0.0001025218007271178,
    "train_total_loss": 0.0375300832092762,
    "train_actual_physics_residual": 2.6961671784064833e-10,
    "test_data_loss": 0.1588493287563324,
    "test_physics_loss": 0.00029214174719527364,
    "test_total_loss": 0.1588493287563324,
    "test_actual_physics_residual": 3.0572303022502467e-10,
    "training_time_seconds": 13.257790972998919,
    "evaluation_time_seconds": 0.158463235002273,
    "parameter_names": [
        "s",
        "t0",
        "x0"
    ],
    "timestamp": "2026-05-24T02:26:52.291678"
}