{
    "train_mae": 0.0013071802007933446,
    "train_rmse": 0.0021987851544814935,
    "test_mae": 0.002992169947220721,
    "test_rmse": 0.004322444836913417,
    "per_parameter_mae_train": {
        "s": 0.0029046124505728733,
        "t0": 0.00020316629083313493,
        "x0": 0.0008137618609740252
    },
    "per_parameter_mae_test": {
        "s": 0.005259200446117769,
        "t0": 0.0006152031300703461,
        "x0": 0.0031021062654740484
    },
    "per_parameter_rmse_train": {
        "s": 0.0036282608237925913,
        "t0": 0.0002912622972625488,
        "x0": 0.0011202045060746124
    },
    "per_parameter_rmse_test": {
        "s": 0.006443529025944889,
        "t0": 0.0007072104208323094,
        "x0": 0.0037458477300806375
    },
    "train_data_loss": 0.2214047610759735,
    "train_physics_loss": 0.0012898363638669252,
    "train_total_loss": 0.2214047610759735,
    "train_actual_physics_residual": 2.6961671784064833e-10,
    "test_data_loss": 1.3232897520065308,
    "test_physics_loss": 0.012410634197294712,
    "test_total_loss": 1.3232897520065308,
    "test_actual_physics_residual": 3.0572303022502467e-10,
    "training_time_seconds": 5.788869357998919,
    "evaluation_time_seconds": 0.05887157200049842,
    "parameter_names": [
        "s",
        "t0",
        "x0"
    ],
    "timestamp": "2026-05-26T01:32:47.378234"
}