{
  "observation_mode": "event_traces",
  "time_axis_size": 128,
  "records": [
    {
      "fraction": 0.25,
      "kept_steps": 32,
      "active_test_mae": 0.0027315329165722296,
      "test_mae": 0.0027315329165722296
    },
    {
      "fraction": 0.5,
      "kept_steps": 64,
      "active_test_mae": 0.0028145346858022857,
      "test_mae": 0.0028145346858022857
    },
    {
      "fraction": 0.75,
      "kept_steps": 96,
      "active_test_mae": 0.002812257291666493,
      "test_mae": 0.002812257291666493
    },
    {
      "fraction": 1.0,
      "kept_steps": 128,
      "active_test_mae": 0.002812257291666493,
      "test_mae": 0.002812257291666493
    }
  ]
}