{
  "observation_mode": "event_traces",
  "time_axis_size": 128,
  "records": [
    {
      "fraction": 0.25,
      "kept_steps": 32,
      "active_test_mae": 0.002795272221721701,
      "test_mae": 0.002795272221721701
    },
    {
      "fraction": 0.5,
      "kept_steps": 64,
      "active_test_mae": 0.002788748951848302,
      "test_mae": 0.002788748951848302
    },
    {
      "fraction": 0.75,
      "kept_steps": 96,
      "active_test_mae": 0.002788748951848302,
      "test_mae": 0.002788748951848302
    },
    {
      "fraction": 1.0,
      "kept_steps": 128,
      "active_test_mae": 0.002788748951848302,
      "test_mae": 0.002788748951848302
    }
  ]
}