{
  "observation_mode": "event_traces",
  "time_axis_size": 128,
  "records": [
    {
      "fraction": 0.25,
      "kept_steps": 32,
      "active_test_mae": 0.0012601325569287004,
      "test_mae": 0.0008400883712858002
    },
    {
      "fraction": 0.5,
      "kept_steps": 64,
      "active_test_mae": 0.0012485543546810808,
      "test_mae": 0.0008323695697873871
    },
    {
      "fraction": 0.75,
      "kept_steps": 96,
      "active_test_mae": 0.0012485543546810808,
      "test_mae": 0.0008323695697873871
    },
    {
      "fraction": 1.0,
      "kept_steps": 128,
      "active_test_mae": 0.0012485543546810808,
      "test_mae": 0.0008323695697873871
    }
  ]
}