{
    "train_mae": 0.002829568038712711,
    "train_rmse": 0.004098111589121642,
    "test_mae": 0.002980373060498761,
    "test_rmse": 0.00445504182698576,
    "per_parameter_mae_train": {
        "s": 0.005539401858922506,
        "t0": 0.0005639880747522848,
        "x0": 0.0023853141824633417
    },
    "per_parameter_mae_test": {
        "s": 0.0064837208764098216,
        "t0": 0.0004401744319160573,
        "x0": 0.002017223873170405
    },
    "per_parameter_rmse_train": {
        "s": 0.006508197734042198,
        "t0": 0.0006266968352248325,
        "x0": 0.0027630000220786257
    },
    "per_parameter_rmse_test": {
        "s": 0.007317864499630762,
        "t0": 0.0005165193452631421,
        "x0": 0.0023925425746662457
    },
    "train_data_loss": 0.9665011763572693,
    "train_physics_loss": 0.004150099121034145,
    "train_total_loss": 0.9665011763572693,
    "train_actual_physics_residual": 2.6961671784064833e-10,
    "test_data_loss": 0.8610329627990723,
    "test_physics_loss": 0.0052469330839812756,
    "test_total_loss": 0.8610329627990723,
    "test_actual_physics_residual": 3.0572303022502467e-10,
    "training_time_seconds": 5.143353325001954,
    "evaluation_time_seconds": 0.06574493199877907,
    "parameter_names": [
        "s",
        "t0",
        "x0"
    ],
    "timestamp": "2026-05-26T01:20:35.579022"
}