{
  "observation_mode": "event_traces",
  "time_axis_size": 128,
  "records": [
    {
      "fraction": 0.25,
      "kept_steps": 32,
      "active_test_mae": 0.003024668180263856,
      "test_mae": 0.0030246681802638554
    },
    {
      "fraction": 0.5,
      "kept_steps": 64,
      "active_test_mae": 0.0030045807463327007,
      "test_mae": 0.0030045807463327003
    },
    {
      "fraction": 0.75,
      "kept_steps": 96,
      "active_test_mae": 0.0030050099117626323,
      "test_mae": 0.003005009911762632
    },
    {
      "fraction": 1.0,
      "kept_steps": 128,
      "active_test_mae": 0.0030084720598144727,
      "test_mae": 0.0030084720598144723
    }
  ]
}