{
    "train_mae": 0.0029100515661308487,
    "train_rmse": 0.004218090502857933,
    "test_mae": 0.003007507929596149,
    "test_rmse": 0.004451676310710418,
    "per_parameter_mae_train": {
        "s": 0.0057639984046882085,
        "t0": 0.0005676093202491405,
        "x0": 0.0023985469734551968
    },
    "per_parameter_mae_test": {
        "s": 0.006580934756046281,
        "t0": 0.0004399185331286322,
        "x0": 0.0020016704996135347
    },
    "per_parameter_rmse_train": {
        "s": 0.006720175621308503,
        "t0": 0.0006296440919675771,
        "x0": 0.0027963637830443404
    },
    "per_parameter_rmse_test": {
        "s": 0.007317508408492919,
        "t0": 0.0005171511439546045,
        "x0": 0.002374634984995133
    },
    "train_data_loss": 0.9980687499046326,
    "train_physics_loss": 0.004424845799803734,
    "train_total_loss": 0.9980687499046326,
    "train_actual_physics_residual": 2.6961671784064833e-10,
    "test_data_loss": 0.8579097986221313,
    "test_physics_loss": 0.005246422253549099,
    "test_total_loss": 0.8579097986221313,
    "test_actual_physics_residual": 3.0572303022502467e-10,
    "training_time_seconds": 27.90458454200052,
    "evaluation_time_seconds": 0.4870483049999166,
    "parameter_names": [
        "s",
        "t0",
        "x0"
    ],
    "timestamp": "2026-05-24T20:29:40.382754"
}