{
  "train": {
    "event_abs_mean": 0.015625,
    "event_active_fraction_gt_1e_6": 0.015625,
    "spike_mean": 0.07724672555923462,
    "spike_active_fraction_gt_0p5": 0.004187500104308128,
    "spike_count_per_sample_mean": 10.719999313354492,
    "first_spike_flat_index_mean": 30.15999984741211,
    "mem_abs_mean": 1.095853567123413
  },
  "test": {
    "event_abs_mean": 0.015625,
    "event_active_fraction_gt_1e_6": 0.015625,
    "spike_mean": 0.07724069803953171,
    "spike_active_fraction_gt_0p5": 0.00424107164144516,
    "spike_count_per_sample_mean": 10.85714340209961,
    "first_spike_flat_index_mean": 34.71428680419922,
    "mem_abs_mean": 1.0960135459899902
  }
}