{
    "train_mae": 0.002793074440335753,
    "train_rmse": 0.004048629526444949,
    "test_mae": 0.0030394186033645076,
    "test_rmse": 0.0044845866279318095,
    "per_parameter_mae_train": {
        "s": 0.005498586701873664,
        "t0": 0.000535201193820125,
        "x0": 0.00234543542531347
    },
    "per_parameter_mae_test": {
        "s": 0.006651887208192371,
        "t0": 0.00044993924586009953,
        "x0": 0.0020164293560410527
    },
    "per_parameter_rmse_train": {
        "s": 0.0064266647834498244,
        "t0": 0.0005983114689715793,
        "x0": 0.002741205259455857
    },
    "per_parameter_rmse_test": {
        "s": 0.007373161487625778,
        "t0": 0.0005249778298298632,
        "x0": 0.0023865120208902244
    },
    "train_data_loss": 0.9243552088737488,
    "train_physics_loss": 0.004046767018735409,
    "train_total_loss": 0.9243552088737488,
    "train_actual_physics_residual": 2.6961671784064833e-10,
    "test_data_loss": 0.87318354845047,
    "test_physics_loss": 0.005326528567820787,
    "test_total_loss": 0.87318354845047,
    "test_actual_physics_residual": 3.0572303022502467e-10,
    "training_time_seconds": 6.294849106000584,
    "evaluation_time_seconds": 0.09432186499998352,
    "parameter_names": [
        "s",
        "t0",
        "x0"
    ],
    "timestamp": "2026-05-26T04:33:21.587746"
}