{
    "train_mae": 5.867039428055184e-05,
    "train_rmse": 0.00016102288942180108,
    "test_mae": 1.710318300827235e-05,
    "test_rmse": 4.225003027180847e-05,
    "per_parameter_mae_train": {
        "alpha": 3.3368134923605906e-06,
        "beta": 0.0,
        "gamma": 0.00017267436934929493
    },
    "per_parameter_mae_test": {
        "alpha": 3.6660989627877527e-06,
        "beta": 0.0,
        "gamma": 4.76434500620293e-05
    },
    "per_parameter_rmse_train": {
        "alpha": 5.074485002732149e-06,
        "beta": 0.0,
        "gamma": 0.00027885365759694415
    },
    "per_parameter_rmse_test": {
        "alpha": 5.287379158355522e-06,
        "beta": 0.0,
        "gamma": 7.298793595891024e-05
    },
    "train_data_loss": 2.5928370917745578e-08,
    "train_physics_loss": 3.01421908922837e-08,
    "train_total_loss": 5.6070561810029276e-08,
    "train_actual_physics_residual": 3.01421908922837e-08,
    "test_data_loss": 1.7850650579687321e-09,
    "test_physics_loss": 1.951851698400015e-09,
    "test_total_loss": 3.736916756368747e-09,
    "test_actual_physics_residual": 1.951851698400015e-09,
    "training_time_seconds": 0.45641453200005344,
    "evaluation_time_seconds": 5.431999852589797e-06,
    "parameter_names": [
        "alpha",
        "beta",
        "gamma"
    ],
    "timestamp": "2026-07-01T15:28:31.522009"
}