{
    "train_mae": 0.002817256658354958,
    "train_rmse": 0.00403063943127028,
    "test_mae": 0.002861485868142367,
    "test_rmse": 0.004095894603627566,
    "per_parameter_mae_train": {
        "s": 0.0055565783236072785,
        "t0": 0.0005438221982883776,
        "x0": 0.0023513694531692186
    },
    "per_parameter_mae_test": {
        "s": 0.006000625095914498,
        "t0": 0.00045573711860095957,
        "x0": 0.002128095389911644
    },
    "per_parameter_rmse_train": {
        "s": 0.0063842527561950736,
        "t0": 0.0006123830700108943,
        "x0": 0.0027576196973680142
    },
    "per_parameter_rmse_test": {
        "s": 0.006606902879791277,
        "t0": 0.0005450411918326407,
        "x0": 0.002526028948426294
    },
    "train_data_loss": 0.9385774731636047,
    "train_physics_loss": 0.003993530757725239,
    "train_total_loss": 0.9385774731636047,
    "train_actual_physics_residual": 2.6961671784064833e-10,
    "test_data_loss": 0.8419692516326904,
    "test_physics_loss": 0.00427693547680974,
    "test_total_loss": 0.8419692516326904,
    "test_actual_physics_residual": 3.0572303022502467e-10,
    "training_time_seconds": 17.444823315999884,
    "evaluation_time_seconds": 0.17965269999990596,
    "parameter_names": [
        "s",
        "t0",
        "x0"
    ],
    "timestamp": "2026-05-26T03:37:14.996089"
}