{
    "train_mae": 0.0027854615559246548,
    "train_rmse": 0.0039718837849960715,
    "test_mae": 0.002603716057733319,
    "test_rmse": 0.00423760426374202,
    "per_parameter_mae_train": {
        "s": 0.0053100934095191565,
        "t0": 0.00042916559792981977,
        "x0": 0.0026171256603249884
    },
    "per_parameter_mae_test": {
        "s": 0.005680242261255694,
        "t0": 0.0005473828744436415,
        "x0": 0.001583523037500621
    },
    "per_parameter_rmse_train": {
        "s": 0.00617488964583524,
        "t0": 0.0005205046874300752,
        "x0": 0.0029878746855690266
    },
    "per_parameter_rmse_test": {
        "s": 0.007073829273328645,
        "t0": 0.0005692684744636905,
        "x0": 0.0018731637686102546
    },
    "train_data_loss": 0.9952714443206787,
    "train_physics_loss": 0.0037358959671109915,
    "train_total_loss": 0.9952714443206787,
    "train_actual_physics_residual": 2.364869966520189e-10,
    "test_data_loss": 0.9674561023712158,
    "test_physics_loss": 0.004902818705886602,
    "test_total_loss": 0.9674561023712158,
    "test_actual_physics_residual": 3.2109151448800333e-10,
    "training_time_seconds": 1.9507803870001226,
    "evaluation_time_seconds": 0.03906247700069798,
    "parameter_names": [
        "s",
        "t0",
        "x0"
    ],
    "timestamp": "2026-05-26T09:28:28.668376"
}