{
    "train_mae": 0.0021803888833780514,
    "train_rmse": 0.003110378102978902,
    "test_mae": 0.002617904636214051,
    "test_rmse": 0.00442751279762137,
    "per_parameter_mae_train": {
        "s": 0.003599881086941851,
        "t0": 0.000447226318460274,
        "x0": 0.0024940592447320283
    },
    "per_parameter_mae_test": {
        "s": 0.004884839519460393,
        "t0": 0.00011912053700469799,
        "x0": 0.0028497538521770616
    },
    "per_parameter_rmse_train": {
        "s": 0.004523311808681353,
        "t0": 0.0004969289480009504,
        "x0": 0.0028837593055860947
    },
    "per_parameter_rmse_test": {
        "s": 0.007077628982551225,
        "t0": 0.00016006655974263204,
        "x0": 0.0029479069525862067
    },
    "train_data_loss": 0.6940728425979614,
    "train_physics_loss": 0.00200471724383533,
    "train_total_loss": 0.6940728425979614,
    "train_actual_physics_residual": 2.0537377354301611e-10,
    "test_data_loss": 0.7499710321426392,
    "test_physics_loss": 0.004908056929707527,
    "test_total_loss": 0.7499710321426392,
    "test_actual_physics_residual": 2.212605099138898e-10,
    "training_time_seconds": 4.720014728000024,
    "evaluation_time_seconds": 0.10514082100007727,
    "parameter_names": [
        "s",
        "t0",
        "x0"
    ],
    "timestamp": "2026-05-26T18:58:48.285558"
}