{
  "train": {
    "event_abs_mean": 0.015625,
    "event_active_fraction_gt_1e_6": 0.015625,
    "spike_mean": 0.037135057151317596,
    "spike_active_fraction_gt_0p5": 0.0008808211423456669,
    "spike_count_per_sample_mean": 2.2549021244049072,
    "first_spike_flat_index_mean": 1096.7921142578125,
    "mem_abs_mean": 1.1382391452789307
  },
  "test": {
    "event_abs_mean": 0.015625,
    "event_active_fraction_gt_1e_6": 0.015625,
    "spike_mean": 0.03714874014258385,
    "spike_active_fraction_gt_0p5": 0.000961538462433964,
    "spike_count_per_sample_mean": 2.461538553237915,
    "first_spike_flat_index_mean": 949.0,
    "mem_abs_mean": 1.1381043195724487
  }
}