{
    "train_mae": 0.0014725668514981266,
    "train_rmse": 0.002508057901611704,
    "test_mae": 0.0017414308407447227,
    "test_rmse": 0.002980996877287834,
    "per_parameter_mae_train": {
        "s": 0.0031282856273905325,
        "t0": 0.0005031087785369746,
        "x0": 0.0007863061485668725
    },
    "per_parameter_mae_test": {
        "s": 0.0038445228897635918,
        "t0": 0.00046217507101979155,
        "x0": 0.0009175945614507857
    },
    "per_parameter_rmse_train": {
        "s": 0.004183640169083383,
        "t0": 0.0005822773959114271,
        "x0": 0.001014480794965225
    },
    "per_parameter_rmse_test": {
        "s": 0.0049983902652592765,
        "t0": 0.0005739176178575762,
        "x0": 0.0011600605463825758
    },
    "train_data_loss": 0.4578745365142822,
    "train_physics_loss": 0.0017149269115179777,
    "train_total_loss": 0.4578745365142822,
    "train_actual_physics_residual": 2.6961671784064833e-10,
    "test_data_loss": 0.5180261731147766,
    "test_physics_loss": 0.002447917591780424,
    "test_total_loss": 0.5180261731147766,
    "test_actual_physics_residual": 3.0572303022502467e-10,
    "training_time_seconds": 36.965706887000124,
    "evaluation_time_seconds": 0.13372883000192815,
    "parameter_names": [
        "s",
        "t0",
        "x0"
    ],
    "timestamp": "2026-05-24T04:48:43.995735"
}