{
    "train_mae": 0.0014752810314589422,
    "train_rmse": 0.002383241156938742,
    "test_mae": 0.0017565121702545917,
    "test_rmse": 0.003115258820270912,
    "per_parameter_mae_train": {
        "s": 0.003313265809855923,
        "t0": 0.0005220971040630521,
        "x0": 0.0005904801804578512
    },
    "per_parameter_mae_test": {
        "s": 0.0040478511709932325,
        "t0": 0.00041319170563239787,
        "x0": 0.0008084936341381457
    },
    "per_parameter_rmse_train": {
        "s": 0.004014444995574776,
        "t0": 0.0005931132982034123,
        "x0": 0.000756282506328852
    },
    "per_parameter_rmse_test": {
        "s": 0.0052847530007198084,
        "t0": 0.0005012391877369561,
        "x0": 0.000966776887335917
    },
    "train_data_loss": 0.4389781057834625,
    "train_physics_loss": 0.0015790237812325358,
    "train_total_loss": 0.4389781057834625,
    "train_actual_physics_residual": 2.6961671784064833e-10,
    "test_data_loss": 0.4562329053878784,
    "test_physics_loss": 0.002736445050686598,
    "test_total_loss": 0.4562329053878784,
    "test_actual_physics_residual": 3.0572303022502467e-10,
    "training_time_seconds": 4.1367673900003865,
    "evaluation_time_seconds": 0.07504605399981301,
    "parameter_names": [
        "s",
        "t0",
        "x0"
    ],
    "timestamp": "2026-05-26T04:16:26.995655"
}