{
  "train": {
    "event_abs_mean": 0.015286458656191826,
    "event_active_fraction_gt_1e_6": 0.015286458656191826,
    "spike_mean": 0.036150820553302765,
    "spike_active_fraction_gt_0p5": 0.0006875000544823706,
    "spike_count_per_sample_mean": 1.7599999904632568,
    "first_spike_flat_index_mean": 1431.5,
    "mem_abs_mean": 1.1568790674209595
  },
  "test": {
    "event_abs_mean": 0.0154389888048172,
    "event_active_fraction_gt_1e_6": 0.0154389888048172,
    "spike_mean": 0.03607584163546562,
    "spike_active_fraction_gt_0p5": 0.0008928571478463709,
    "spike_count_per_sample_mean": 2.2857143878936768,
    "first_spike_flat_index_mean": 965.857177734375,
    "mem_abs_mean": 1.1554102897644043
  }
}