{
    "train_mae": 0.002754438629753034,
    "train_rmse": 0.003956146907846814,
    "test_mae": 0.0026170728200062897,
    "test_rmse": 0.004285921950042421,
    "per_parameter_mae_train": {
        "s": 0.0051878943509864415,
        "t0": 0.00042823248721586104,
        "x0": 0.0026471890510567997
    },
    "per_parameter_mae_test": {
        "s": 0.00576723098283075,
        "t0": 0.0005430178985825009,
        "x0": 0.001540969578605619
    },
    "per_parameter_rmse_train": {
        "s": 0.006129428198190021,
        "t0": 0.0005189330788525256,
        "x0": 0.0030189590080528413
    },
    "per_parameter_rmse_test": {
        "s": 0.0071707777942285784,
        "t0": 0.000565708222937789,
        "x0": 0.0018350206859502132
    },
    "train_data_loss": 0.9951519966125488,
    "train_physics_loss": 0.0036810901947319508,
    "train_total_loss": 0.9951519966125488,
    "train_actual_physics_residual": 2.364869966520189e-10,
    "test_data_loss": 0.969589352607727,
    "test_physics_loss": 0.005038128700107336,
    "test_total_loss": 0.969589352607727,
    "test_actual_physics_residual": 3.2109151448800333e-10,
    "training_time_seconds": 0.7713021639974613,
    "evaluation_time_seconds": 0.030042547998164082,
    "parameter_names": [
        "s",
        "t0",
        "x0"
    ],
    "timestamp": "2026-05-26T08:10:25.492492"
}