{
  "observation_mode": "event_traces",
  "time_axis_size": 128,
  "records": [
    {
      "fraction": 0.25,
      "kept_steps": 32,
      "active_test_mae": 0.0012160671229823352,
      "test_mae": 0.0008107114153215569
    },
    {
      "fraction": 0.5,
      "kept_steps": 64,
      "active_test_mae": 0.001218554613938935,
      "test_mae": 0.0008123697426259568
    },
    {
      "fraction": 0.75,
      "kept_steps": 96,
      "active_test_mae": 0.0012188931855149068,
      "test_mae": 0.0008125954570099379
    },
    {
      "fraction": 1.0,
      "kept_steps": 128,
      "active_test_mae": 0.0012188931855149068,
      "test_mae": 0.0008125954570099379
    }
  ]
}