{
    "train_mae": 0.001973742205752579,
    "train_rmse": 0.003044501368480667,
    "test_mae": 0.0024436585286755096,
    "test_rmse": 0.003557043289587881,
    "per_parameter_mae_train": {
        "s": 0.004013795608477089,
        "t0": 0.00039335714790151205,
        "x0": 0.0015140738608791365
    },
    "per_parameter_mae_test": {
        "s": 0.005586684211690618,
        "t0": 0.00031243516381763287,
        "x0": 0.0014318562105182786
    },
    "per_parameter_rmse_train": {
        "s": 0.004963464011397703,
        "t0": 0.0004915086665808043,
        "x0": 0.001711551923336753
    },
    "per_parameter_rmse_test": {
        "s": 0.005967546059551267,
        "t0": 0.00036714777618588793,
        "x0": 0.00148703309633055
    },
    "train_data_loss": 0.5470997095108032,
    "train_physics_loss": 0.0024138442240655422,
    "train_total_loss": 0.5470997095108032,
    "train_actual_physics_residual": 2.0537377354301611e-10,
    "test_data_loss": 0.5153307914733887,
    "test_physics_loss": 0.0034892107360064983,
    "test_total_loss": 0.5153307914733887,
    "test_actual_physics_residual": 2.212605099138898e-10,
    "training_time_seconds": 0.826806122000562,
    "evaluation_time_seconds": 0.018469973998435307,
    "parameter_names": [
        "s",
        "t0",
        "x0"
    ],
    "timestamp": "2026-05-26T08:50:37.989814"
}