{
    "train_mae": 0.002904964628552361,
    "train_rmse": 0.004171156087537495,
    "test_mae": 0.0027415904829401505,
    "test_rmse": 0.0042930541607123325,
    "per_parameter_mae_train": {
        "s": 0.005357308191866768,
        "t0": 0.0004754652606860481,
        "x0": 0.0028821204331042675
    },
    "per_parameter_mae_test": {
        "s": 0.005243540271718694,
        "t0": 0.00018622419115089245,
        "x0": 0.0027950069859508653
    },
    "per_parameter_rmse_train": {
        "s": 0.0064759927841776385,
        "t0": 0.0005646021052940304,
        "x0": 0.0031525182381359853
    },
    "per_parameter_rmse_test": {
        "s": 0.006879667008884579,
        "t0": 0.0002148140946493753,
        "x0": 0.002813357217282136
    },
    "train_data_loss": 1.005225419998169,
    "train_physics_loss": 0.004109143745154142,
    "train_total_loss": 1.005225419998169,
    "train_actual_physics_residual": 2.0537377354301611e-10,
    "test_data_loss": 0.7201579809188843,
    "test_physics_loss": 0.004637344740331173,
    "test_total_loss": 0.7201579809188843,
    "test_actual_physics_residual": 2.212605099138898e-10,
    "training_time_seconds": 1.3533192329996382,
    "evaluation_time_seconds": 0.03023718700023892,
    "parameter_names": [
        "s",
        "t0",
        "x0"
    ],
    "timestamp": "2026-05-26T06:14:23.426606"
}