{
    "train_mae": 0.0009872016461811395,
    "train_rmse": 0.0016531304524646656,
    "test_mae": 0.0008149698428628845,
    "test_rmse": 0.0014028722297981645,
    "per_parameter_mae_train": {
        "s": 0.0,
        "t0": 0.0005668676953001153,
        "x0": 0.002394737243243303
    },
    "per_parameter_mae_test": {
        "s": 0.0,
        "t0": 0.0004398841458335695,
        "x0": 0.0020050253827550843
    },
    "per_parameter_rmse_train": {
        "s": 0.0,
        "t0": 0.0006294905608526786,
        "x0": 0.002793253034079704
    },
    "per_parameter_rmse_test": {
        "s": 0.0,
        "t0": 0.0005157846269443004,
        "x0": 0.002374472088280793
    },
    "train_data_loss": 0.999364972114563,
    "train_physics_loss": 1.0023867152986199e-10,
    "train_total_loss": 0.999364972114563,
    "train_actual_physics_residual": 1.0023444574347451e-10,
    "test_data_loss": 0.6964812874794006,
    "test_physics_loss": 9.956984542425218e-11,
    "test_total_loss": 0.6964812874794006,
    "test_actual_physics_residual": 9.955990198928788e-11,
    "training_time_seconds": 27.12599057300031,
    "evaluation_time_seconds": 0.4758315869985381,
    "parameter_names": [
        "s",
        "t0",
        "x0"
    ],
    "timestamp": "2026-05-24T20:43:03.823404"
}