{
    "train_mae": 0.0004863929227936503,
    "train_rmse": 0.0011061542721847253,
    "test_mae": 0.0005540521989951687,
    "test_rmse": 0.0012856709989502936,
    "per_parameter_mae_train": {
        "a": 0.00031866890435102465,
        "d": 0.0019957223978273393,
        "epsilon": 9.499490256914545e-11,
        "k": 0.0,
        "mu1": 0.0006039542186596694,
        "mu2": 1.1920928966180355e-08
    },
    "per_parameter_mae_test": {
        "a": 0.0003774028737987864,
        "d": 0.002204881143453691,
        "epsilon": 9.499490256914545e-11,
        "k": 0.0,
        "mu1": 0.0007420171607946668,
        "mu2": 1.1920928966180355e-08
    },
    "per_parameter_rmse_train": {
        "a": 0.00040751847645871,
        "d": 0.0025633752408404423,
        "epsilon": 9.499490256914543e-11,
        "k": 0.0,
        "mu1": 0.0007774957936117576,
        "mu2": 1.1920928966180355e-08
    },
    "per_parameter_rmse_test": {
        "a": 0.0005025494047546296,
        "d": 0.0029624973617843092,
        "epsilon": 9.499490256914545e-11,
        "k": 0.0,
        "mu1": 0.0009427369634795982,
        "mu2": 1.1920928966180354e-08
    },
    "train_data_loss": 0.2651151418685913,
    "train_physics_loss": 0.0,
    "train_total_loss": 0.2651151418685913,
    "train_actual_physics_residual": 0.0,
    "test_data_loss": 0.3862656056880951,
    "test_physics_loss": 0.0,
    "test_total_loss": 0.3862656056880951,
    "test_actual_physics_residual": 0.0,
    "training_time_seconds": 108.8677821070014,
    "evaluation_time_seconds": 0.412151045002247,
    "parameter_names": [
        "a",
        "d",
        "epsilon",
        "k",
        "mu1",
        "mu2"
    ],
    "timestamp": "2026-06-17T12:02:44.163038"
}