{
    "train_mae": 0.0028938088328324726,
    "train_rmse": 0.00393940771624085,
    "test_mae": 0.00294281390105672,
    "test_rmse": 0.0041487887298854624,
    "per_parameter_mae_train": {
        "s": 0.0053418010501177044,
        "t0": 0.0004913008488630933,
        "x0": 0.002848324599516621
    },
    "per_parameter_mae_test": {
        "s": 0.005674958690602971,
        "t0": 0.00027441857632182903,
        "x0": 0.00287906443624536
    },
    "per_parameter_rmse_train": {
        "s": 0.006032028337013934,
        "t0": 0.0005726590723452141,
        "x0": 0.0031374344921695956
    },
    "per_parameter_rmse_test": {
        "s": 0.006562193990587544,
        "t0": 0.00029979077851178604,
        "x0": 0.002912915943636188
    },
    "train_data_loss": 0.9624990820884705,
    "train_physics_loss": 0.0035650457721203566,
    "train_total_loss": 0.9624990820884705,
    "train_actual_physics_residual": 2.0537377354301611e-10,
    "test_data_loss": 0.7442879676818848,
    "test_physics_loss": 0.0042192209511995316,
    "test_total_loss": 0.7442879676818848,
    "test_actual_physics_residual": 2.212605099138898e-10,
    "training_time_seconds": 1.0547806410013436,
    "evaluation_time_seconds": 0.034528096999565605,
    "parameter_names": [
        "s",
        "t0",
        "x0"
    ],
    "timestamp": "2026-05-26T06:05:22.785476"
}