{
    "train_mae": 0.0013291380422944604,
    "train_rmse": 0.0021644933885286636,
    "test_mae": 0.0014842502957033384,
    "test_rmse": 0.002702558744428553,
    "per_parameter_mae_train": {
        "s": 0.0030824519097721664,
        "t0": 0.0005449379851381636,
        "x0": 0.000360024231973051
    },
    "per_parameter_mae_test": {
        "s": 0.0035770259439937067,
        "t0": 0.0004281674799195348,
        "x0": 0.0004475574631967738
    },
    "per_parameter_rmse_train": {
        "s": 0.0036722260594697137,
        "t0": 0.0006109869799122522,
        "x0": 0.0004433345976597514
    },
    "per_parameter_rmse_test": {
        "s": 0.004622342112781536,
        "t0": 0.000526374024154595,
        "x0": 0.0005180299994820228
    },
    "train_data_loss": 0.4218587875366211,
    "train_physics_loss": 0.0013212851481512189,
    "train_total_loss": 0.4218587875366211,
    "train_actual_physics_residual": 2.6961671784064833e-10,
    "test_data_loss": 0.40154415369033813,
    "test_physics_loss": 0.002093441551551223,
    "test_total_loss": 0.40154415369033813,
    "test_actual_physics_residual": 3.0572303022502467e-10,
    "training_time_seconds": 5.473539171001903,
    "evaluation_time_seconds": 0.07699575800143066,
    "parameter_names": [
        "s",
        "t0",
        "x0"
    ],
    "timestamp": "2026-05-26T01:30:47.215907"
}