{
    "train_mae": 0.0029185306870953545,
    "train_rmse": 0.003984315487942069,
    "test_mae": 0.0029131425847111875,
    "test_rmse": 0.0041674867076551955,
    "per_parameter_mae_train": {
        "s": 0.005401226880958769,
        "t0": 0.0004949044463451388,
        "x0": 0.002859460733982156
    },
    "per_parameter_mae_test": {
        "s": 0.0055969958152367605,
        "t0": 0.0002659752058603651,
        "x0": 0.0028764567330364366
    },
    "per_parameter_rmse_train": {
        "s": 0.006122715853307486,
        "t0": 0.0005756506247732478,
        "x0": 0.0031313394354845155
    },
    "per_parameter_rmse_test": {
        "s": 0.006610381637944667,
        "t0": 0.00029169621498173606,
        "x0": 0.0028847191014616217
    },
    "train_data_loss": 0.974202573299408,
    "train_physics_loss": 0.003673047758638859,
    "train_total_loss": 0.974202573299408,
    "train_actual_physics_residual": 2.0537377354301611e-10,
    "test_data_loss": 0.7397606372833252,
    "test_physics_loss": 0.004281413741409779,
    "test_total_loss": 0.7397606372833252,
    "test_actual_physics_residual": 2.212605099138898e-10,
    "training_time_seconds": 0.9369024849984271,
    "evaluation_time_seconds": 0.03230248700128868,
    "parameter_names": [
        "s",
        "t0",
        "x0"
    ],
    "timestamp": "2026-05-26T09:26:10.228450"
}