{
    "fisherkpp": {
        "scipy": {
            "strong": 5.338908522389829e-05,
            "weak": 0.25947216153144836,
            "energy": 2.264275074005127
        },
        "rk4": {
            "strong": 5.4279924370348454e-05,
            "weak": 0.25820329785346985,
            "energy": 2.259411573410034
        },
        "exact": {
            "strong": 5.338908522389829e-05,
            "weak": 0.25947216153144836,
            "energy": 2.264275074005127
        }
    }
}