{
  "train": {
    "event_abs_mean": 0.01508246548473835,
    "event_active_fraction_gt_1e_6": 0.01508246548473835,
    "spike_mean": 0.020417971536517143,
    "spike_active_fraction_gt_0p5": 0.0007812500698491931,
    "spike_count_per_sample_mean": 2.0,
    "first_spike_flat_index_mean": 893.9091186523438,
    "mem_abs_mean": 1.2356479167938232
  },
  "test": {
    "event_abs_mean": 0.01416015625,
    "event_active_fraction_gt_1e_6": 0.01416015625,
    "spike_mean": 0.020437512546777725,
    "spike_active_fraction_gt_0p5": 0.00048828125,
    "spike_count_per_sample_mean": 1.25,
    "first_spike_flat_index_mean": 1084.666748046875,
    "mem_abs_mean": 1.2371329069137573
  }
}