{
  "observation_mode": "event_traces",
  "time_axis_size": 128,
  "records": [
    {
      "fraction": 0.25,
      "kept_steps": 32,
      "active_test_mae": 0.0021608956489957815,
      "test_mae": 0.0021608956489957815
    },
    {
      "fraction": 0.5,
      "kept_steps": 64,
      "active_test_mae": 0.0018941576857528554,
      "test_mae": 0.0018941576857528554
    },
    {
      "fraction": 0.75,
      "kept_steps": 96,
      "active_test_mae": 0.0018941576857528554,
      "test_mae": 0.0018941576857528554
    },
    {
      "fraction": 1.0,
      "kept_steps": 128,
      "active_test_mae": 0.0018941576857528554,
      "test_mae": 0.0018941576857528554
    }
  ]
}