{
    "train_mae": 0.0018815512047519012,
    "train_rmse": 0.0029883096654937918,
    "test_mae": 0.0026444443298663453,
    "test_rmse": 0.005051755128280848,
    "per_parameter_mae_train": {
        "s": 0.0038455003901724885,
        "t0": 0.00036594906353615053,
        "x0": 0.0014332041605470646
    },
    "per_parameter_mae_test": {
        "s": 0.005701303943593694,
        "t0": 0.00024947641962292516,
        "x0": 0.0019825526263824167
    },
    "per_parameter_rmse_train": {
        "s": 0.004842931797938744,
        "t0": 0.000439221773326015,
        "x0": 0.001772873318937652
    },
    "per_parameter_rmse_test": {
        "s": 0.008324018393438642,
        "t0": 0.00029347134486230154,
        "x0": 0.002680537629613774
    },
    "train_data_loss": 0.4965064823627472,
    "train_physics_loss": 0.0022980321664363146,
    "train_total_loss": 0.4965064823627472,
    "train_actual_physics_residual": 2.0537377354301611e-10,
    "test_data_loss": 0.926701545715332,
    "test_physics_loss": 0.006788915954530239,
    "test_total_loss": 0.926701545715332,
    "test_actual_physics_residual": 2.212605099138898e-10,
    "training_time_seconds": 4.3145359240006655,
    "evaluation_time_seconds": 0.13487462700140895,
    "parameter_names": [
        "s",
        "t0",
        "x0"
    ],
    "timestamp": "2026-05-26T06:44:30.648543"
}