{
    "train_mae": 0.001849622533125805,
    "train_rmse": 0.002617065700735184,
    "test_mae": 0.0025621134469408524,
    "test_rmse": 0.0038340031400292975,
    "per_parameter_mae_train": {
        "s": 0.0026176746498119408,
        "t0": 0.00046234628806510886,
        "x0": 0.002468846661500365
    },
    "per_parameter_mae_test": {
        "s": 0.0043630902614190115,
        "t0": 0.0001983760881044752,
        "x0": 0.003124873991299071
    },
    "per_parameter_rmse_train": {
        "s": 0.003545124166636169,
        "t0": 0.0005172800780791474,
        "x0": 0.002776979403929431
    },
    "per_parameter_rmse_test": {
        "s": 0.005817346005657158,
        "t0": 0.00024750980713043224,
        "x0": 0.0031931120523875285
    },
    "train_data_loss": 0.6252186894416809,
    "train_physics_loss": 0.0012314084451645613,
    "train_total_loss": 0.6252186894416809,
    "train_actual_physics_residual": 2.0537377354301611e-10,
    "test_data_loss": 0.6925272941589355,
    "test_physics_loss": 0.0033157651778310537,
    "test_total_loss": 0.6925272941589355,
    "test_actual_physics_residual": 2.212605099138898e-10,
    "training_time_seconds": 0.8129909150011372,
    "evaluation_time_seconds": 0.01757721299873083,
    "parameter_names": [
        "s",
        "t0",
        "x0"
    ],
    "timestamp": "2026-05-26T09:03:03.929811"
}