{
  "observation_mode": "event_traces",
  "time_axis_size": 128,
  "records": [
    {
      "fraction": 0.25,
      "kept_steps": 32,
      "active_test_mae": 0.006593050259738724,
      "test_mae": 0.0021976839166182793
    },
    {
      "fraction": 0.5,
      "kept_steps": 64,
      "active_test_mae": 0.006205442387227012,
      "test_mae": 0.002068481292447709
    },
    {
      "fraction": 0.75,
      "kept_steps": 96,
      "active_test_mae": 0.0062098852257491165,
      "test_mae": 0.0020699622386217433
    },
    {
      "fraction": 1.0,
      "kept_steps": 128,
      "active_test_mae": 0.0062098852257491165,
      "test_mae": 0.0020699622386217433
    }
  ]
}