{
    "train_mae": 0.0027687663654651527,
    "train_rmse": 0.004039834511583869,
    "test_mae": 0.002740430217312498,
    "test_rmse": 0.0039660005961902195,
    "per_parameter_mae_train": {
        "s": 0.005489526923830471,
        "t0": 0.0005089940347963454,
        "x0": 0.0023077781377686406
    },
    "per_parameter_mae_test": {
        "s": 0.0053475740050615925,
        "t0": 0.0007483320436426483,
        "x0": 0.0021253846032332534
    },
    "per_parameter_rmse_train": {
        "s": 0.006405752962209301,
        "t0": 0.0006061940926842014,
        "x0": 0.0027494811059714103
    },
    "per_parameter_rmse_test": {
        "s": 0.006371568257142425,
        "t0": 0.0007765337291421873,
        "x0": 0.002446956374564761
    },
    "train_data_loss": 1.0288937091827393,
    "train_physics_loss": 0.004020471125841141,
    "train_total_loss": 1.0288937091827393,
    "train_actual_physics_residual": 2.6906588068698056e-10,
    "test_data_loss": 1.1789157390594482,
    "test_physics_loss": 0.003977683838456869,
    "test_total_loss": 1.1789157390594482,
    "test_actual_physics_residual": 2.949215871517197e-10,
    "training_time_seconds": 3.22329238500015,
    "evaluation_time_seconds": 0.08230633900006978,
    "parameter_names": [
        "s",
        "t0",
        "x0"
    ],
    "timestamp": "2026-05-24T13:28:27.138010"
}