{
    "train_mae": 0.002888290108231477,
    "train_rmse": 0.004103804196465601,
    "test_mae": 0.002768705629259222,
    "test_rmse": 0.004191889213499666,
    "per_parameter_mae_train": {
        "s": 0.005281948052655749,
        "t0": 0.0005156334613760244,
        "x0": 0.0028672888106626576
    },
    "per_parameter_mae_test": {
        "s": 0.004998952611882879,
        "t0": 0.00041328808542274303,
        "x0": 0.0028938761904720445
    },
    "per_parameter_rmse_train": {
        "s": 0.00632185607374952,
        "t0": 0.0005965365989380965,
        "x0": 0.0031940423475135234
    },
    "per_parameter_rmse_test": {
        "s": 0.006606761896169861,
        "t0": 0.0004298265114426001,
        "x0": 0.0029802268289752143
    },
    "train_data_loss": 1.0327807664871216,
    "train_physics_loss": 0.003915866836905479,
    "train_total_loss": 1.0327807664871216,
    "train_actual_physics_residual": 2.0537377354301611e-10,
    "test_data_loss": 0.854831874370575,
    "test_physics_loss": 0.00427672453224659,
    "test_total_loss": 0.854831874370575,
    "test_actual_physics_residual": 2.212605099138898e-10,
    "training_time_seconds": 0.465483519999907,
    "evaluation_time_seconds": 0.11484015999985786,
    "parameter_names": [
        "s",
        "t0",
        "x0"
    ],
    "timestamp": "2026-05-26T18:40:42.819985"
}