{
  "train": {
    "event_abs_mean": 0.01538883801549673,
    "event_active_fraction_gt_1e_6": 0.01538883801549673,
    "spike_mean": 0.07007903605699539,
    "spike_active_fraction_gt_0p5": 0.008697151206433773,
    "spike_count_per_sample_mean": 22.264707565307617,
    "first_spike_flat_index_mean": 139.37255859375,
    "mem_abs_mean": 0.795813262462616
  },
  "test": {
    "event_abs_mean": 0.015349559485912323,
    "event_active_fraction_gt_1e_6": 0.015349559485912323,
    "spike_mean": 0.07005447894334793,
    "spike_active_fraction_gt_0p5": 0.008143029175698757,
    "spike_count_per_sample_mean": 20.846155166625977,
    "first_spike_flat_index_mean": 140.38461303710938,
    "mem_abs_mean": 0.7959477305412292
  }
}