{
  "observation_mode": "event_traces",
  "time_axis_size": 128,
  "records": [
    {
      "fraction": 0.25,
      "kept_steps": 32,
      "active_test_mae": 0.003015086354955519,
      "test_mae": 0.0030150863549555187
    },
    {
      "fraction": 0.5,
      "kept_steps": 64,
      "active_test_mae": 0.003017758152261629,
      "test_mae": 0.0030177581522616284
    },
    {
      "fraction": 0.75,
      "kept_steps": 96,
      "active_test_mae": 0.003017758152261629,
      "test_mae": 0.0030177581522616284
    },
    {
      "fraction": 1.0,
      "kept_steps": 128,
      "active_test_mae": 0.003017758152261629,
      "test_mae": 0.0030177581522616284
    }
  ]
}