{
    "train_mae": 0.0026599774873489737,
    "train_rmse": 0.003863936515166345,
    "test_mae": 0.002601658173486564,
    "test_rmse": 0.0042550370586534915,
    "per_parameter_mae_train": {
        "s": 0.005123316294650992,
        "t0": 0.00042974018854371966,
        "x0": 0.00242687597885221
    },
    "per_parameter_mae_test": {
        "s": 0.005828470183331451,
        "t0": 0.000549337055297349,
        "x0": 0.001427167281830891
    },
    "per_parameter_rmse_train": {
        "s": 0.0060702734729454096,
        "t0": 0.0005170298239157036,
        "x0": 0.0027702845168943373
    },
    "per_parameter_rmse_test": {
        "s": 0.0071526559968997806,
        "t0": 0.0005703225485003422,
        "x0": 0.0016823392916499853
    },
    "train_data_loss": 0.9336755871772766,
    "train_physics_loss": 0.00361038139089942,
    "train_total_loss": 0.9336755871772766,
    "train_actual_physics_residual": 2.364869966520189e-10,
    "test_data_loss": 0.9540377259254456,
    "test_physics_loss": 0.0050126961432397366,
    "test_total_loss": 0.9540377259254456,
    "test_actual_physics_residual": 3.2109151448800333e-10,
    "training_time_seconds": 0.6193381989978661,
    "evaluation_time_seconds": 0.018435578000207897,
    "parameter_names": [
        "s",
        "t0",
        "x0"
    ],
    "timestamp": "2026-05-26T08:09:18.235777"
}