{
  "train_observed_forward_residual": {
    "mean": 0.0022906243750427085,
    "median": 0.0023337509155724025,
    "max": 0.00356159651578106,
    "mse": 5.67689355927764e-06
  },
  "test_observed_forward_residual": {
    "mean": 0.002358782363994055,
    "median": 0.0023535983358260516,
    "max": 0.0030396378442747365,
    "mse": 5.973975392051749e-06
  },
  "train_clean_forward_residual": {
    "mean": 0.0016919993428291162,
    "median": 0.0017450971429537373,
    "max": 0.0032680217042024293,
    "mse": 3.755155311497352e-06
  },
  "test_clean_forward_residual": {
    "mean": 0.001629877585472259,
    "median": 0.0019643761178855215,
    "max": 0.0026561826463847435,
    "mse": 3.7585425214137333e-06
  },
  "train_observation_noise_floor": {
    "mean": 0.0014152128968944995,
    "median": 0.0014106759711393448,
    "max": 0.0015459872119667469,
    "mse": 2.0063566377951176e-06
  },
  "test_observation_noise_floor": {
    "mean": 0.0014601357929884093,
    "median": 0.0014542143921410608,
    "max": 0.0016499438430055671,
    "mse": 2.139673423864192e-06
  }
}
