{
    "train_mae": 0.00039555030635316657,
    "train_rmse": 0.0011523284311930487,
    "test_mae": 0.0004167871206872016,
    "test_rmse": 0.001160988435124977,
    "per_parameter_mae_train": {
        "a": 3.1167832073616546e-05,
        "d": 0.0021812976628820743,
        "epsilon": 1.341104512164737e-09,
        "k": 0.0,
        "mu1": 0.00016083500205879645,
        "mu2": 0.0
    },
    "per_parameter_mae_test": {
        "a": 2.8729258443397067e-05,
        "d": 0.0023197918654497872,
        "epsilon": 1.341104512164737e-09,
        "k": 0.0,
        "mu1": 0.00015220025912551354,
        "mu2": 0.0
    },
    "per_parameter_rmse_train": {
        "a": 3.7346320483296576e-05,
        "d": 0.002815818427986027,
        "epsilon": 1.3411045121647371e-09,
        "k": 0.0,
        "mu1": 0.0001921892634198245,
        "mu2": 0.0
    },
    "per_parameter_rmse_test": {
        "a": 3.681809959583544e-05,
        "d": 0.0028370541201500677,
        "epsilon": 1.3411045121647371e-09,
        "k": 0.0,
        "mu1": 0.000192699833532711,
        "mu2": 0.0
    },
    "train_data_loss": 0.0035144418943673372,
    "train_physics_loss": 0.001582628465257585,
    "train_total_loss": 0.0035144418943673372,
    "train_actual_physics_residual": 0.001583490171469748,
    "test_data_loss": 0.003507807618007064,
    "test_physics_loss": 0.0015787248266860843,
    "test_total_loss": 0.003507807618007064,
    "test_actual_physics_residual": 0.001579238916747272,
    "training_time_seconds": 110.985374529002,
    "evaluation_time_seconds": 0.18878754500110517,
    "parameter_names": [
        "a",
        "d",
        "epsilon",
        "k",
        "mu1",
        "mu2"
    ],
    "timestamp": "2026-05-11T01:30:46.191997"
}