{
    "train_mae": 0.0027182110657973063,
    "train_rmse": 0.0037637216431172203,
    "test_mae": 0.002851227639069034,
    "test_rmse": 0.003939132773858009,
    "per_parameter_mae_train": {
        "s": 0.005197826030662748,
        "t0": 0.0004974575119630181,
        "x0": 0.0024593496547661528
    },
    "per_parameter_mae_test": {
        "s": 0.005723387464482976,
        "t0": 0.000293838514647711,
        "x0": 0.0025364569380764146
    },
    "per_parameter_rmse_train": {
        "s": 0.005885146091953757,
        "t0": 0.0005775966613255489,
        "x0": 0.002743763727764103
    },
    "per_parameter_rmse_test": {
        "s": 0.006322922419129112,
        "t0": 0.00031686896974426063,
        "x0": 0.002543727023077461
    },
    "train_data_loss": 0.8761268258094788,
    "train_physics_loss": 0.0033935396932065487,
    "train_total_loss": 0.8761268258094788,
    "train_actual_physics_residual": 2.0537377354301611e-10,
    "test_data_loss": 0.6609488129615784,
    "test_physics_loss": 0.003917147871106863,
    "test_total_loss": 0.6609488129615784,
    "test_actual_physics_residual": 2.212605099138898e-10,
    "training_time_seconds": 0.3144920689992432,
    "evaluation_time_seconds": 0.019988555999589153,
    "parameter_names": [
        "s",
        "t0",
        "x0"
    ],
    "timestamp": "2026-05-26T09:21:19.662191"
}