{
    "train_mae": 4.833743358739409e-05,
    "train_rmse": 0.00010889511935511767,
    "test_mae": 5.581602377394929e-05,
    "test_rmse": 0.00011915573819558065,
    "per_parameter_mae_train": {
        "a": 3.416952931316752e-05,
        "d": 0.00019549396396240746,
        "epsilon": 9.499490256914545e-11,
        "k": 0.0,
        "mu1": 6.034909232492084e-05,
        "mu2": 1.1920928966180355e-08
    },
    "per_parameter_mae_test": {
        "a": 4.180619761714594e-05,
        "d": 0.00022113572053632555,
        "epsilon": 9.499490256914545e-11,
        "k": 0.0,
        "mu1": 7.194220856635548e-05,
        "mu2": 1.1920928966180355e-08
    },
    "per_parameter_rmse_train": {
        "a": 4.4104802941463464e-05,
        "d": 0.0002514693842436293,
        "epsilon": 9.499490256914543e-11,
        "k": 0.0,
        "mu1": 7.724504592334032e-05,
        "mu2": 1.1920928966180357e-08
    },
    "per_parameter_rmse_test": {
        "a": 5.2880547754808594e-05,
        "d": 0.0002718489895148974,
        "epsilon": 9.499490256914543e-11,
        "k": 0.0,
        "mu1": 9.214290041216182e-05,
        "mu2": 1.1920928966180355e-08
    },
    "train_data_loss": 0.0027383952401578426,
    "train_physics_loss": 0.0009684085380285978,
    "train_total_loss": 0.0027383952401578426,
    "train_actual_physics_residual": 0.0009683195385150611,
    "test_data_loss": 0.003756691236048937,
    "test_physics_loss": 0.000967302592471242,
    "test_total_loss": 0.003756691236048937,
    "test_actual_physics_residual": 0.0009672476444393396,
    "training_time_seconds": 87.4281129689989,
    "evaluation_time_seconds": 0.33828566200099885,
    "parameter_names": [
        "a",
        "d",
        "epsilon",
        "k",
        "mu1",
        "mu2"
    ],
    "timestamp": "2026-05-10T22:07:20.663359"
}