{
    "train_mae": 0.0029161719895041314,
    "train_rmse": 0.004228717913033427,
    "test_mae": 0.003016181972384323,
    "test_rmse": 0.0044722201342613606,
    "per_parameter_mae_train": {
        "s": 0.005781221718278825,
        "t0": 0.0005689599205946025,
        "x0": 0.002398334329638966
    },
    "per_parameter_mae_test": {
        "s": 0.006604960012863439,
        "t0": 0.00044087364024899937,
        "x0": 0.0020027122640405314
    },
    "per_parameter_rmse_train": {
        "s": 0.00673786472293723,
        "t0": 0.0006314282749656935,
        "x0": 0.0028015429450574604
    },
    "per_parameter_rmse_test": {
        "s": 0.007356471709839576,
        "t0": 0.0005171530845472958,
        "x0": 0.0023700496740261213
    },
    "train_data_loss": 1.0029441118240356,
    "train_physics_loss": 0.0044481707736849785,
    "train_total_loss": 1.0029441118240356,
    "train_actual_physics_residual": 2.6961671784064833e-10,
    "test_data_loss": 0.8611753582954407,
    "test_physics_loss": 0.005302442237734795,
    "test_total_loss": 0.8611753582954407,
    "test_actual_physics_residual": 3.0572303022502467e-10,
    "training_time_seconds": 5.3294864389972645,
    "evaluation_time_seconds": 0.055686054001853336,
    "parameter_names": [
        "s",
        "t0",
        "x0"
    ],
    "timestamp": "2026-05-26T01:28:24.413118"
}