{
    "train_mae": 0.0014412791757053211,
    "train_rmse": 0.0026479358683168834,
    "test_mae": 0.001283576635861418,
    "test_rmse": 0.002531786754567447,
    "per_parameter_mae_train": {
        "D": 1.4901161138336505e-09,
        "k_f": 0.0028825568612945284
    },
    "per_parameter_mae_test": {
        "D": 1.4901161138336505e-09,
        "k_f": 0.002567151781606722
    },
    "per_parameter_rmse_train": {
        "D": 1.4901161138336503e-09,
        "k_f": 0.0037447468172676183
    },
    "per_parameter_rmse_test": {
        "D": 1.4901161138336505e-09,
        "k_f": 0.003580487165345536
    },
    "train_data_loss": 0.00016212233458645642,
    "train_physics_loss": 3.2967313018161803e-05,
    "train_total_loss": 0.0001950896403286606,
    "train_actual_physics_residual": 3.219163409085013e-05,
    "test_data_loss": 0.0001482120278524235,
    "test_physics_loss": 3.2472966267960146e-05,
    "test_total_loss": 0.00018068499048240483,
    "test_actual_physics_residual": 3.153756551910192e-05,
    "training_time_seconds": 37.73442890300021,
    "evaluation_time_seconds": 0.16322654299983697,
    "parameter_names": [
        "D",
        "k_f"
    ],
    "timestamp": "2026-05-11T20:50:14.415610"
}