{
  "train": {
    "event_abs_mean": 0.015625,
    "event_active_fraction_gt_1e_6": 0.015625,
    "spike_mean": 0.13152877986431122,
    "spike_active_fraction_gt_0p5": 0.06694240868091583,
    "spike_count_per_sample_mean": 171.37255859375,
    "first_spike_flat_index_mean": 557.0098266601562,
    "mem_abs_mean": 2.1478488445281982
  },
  "test": {
    "event_abs_mean": 0.015625,
    "event_active_fraction_gt_1e_6": 0.015625,
    "spike_mean": 0.13152672350406647,
    "spike_active_fraction_gt_0p5": 0.06630108505487442,
    "spike_count_per_sample_mean": 169.73077392578125,
    "first_spike_flat_index_mean": 556.423095703125,
    "mem_abs_mean": 2.147818088531494
  }
}