{
    "train_mae": 0.0007292443108936405,
    "train_rmse": 0.001675358040988441,
    "test_mae": 0.0010460495646739403,
    "test_rmse": 0.002420995657034744,
    "per_parameter_mae_train": {
        "a": 0.0005360001931554715,
        "d": 0.002998146021902649,
        "epsilon": 9.499490256914545e-11,
        "k": 0.0,
        "mu1": 0.0008413076343798544,
        "mu2": 1.1920928966180355e-08
    },
    "per_parameter_mae_test": {
        "a": 0.0009041213244503743,
        "d": 0.004186325254681211,
        "epsilon": 9.499490256914545e-11,
        "k": 0.0,
        "mu1": 0.0011858387929881877,
        "mu2": 1.1920928966180355e-08
    },
    "per_parameter_rmse_train": {
        "a": 0.0007242666062182583,
        "d": 0.0038938488067828676,
        "epsilon": 9.499490256914543e-11,
        "k": 0.0,
        "mu1": 0.0010743959912054614,
        "mu2": 1.1920928966180355e-08
    },
    "per_parameter_rmse_test": {
        "a": 0.0011501302898418813,
        "d": 0.0055878618607022095,
        "epsilon": 9.499490256914545e-11,
        "k": 0.0,
        "mu1": 0.0016187402417442707,
        "mu2": 1.1920928966180354e-08
    },
    "train_data_loss": 0.1566624939441681,
    "train_physics_loss": 0.0,
    "train_total_loss": 0.1566624939441681,
    "train_actual_physics_residual": 0.0,
    "test_data_loss": 0.3644935190677643,
    "test_physics_loss": 0.0,
    "test_total_loss": 0.3644935190677643,
    "test_actual_physics_residual": 0.0,
    "training_time_seconds": 104.58623861100205,
    "evaluation_time_seconds": 0.3903751089965226,
    "parameter_names": [
        "a",
        "d",
        "epsilon",
        "k",
        "mu1",
        "mu2"
    ],
    "timestamp": "2026-06-18T02:08:21.095040"
}