{
    "train_mae": 0.0009867990461161233,
    "train_rmse": 0.0016538933756011143,
    "test_mae": 0.000812772017107056,
    "test_rmse": 0.0013997388267841307,
    "per_parameter_mae_train": {
        "s": 0.0,
        "t0": 0.0005688445004139212,
        "x0": 0.0023915526379344487
    },
    "per_parameter_mae_test": {
        "s": 0.0,
        "t0": 0.00043683026747120727,
        "x0": 0.002001485783849961
    },
    "per_parameter_rmse_train": {
        "s": 0.0,
        "t0": 0.0006303147433048695,
        "x0": 0.0027944218038700353
    },
    "per_parameter_rmse_test": {
        "s": 0.0,
        "t0": 0.000514216349912031,
        "x0": 0.002369258933739449
    },
    "train_data_loss": 1.0010937452316284,
    "train_physics_loss": 1.0023867152986199e-10,
    "train_total_loss": 1.0010937452316284,
    "train_actual_physics_residual": 1.0023444574347451e-10,
    "test_data_loss": 0.6928601264953613,
    "test_physics_loss": 9.956984542425218e-11,
    "test_total_loss": 0.6928601264953613,
    "test_actual_physics_residual": 9.955990198928788e-11,
    "training_time_seconds": 21.614462927000204,
    "evaluation_time_seconds": 0.3833159819987486,
    "parameter_names": [
        "s",
        "t0",
        "x0"
    ],
    "timestamp": "2026-05-24T20:27:10.676321"
}