{
    "train_mae": 0.0018537886358535212,
    "train_rmse": 0.003739883780972973,
    "test_mae": 0.0021848988158477325,
    "test_rmse": 0.004227972670464235,
    "per_parameter_mae_train": {
        "s": 0.005561364417444451,
        "t0": 1.4901161138336505e-09,
        "x0": 0.0
    },
    "per_parameter_mae_test": {
        "s": 0.006554694957427084,
        "t0": 1.4901161138336505e-09,
        "x0": 0.0
    },
    "per_parameter_rmse_train": {
        "s": 0.006477668723047813,
        "t0": 1.4901161138336503e-09,
        "x0": 0.0
    },
    "per_parameter_rmse_test": {
        "s": 0.00732306347825657,
        "t0": 1.4901161138336505e-09,
        "x0": 0.0
    },
    "train_data_loss": 0.9224100112915039,
    "train_physics_loss": 0.0041112531907856464,
    "train_total_loss": 0.9224100112915039,
    "train_actual_physics_residual": 2.7325863793947747e-10,
    "test_data_loss": 1.1788862943649292,
    "test_physics_loss": 0.005254392046481371,
    "test_total_loss": 1.1788862943649292,
    "test_actual_physics_residual": 3.07907949137487e-10,
    "training_time_seconds": 4.1613812600007805,
    "evaluation_time_seconds": 0.07068267800059402,
    "parameter_names": [
        "s",
        "t0",
        "x0"
    ],
    "timestamp": "2026-05-24T21:22:15.752614"
}