{
    "train_mae": 0.002756667990292322,
    "train_rmse": 0.0040231317126412786,
    "test_mae": 0.0027778409197733492,
    "test_rmse": 0.003976069725481584,
    "per_parameter_mae_train": {
        "s": 0.005461327729288769,
        "t0": 0.000510108694631346,
        "x0": 0.00229856754695685
    },
    "per_parameter_mae_test": {
        "s": 0.005388765399574062,
        "t0": 0.0007404837166661657,
        "x0": 0.0022042736430798204
    },
    "per_parameter_rmse_train": {
        "s": 0.006379968844680633,
        "t0": 0.000593283044871244,
        "x0": 0.002738755027627083
    },
    "per_parameter_rmse_test": {
        "s": 0.0063621683974048725,
        "t0": 0.0007602419123301599,
        "x0": 0.0025243290006401495
    },
    "train_data_loss": 1.0088016986846924,
    "train_physics_loss": 0.003988170996308327,
    "train_total_loss": 1.0088016986846924,
    "train_actual_physics_residual": 2.6906588068698056e-10,
    "test_data_loss": 1.171282172203064,
    "test_physics_loss": 0.003965956158936024,
    "test_total_loss": 1.171282172203064,
    "test_actual_physics_residual": 2.949215871517197e-10,
    "training_time_seconds": 1.7239149199999702,
    "evaluation_time_seconds": 0.06844816499960871,
    "parameter_names": [
        "s",
        "t0",
        "x0"
    ],
    "timestamp": "2026-05-26T13:48:59.537269"
}