{
    "train_mae": 0.002772836356615583,
    "train_rmse": 0.00404079490916814,
    "test_mae": 0.002706203677944927,
    "test_rmse": 0.003940644168034377,
    "per_parameter_mae_train": {
        "s": 0.005459380644226106,
        "t0": 0.0005102768440091315,
        "x0": 0.0023488515816115097
    },
    "per_parameter_mae_test": {
        "s": 0.005408939279344194,
        "t0": 0.000742018536269132,
        "x0": 0.0019676532182214546
    },
    "per_parameter_rmse_train": {
        "s": 0.006375963907584825,
        "t0": 0.0005937721215134214,
        "x0": 0.0028246396957429093
    },
    "per_parameter_rmse_test": {
        "s": 0.0063898891491905,
        "t0": 0.0007619872814353688,
        "x0": 0.002274801402579637
    },
    "train_data_loss": 1.0302387475967407,
    "train_physics_loss": 0.003983166068792343,
    "train_total_loss": 1.0302387475967407,
    "train_actual_physics_residual": 2.6906588068698056e-10,
    "test_data_loss": 1.1233450174331665,
    "test_physics_loss": 0.004000591579824686,
    "test_total_loss": 1.1233450174331665,
    "test_actual_physics_residual": 2.949215871517197e-10,
    "training_time_seconds": 7.131141288002254,
    "evaluation_time_seconds": 0.16953307799849426,
    "parameter_names": [
        "s",
        "t0",
        "x0"
    ],
    "timestamp": "2026-05-24T12:33:19.516365"
}