{
    "train_mae": 1.995575018301116e-05,
    "train_rmse": 5.0652268126225814e-05,
    "test_mae": 3.0271024285141334e-05,
    "test_rmse": 8.291403942061625e-05,
    "per_parameter_mae_train": {
        "a": 1.4599120398462522e-05,
        "beta": 0.0,
        "d": 9.481419762503315e-05,
        "epsilon": 4.749745128457272e-11,
        "gamma": 1.032113557712002e-05,
        "k": 0.0
    },
    "per_parameter_mae_test": {
        "a": 1.4811910255781799e-05,
        "beta": 0.0,
        "d": 0.00015748409480932326,
        "epsilon": 4.749745128457272e-11,
        "gamma": 9.330093148291666e-06,
        "k": 0.0
    },
    "per_parameter_rmse_train": {
        "a": 1.8585219051396182e-05,
        "beta": 0.0,
        "d": 0.00012189336178755729,
        "epsilon": 4.7497451284572716e-11,
        "gamma": 1.3802593340508876e-05,
        "k": 0.0
    },
    "per_parameter_rmse_test": {
        "a": 2.0007058304352008e-05,
        "beta": 0.0,
        "d": 0.0002017339267776677,
        "epsilon": 4.7497451284572716e-11,
        "gamma": 1.2311295753398036e-05,
        "k": 0.0
    },
    "train_data_loss": 0.00025447760708630085,
    "train_physics_loss": 0.0,
    "train_total_loss": 0.00025447760708630085,
    "train_actual_physics_residual": 0.0,
    "test_data_loss": 0.0004990933230146766,
    "test_physics_loss": 0.0,
    "test_total_loss": 0.0004990933230146766,
    "test_actual_physics_residual": 0.0,
    "training_time_seconds": 133.99168279601145,
    "evaluation_time_seconds": 0.8263232040044386,
    "parameter_names": [
        "a",
        "beta",
        "d",
        "epsilon",
        "gamma",
        "k"
    ],
    "timestamp": "2026-06-12T02:31:07.287713"
}