{
  "train": {
    "event_abs_mean": 0.015543620102107525,
    "event_active_fraction_gt_1e_6": 0.015543620102107525,
    "spike_mean": 0.06276939809322357,
    "spike_active_fraction_gt_0p5": 0.005045573227107525,
    "spike_count_per_sample_mean": 12.916666984558105,
    "first_spike_flat_index_mean": 700.3333740234375,
    "mem_abs_mean": 1.2876172065734863
  },
  "test": {
    "event_abs_mean": 0.015625,
    "event_active_fraction_gt_1e_6": 0.015625,
    "spike_mean": 0.06278934329748154,
    "spike_active_fraction_gt_0p5": 0.0054687499068677425,
    "spike_count_per_sample_mean": 14.0,
    "first_spike_flat_index_mean": 985.75,
    "mem_abs_mean": 1.2872501611709595
  }
}