{
  "observation_mode": "event_traces",
  "time_axis_size": 128,
  "records": [
    {
      "fraction": 0.25,
      "kept_steps": 32,
      "active_test_mae": 0.0031300439431453976,
      "test_mae": 0.0031300439431453976
    },
    {
      "fraction": 0.5,
      "kept_steps": 64,
      "active_test_mae": 0.0015083098471798105,
      "test_mae": 0.0015083098471798105
    },
    {
      "fraction": 0.75,
      "kept_steps": 96,
      "active_test_mae": 0.0015083098471798105,
      "test_mae": 0.0015083098471798105
    },
    {
      "fraction": 1.0,
      "kept_steps": 128,
      "active_test_mae": 0.0015083098471798105,
      "test_mae": 0.0015083098471798105
    }
  ]
}