{
  "observation_mode": "event_traces",
  "time_axis_size": 128,
  "records": [
    {
      "fraction": 0.25,
      "kept_steps": 32,
      "active_test_mae": 0.003015887972278752,
      "test_mae": 0.0030158879722787515
    },
    {
      "fraction": 0.5,
      "kept_steps": 64,
      "active_test_mae": 0.0030265595917001484,
      "test_mae": 0.0030265595917001484
    },
    {
      "fraction": 0.75,
      "kept_steps": 96,
      "active_test_mae": 0.003026500510260613,
      "test_mae": 0.0030265005102606125
    },
    {
      "fraction": 1.0,
      "kept_steps": 128,
      "active_test_mae": 0.003026500510260613,
      "test_mae": 0.0030265005102606125
    }
  ]
}