{
  "train_polynomial_residual": {
    "mean": 0.0014228808263368209,
    "median": 0.0014348976953869408,
    "max": 0.0015383178547097778,
    "mse": 2.0289924447688206e-06
  },
  "test_polynomial_residual": {
    "mean": 0.00144548056443204,
    "median": 0.0014345058512540121,
    "max": 0.0016045799167383593,
    "mse": 2.0951007745542286e-06
  },
  "train_forward_linear_error": {
    "mean": 0.005768768100491698,
    "median": 0.004989610158051312,
    "max": 0.013244869135405634,
    "mse": 4.8734152053776936e-05
  },
  "test_forward_linear_error": {
    "mean": 0.0033545003450898185,
    "median": 0.0027049270328736103,
    "max": 0.007504996496545234,
    "mse": 1.4784841816903225e-05
  },
  "train_forward_quadratic_error": {
    "mean": 0.0014444147940737204,
    "median": 0.001454674951950868,
    "max": 0.001562722759636788,
    "mse": 2.091385279256205e-06
  },
  "test_forward_quadratic_error": {
    "mean": 0.0014719237706796661,
    "median": 0.0014738504572611643,
    "max": 0.0016433244406337943,
    "mse": 2.172533511119097e-06
  },
  "train_observed_forward_residual": {
    "mean": 0.0014285714445865247,
    "median": 0.0014389466639287594,
    "max": 0.0015423640571052058,
    "mse": 2.0454112139385564e-06
  },
  "test_observed_forward_residual": {
    "mean": 0.001449550016364303,
    "median": 0.00143816995351597,
    "max": 0.001605166640330437,
    "mse": 2.106476374400036e-06
  },
  "train_clean_forward_residual": {
    "mean": 0.00021023180288093569,
    "median": 0.00017059866482411768,
    "max": 0.0006119244970941813,
    "mse": 6.268458942109834e-08
  },
  "test_clean_forward_residual": {
    "mean": 0.0002601194289717192,
    "median": 0.0002920176937728197,
    "max": 0.0003582344096081294,
    "mse": 7.784667316569819e-08
  },
  "train_observation_noise_floor": {
    "mean": 0.0014152128968944995,
    "median": 0.0014106759711393448,
    "max": 0.0015459872119667469,
    "mse": 2.0063566377951176e-06
  },
  "test_observation_noise_floor": {
    "mean": 0.0014601357929884093,
    "median": 0.0014542143921410608,
    "max": 0.0016499438430055671,
    "mse": 2.139673423864192e-06
  }
}
