{
    "train_mae": 0.002747990293959777,
    "train_rmse": 0.003995923142660549,
    "test_mae": 0.0027907739814464405,
    "test_rmse": 0.003977038693502077,
    "per_parameter_mae_train": {
        "s": 0.0053999100540809445,
        "t0": 0.0005346651835911351,
        "x0": 0.0023093956442072515
    },
    "per_parameter_mae_test": {
        "s": 0.0055026102710950585,
        "t0": 0.0007329792626403102,
        "x0": 0.002136732410603953
    },
    "per_parameter_rmse_train": {
        "s": 0.006322829239792191,
        "t0": 0.0005974557797514012,
        "x0": 0.0027508330159828035
    },
    "per_parameter_rmse_test": {
        "s": 0.006390765778338208,
        "t0": 0.0007586505724056588,
        "x0": 0.0024562313376894967
    },
    "train_data_loss": 1.0104188919067383,
    "train_physics_loss": 0.0039170547388494015,
    "train_total_loss": 1.0104188919067383,
    "train_actual_physics_residual": 2.6906588068698056e-10,
    "test_data_loss": 1.1569037437438965,
    "test_physics_loss": 0.004001689609140158,
    "test_total_loss": 1.1569037437438965,
    "test_actual_physics_residual": 2.949215871517197e-10,
    "training_time_seconds": 12.023086121000233,
    "evaluation_time_seconds": 0.20868755200172018,
    "parameter_names": [
        "s",
        "t0",
        "x0"
    ],
    "timestamp": "2026-05-26T21:52:00.269842"
}