{
    "train_mae": 7.376809327607721e-05,
    "train_rmse": 0.00013833295154389084,
    "test_mae": 0.00011912641215625736,
    "test_rmse": 0.0002157407870009574,
    "per_parameter_mae_train": {
        "alpha": 4.6682738105650043e-05,
        "beta": 0.0,
        "gamma": 0.0001746215417225816
    },
    "per_parameter_mae_test": {
        "alpha": 2.9025417643729107e-05,
        "beta": 0.0,
        "gamma": 0.00032835381882504296
    },
    "per_parameter_rmse_train": {
        "alpha": 6.613766892009472e-05,
        "beta": 0.0,
        "gamma": 0.00023029074058317952
    },
    "per_parameter_rmse_test": {
        "alpha": 3.164066758403037e-05,
        "beta": 0.0,
        "gamma": 0.00037233201538709276
    },
    "train_data_loss": 1.913600548284445e-08,
    "train_physics_loss": 2.0329637538676874e-06,
    "train_total_loss": 2.0520997593505318e-06,
    "train_actual_physics_residual": 2.0329637538676874e-06,
    "test_data_loss": 4.654408717579247e-08,
    "test_physics_loss": 2.0358920278301125e-06,
    "test_total_loss": 2.082436115005905e-06,
    "test_actual_physics_residual": 2.0358920278301125e-06,
    "training_time_seconds": 0.4340649639998446,
    "evaluation_time_seconds": 5.1590004659374245e-06,
    "parameter_names": [
        "alpha",
        "beta",
        "gamma"
    ],
    "timestamp": "2026-07-01T15:29:12.285292"
}