{
    "train_mae": 4.719351856782524e-05,
    "train_rmse": 0.00011881719884485268,
    "test_mae": 5.373835497377411e-05,
    "test_rmse": 0.0001385916865135549,
    "per_parameter_mae_train": {
        "a": 4.423687769268901e-05,
        "beta": 0.0,
        "d": 0.00020566899559023642,
        "epsilon": 2.2351741811588166e-10,
        "gamma": 3.3255014606607874e-05,
        "k": 0.0
    },
    "per_parameter_mae_test": {
        "a": 6.021818969975454e-05,
        "beta": 0.0,
        "d": 0.00022495852431245403,
        "epsilon": 2.2351741811588166e-10,
        "gamma": 3.7253192313017986e-05,
        "k": 0.0
    },
    "per_parameter_rmse_train": {
        "a": 5.311767811131021e-05,
        "beta": 0.0,
        "d": 0.00028349344941076897,
        "epsilon": 2.2351741811588166e-10,
        "gamma": 3.892475897447066e-05,
        "k": 0.0
    },
    "per_parameter_rmse_test": {
        "a": 7.333502266838535e-05,
        "beta": 0.0,
        "d": 0.0003283054969990459,
        "epsilon": 2.2351741811588169e-10,
        "gamma": 4.5644370018829296e-05,
        "k": 0.0
    },
    "train_data_loss": 0.0018444069428369403,
    "train_physics_loss": 0.0,
    "train_total_loss": 0.0018444069428369403,
    "train_actual_physics_residual": 0.0,
    "test_data_loss": 0.0027574545238167048,
    "test_physics_loss": 0.0,
    "test_total_loss": 0.0027574545238167048,
    "test_actual_physics_residual": 0.0,
    "training_time_seconds": 165.13734874301008,
    "evaluation_time_seconds": 0.8617336739989696,
    "parameter_names": [
        "a",
        "beta",
        "d",
        "epsilon",
        "gamma",
        "k"
    ],
    "timestamp": "2026-06-02T14:39:03.376994"
}