{
    "train_mae": 0.0005105762810917994,
    "train_rmse": 0.0011696798533256338,
    "test_mae": 0.0005931884152753456,
    "test_rmse": 0.0012900066093137982,
    "per_parameter_mae_train": {
        "a": 0.0003383948978679607,
        "d": 0.0021306716907468944,
        "epsilon": 9.499490256914545e-11,
        "k": 0.0,
        "mu1": 0.0005943790820120715,
        "mu2": 1.1920928966180355e-08
    },
    "per_parameter_mae_test": {
        "a": 0.00039415737001319924,
        "d": 0.002457170630623765,
        "epsilon": 9.499490256914545e-11,
        "k": 0.0,
        "mu1": 0.0007077904750912407,
        "mu2": 1.1920928966180355e-08
    },
    "per_parameter_rmse_train": {
        "a": 0.00043809199181750556,
        "d": 0.002723658967784921,
        "epsilon": 9.499490256914543e-11,
        "k": 0.0,
        "mu1": 0.0007737331513017185,
        "mu2": 1.1920928966180357e-08
    },
    "per_parameter_rmse_test": {
        "a": 0.0004818233793040632,
        "d": 0.0029993120549887046,
        "epsilon": 9.499490256914543e-11,
        "k": 0.0,
        "mu1": 0.0008698711055397928,
        "mu2": 1.1920928966180355e-08
    },
    "train_data_loss": 0.28353816270828247,
    "train_physics_loss": 0.0,
    "train_total_loss": 0.28353816270828247,
    "train_actual_physics_residual": 0.0,
    "test_data_loss": 0.35045182704925537,
    "test_physics_loss": 0.0,
    "test_total_loss": 0.35045182704925537,
    "test_actual_physics_residual": 0.0,
    "training_time_seconds": 169.2610725980012,
    "evaluation_time_seconds": 0.13739151000118,
    "parameter_names": [
        "a",
        "d",
        "epsilon",
        "k",
        "mu1",
        "mu2"
    ],
    "timestamp": "2026-06-19T18:56:53.807707"
}