{
  "observation_mode": "event_traces",
  "time_axis_size": 128,
  "records": [
    {
      "fraction": 0.25,
      "kept_steps": 32,
      "active_test_mae": 0.0028848496257760856,
      "test_mae": 0.0028848496257760856
    },
    {
      "fraction": 0.5,
      "kept_steps": 64,
      "active_test_mae": 0.0028862553019820387,
      "test_mae": 0.0028862553019820387
    },
    {
      "fraction": 0.75,
      "kept_steps": 96,
      "active_test_mae": 0.0028862553019820387,
      "test_mae": 0.0028862553019820387
    },
    {
      "fraction": 1.0,
      "kept_steps": 128,
      "active_test_mae": 0.0028862553019820387,
      "test_mae": 0.0028862553019820387
    }
  ]
}