{
    "train_mae": 0.0015483126210043027,
    "train_rmse": 0.0026285079517604777,
    "test_mae": 0.0016166420052073198,
    "test_rmse": 0.002848052265412128,
    "per_parameter_mae_train": {
        "s": 0.003242112947201836,
        "t0": 0.0003859903863363036,
        "x0": 0.0010168345294747684
    },
    "per_parameter_mae_test": {
        "s": 0.003997147544820501,
        "t0": 0.0002716916638233549,
        "x0": 0.0005810868069781039
    },
    "per_parameter_rmse_train": {
        "s": 0.004356147567648201,
        "t0": 0.0005029757027888443,
        "x0": 0.0012239918172442636
    },
    "per_parameter_rmse_test": {
        "s": 0.004859648015793047,
        "t0": 0.00035888969563521294,
        "x0": 0.0007676095807915787
    },
    "train_data_loss": 0.4614022672176361,
    "train_physics_loss": 0.0018592886626720428,
    "train_total_loss": 0.4614022672176361,
    "train_actual_physics_residual": 2.0537377354301611e-10,
    "test_data_loss": 0.35105985403060913,
    "test_physics_loss": 0.002313906792551279,
    "test_total_loss": 0.35105985403060913,
    "test_actual_physics_residual": 2.212605099138898e-10,
    "training_time_seconds": 3.829317577999973,
    "evaluation_time_seconds": 0.07320725400040828,
    "parameter_names": [
        "s",
        "t0",
        "x0"
    ],
    "timestamp": "2026-05-26T18:38:03.669951"
}