{
    "train_mae": 0.002875138870398489,
    "train_rmse": 0.00413952823619585,
    "test_mae": 0.0028104968061293803,
    "test_rmse": 0.004283843519531289,
    "per_parameter_mae_train": {
        "s": 0.00572041415403287,
        "t0": 0.0005558630412644382,
        "x0": 0.0023491394158981593
    },
    "per_parameter_mae_test": {
        "s": 0.005938163489572008,
        "t0": 0.0004607345956340608,
        "x0": 0.0020325923331820737
    },
    "per_parameter_rmse_train": {
        "s": 0.006599566714472265,
        "t0": 0.000620980583527715,
        "x0": 0.0027326149291291516
    },
    "per_parameter_rmse_test": {
        "s": 0.006969354032647489,
        "t0": 0.0005464773826383072,
        "x0": 0.0024866468863462736
    },
    "train_data_loss": 0.9621564149856567,
    "train_physics_loss": 0.004267442971467972,
    "train_total_loss": 0.9621564149856567,
    "train_actual_physics_residual": 2.6961671784064833e-10,
    "test_data_loss": 0.8709423542022705,
    "test_physics_loss": 0.004759069066494703,
    "test_total_loss": 0.8709423542022705,
    "test_actual_physics_residual": 3.0572303022502467e-10,
    "training_time_seconds": 28.743442848000086,
    "evaluation_time_seconds": 0.3629441009998118,
    "parameter_names": [
        "s",
        "t0",
        "x0"
    ],
    "timestamp": "2026-05-24T15:06:53.115694"
}