{
  "train": {
    "event_abs_mean": 0.015069699846208096,
    "event_active_fraction_gt_1e_6": 0.015069699846208096,
    "spike_mean": 0.10663454234600067,
    "spike_active_fraction_gt_0p5": 0.007146140094846487,
    "spike_count_per_sample_mean": 18.294118881225586,
    "first_spike_flat_index_mean": 143.05882263183594,
    "mem_abs_mean": 1.4641319513320923
  },
  "test": {
    "event_abs_mean": 0.015249399468302727,
    "event_active_fraction_gt_1e_6": 0.015249399468302727,
    "spike_mean": 0.10663362592458725,
    "spike_active_fraction_gt_0p5": 0.007181490305811167,
    "spike_count_per_sample_mean": 18.38461685180664,
    "first_spike_flat_index_mean": 143.07693481445312,
    "mem_abs_mean": 1.463675618171692
  }
}