{
    "train_mae": 0.0004387472238516331,
    "train_rmse": 0.0006865316640686149,
    "test_mae": 0.00277691662940772,
    "test_rmse": 0.004178717430649145,
    "per_parameter_mae_train": {
        "s": 0.0008299147894951384,
        "t0": 9.145789797589502e-05,
        "x0": 0.00039486898408386587
    },
    "per_parameter_mae_test": {
        "s": 0.005757053262500234,
        "t0": 0.0005948649845072113,
        "x0": 0.0019788316412157145
    },
    "per_parameter_rmse_train": {
        "s": 0.0010725047705067315,
        "t0": 0.00011124181940524227,
        "x0": 0.0005013341721468612
    },
    "per_parameter_rmse_test": {
        "s": 0.006742269504215839,
        "t0": 0.0006863270593014757,
        "x0": 0.002540825691743666
    },
    "train_data_loss": 0.032570745795965195,
    "train_physics_loss": 0.00011270277900621295,
    "train_total_loss": 0.032570745795965195,
    "train_actual_physics_residual": 2.6906588068698056e-10,
    "test_data_loss": 1.1150015592575073,
    "test_physics_loss": 0.004453990142792463,
    "test_total_loss": 1.1150015592575073,
    "test_actual_physics_residual": 2.949215871517197e-10,
    "training_time_seconds": 5.8415097879988025,
    "evaluation_time_seconds": 0.07552620400019805,
    "parameter_names": [
        "s",
        "t0",
        "x0"
    ],
    "timestamp": "2026-05-26T10:37:14.630168"
}