{
    "train_mae": 8.7003336623812e-05,
    "train_rmse": 0.00013719780300344063,
    "test_mae": 0.002568356331807869,
    "test_rmse": 0.0046544820528579755,
    "per_parameter_mae_train": {
        "s": 0.00018756221132308162,
        "t0": 1.6908402563804714e-05,
        "x0": 5.653939598454968e-05
    },
    "per_parameter_mae_test": {
        "s": 0.004959907048087242,
        "t0": 0.00033799493435836964,
        "x0": 0.0024071670129779954
    },
    "per_parameter_rmse_train": {
        "s": 0.00022607604653020696,
        "t0": 2.0066575628692238e-05,
        "x0": 7.040358779723073e-05
    },
    "per_parameter_rmse_test": {
        "s": 0.007479405998025156,
        "t0": 0.0003838810589700581,
        "x0": 0.0029839119944127597
    },
    "train_data_loss": 0.0010020247427746654,
    "train_physics_loss": 5.008454536437057e-06,
    "train_total_loss": 0.0010020247427746654,
    "train_actual_physics_residual": 2.0537377354301611e-10,
    "test_data_loss": 0.9265528917312622,
    "test_physics_loss": 0.006046614143997431,
    "test_total_loss": 0.9265528917312622,
    "test_actual_physics_residual": 2.212605099138898e-10,
    "training_time_seconds": 1.5104361919984512,
    "evaluation_time_seconds": 0.03371967999919434,
    "parameter_names": [
        "s",
        "t0",
        "x0"
    ],
    "timestamp": "2026-05-26T06:10:31.250486"
}