{
    "train_mae": 0.004102211013016368,
    "train_rmse": 0.011407527669270131,
    "test_mae": 0.0038948328863935913,
    "test_rmse": 0.011082683953381156,
    "per_parameter_mae_train": {
        "a": 0.00042468208001208497,
        "beta": 0.0,
        "d": 0.02393792191108811,
        "epsilon": 4.749745128457272e-11,
        "gamma": 0.000250662039500561,
        "k": 0.0
    },
    "per_parameter_mae_test": {
        "a": 0.000421127378723089,
        "beta": 0.0,
        "d": 0.022696795075119493,
        "epsilon": 4.749745128457272e-11,
        "gamma": 0.0002510748170215131,
        "k": 0.0
    },
    "per_parameter_rmse_train": {
        "a": 0.0005055646824368416,
        "beta": 0.0,
        "d": 0.027936184532659333,
        "epsilon": 4.7497451284572716e-11,
        "gamma": 0.0003226813599508758,
        "k": 0.0
    },
    "per_parameter_rmse_test": {
        "a": 0.0005369115567126661,
        "beta": 0.0,
        "d": 0.02713962720029704,
        "epsilon": 4.7497451284572716e-11,
        "gamma": 0.00032812051499180327,
        "k": 0.0
    },
    "train_data_loss": 0.3032448887825012,
    "train_physics_loss": 1.885995629891113e-06,
    "train_total_loss": 0.3032448887825012,
    "train_actual_physics_residual": 1.8851492313842755e-06,
    "test_data_loss": 0.28659772872924805,
    "test_physics_loss": 1.5998298295016866e-06,
    "test_total_loss": 0.28659772872924805,
    "test_actual_physics_residual": 1.5993412034731591e-06,
    "training_time_seconds": 79.60214678400007,
    "evaluation_time_seconds": 0.2132930860025226,
    "parameter_names": [
        "a",
        "beta",
        "d",
        "epsilon",
        "gamma",
        "k"
    ],
    "timestamp": "2026-05-11T01:24:46.351667"
}