{
    "train_mae": 0.00286159670033293,
    "train_rmse": 0.004148873873859367,
    "test_mae": 0.0030295459681521585,
    "test_rmse": 0.004484037464950587,
    "per_parameter_mae_train": {
        "s": 0.005686563790095301,
        "t0": 0.0005458381787489279,
        "x0": 0.0023523881321545624
    },
    "per_parameter_mae_test": {
        "s": 0.006568468215342875,
        "t0": 0.0004615574382191039,
        "x0": 0.002058612250894498
    },
    "per_parameter_rmse_train": {
        "s": 0.006616650271628564,
        "t0": 0.0006099750852116008,
        "x0": 0.00273629911412426
    },
    "per_parameter_rmse_test": {
        "s": 0.007353170759294928,
        "t0": 0.000534452207274745,
        "x0": 0.002442338343479597
    },
    "train_data_loss": 0.9532493948936462,
    "train_physics_loss": 0.004289564676582813,
    "train_total_loss": 0.9532493948936462,
    "train_actual_physics_residual": 2.6961671784064833e-10,
    "test_data_loss": 0.8909661769866943,
    "test_physics_loss": 0.005297684110701084,
    "test_total_loss": 0.8909661769866943,
    "test_actual_physics_residual": 3.0572303022502467e-10,
    "training_time_seconds": 3.825851718999729,
    "evaluation_time_seconds": 0.05639259400004448,
    "parameter_names": [
        "s",
        "t0",
        "x0"
    ],
    "timestamp": "2026-05-24T14:12:33.533046"
}