{
    "train_mae": 0.0003536374662955179,
    "train_rmse": 0.0010266339547312909,
    "test_mae": 0.00043375642065901,
    "test_rmse": 0.0013346823570550067,
    "per_parameter_mae_train": {
        "a": 4.12546125395803e-05,
        "d": 0.00186846848475457,
        "epsilon": 1.341104512164737e-09,
        "k": 0.0,
        "mu1": 0.0002121003593744449,
        "mu2": 0.0
    },
    "per_parameter_mae_test": {
        "a": 4.943699926505044e-05,
        "d": 0.0022561628946742296,
        "epsilon": 1.341104512164737e-09,
        "k": 0.0,
        "mu1": 0.0002969372889102678,
        "mu2": 0.0
    },
    "per_parameter_rmse_train": {
        "a": 5.145593901749182e-05,
        "d": 0.0024995938127519894,
        "epsilon": 1.3411045121647371e-09,
        "k": 0.0,
        "mu1": 0.0002706413117638607,
        "mu2": 0.0
    },
    "per_parameter_rmse_test": {
        "a": 6.373990788725689e-05,
        "d": 0.0032475238024143815,
        "epsilon": 1.3411045121647371e-09,
        "k": 0.0,
        "mu1": 0.0003711985214089859,
        "mu2": 0.0
    },
    "train_data_loss": 0.0014445330016314983,
    "train_physics_loss": 0.0016571239102631807,
    "train_total_loss": 0.0014445330016314983,
    "train_actual_physics_residual": 0.001658676192164421,
    "test_data_loss": 0.0025126123800873756,
    "test_physics_loss": 0.001644170144572854,
    "test_total_loss": 0.0025126123800873756,
    "test_actual_physics_residual": 0.0016455514123663306,
    "training_time_seconds": 85.32192892699823,
    "evaluation_time_seconds": 0.5352043090024381,
    "parameter_names": [
        "a",
        "d",
        "epsilon",
        "k",
        "mu1",
        "mu2"
    ],
    "timestamp": "2026-05-11T04:16:45.830614"
}