{
    "train_mae": 0.002950934710835381,
    "train_rmse": 0.004065562063020139,
    "test_mae": 0.0028294936745860907,
    "test_rmse": 0.004150601304249541,
    "per_parameter_mae_train": {
        "s": 0.005468262238116158,
        "t0": 0.0005018005795693082,
        "x0": 0.0028827413148206776
    },
    "per_parameter_mae_test": {
        "s": 0.005471975072820379,
        "t0": 0.00016734814520858593,
        "x0": 0.0028491578057293077
    },
    "per_parameter_rmse_train": {
        "s": 0.006262238610540637,
        "t0": 0.0005941520508014767,
        "x0": 0.0031650806608976277
    },
    "per_parameter_rmse_test": {
        "s": 0.006592607578526607,
        "t0": 0.0002067448614501521,
        "x0": 0.002859590082220086
    },
    "train_data_loss": 1.0173746347427368,
    "train_physics_loss": 0.003842356149107218,
    "train_total_loss": 1.0173746347427368,
    "train_actual_physics_residual": 2.0537377354301611e-10,
    "test_data_loss": 0.6917486190795898,
    "test_physics_loss": 0.004258420784026384,
    "test_total_loss": 0.6917486190795898,
    "test_actual_physics_residual": 2.212605099138898e-10,
    "training_time_seconds": 0.4709989200000564,
    "evaluation_time_seconds": 0.10142831600023783,
    "parameter_names": [
        "s",
        "t0",
        "x0"
    ],
    "timestamp": "2026-05-26T17:18:12.885293"
}