{
  "train": {
    "event_abs_mean": 0.015625,
    "event_active_fraction_gt_1e_6": 0.015625,
    "spike_mean": 0.10519400238990784,
    "spike_active_fraction_gt_0p5": 0.005953125189989805,
    "spike_count_per_sample_mean": 15.239999771118164,
    "first_spike_flat_index_mean": 158.55999755859375,
    "mem_abs_mean": 1.469600796699524
  },
  "test": {
    "event_abs_mean": 0.015625,
    "event_active_fraction_gt_1e_6": 0.015625,
    "spike_mean": 0.10518132895231247,
    "spike_active_fraction_gt_0p5": 0.0058035715483129025,
    "spike_count_per_sample_mean": 14.85714340209961,
    "first_spike_flat_index_mean": 163.2857208251953,
    "mem_abs_mean": 1.4697920083999634
  }
}