{
    "train_mae": 0.0016567107579477211,
    "train_rmse": 0.0027793267872678533,
    "test_mae": 0.0019117382381106855,
    "test_rmse": 0.0032831402663441446,
    "per_parameter_mae_train": {
        "s": 0.0037004563731975505,
        "t0": 0.0005078228064074852,
        "x0": 0.000761853094238129
    },
    "per_parameter_mae_test": {
        "s": 0.0044378184313134715,
        "t0": 0.00037863431022424373,
        "x0": 0.0009187619727943416
    },
    "per_parameter_rmse_train": {
        "s": 0.004679304651156502,
        "t0": 0.0005819010104394815,
        "x0": 0.0009692633114838149
    },
    "per_parameter_rmse_test": {
        "s": 0.005556170434596672,
        "t0": 0.00045309752702401077,
        "x0": 0.0011228102057736417
    },
    "train_data_loss": 0.48587659001350403,
    "train_physics_loss": 0.002145354403182864,
    "train_total_loss": 0.48587659001350403,
    "train_actual_physics_residual": 2.6961671784064833e-10,
    "test_data_loss": 0.4529479146003723,
    "test_physics_loss": 0.003024738747626543,
    "test_total_loss": 0.4529479146003723,
    "test_actual_physics_residual": 3.0572303022502467e-10,
    "training_time_seconds": 11.078375404998951,
    "evaluation_time_seconds": 0.09033343299961416,
    "parameter_names": [
        "s",
        "t0",
        "x0"
    ],
    "timestamp": "2026-05-24T02:37:31.015889"
}