{
    "train_mae": 0.002756823213458067,
    "train_rmse": 0.003933722701282085,
    "test_mae": 0.0025735209833112997,
    "test_rmse": 0.0042031566977244516,
    "per_parameter_mae_train": {
        "s": 0.005224272257785758,
        "t0": 0.00043079906486904573,
        "x0": 0.0026153983177193973
    },
    "per_parameter_mae_test": {
        "s": 0.005655872476491812,
        "t0": 0.0005476436447645339,
        "x0": 0.0015170468286775532
    },
    "per_parameter_rmse_train": {
        "s": 0.006102866808861088,
        "t0": 0.0005192762085105849,
        "x0": 0.002984609154365544
    },
    "per_parameter_rmse_test": {
        "s": 0.007029984604548645,
        "t0": 0.0005681593533918676,
        "x0": 0.0018044639330948471
    },
    "train_data_loss": 0.9851588010787964,
    "train_physics_loss": 0.0036492550279945135,
    "train_total_loss": 0.9851588010787964,
    "train_actual_physics_residual": 2.364869966520189e-10,
    "test_data_loss": 0.9511880874633789,
    "test_physics_loss": 0.0048422301188111305,
    "test_total_loss": 0.9511880874633789,
    "test_actual_physics_residual": 3.2109151448800333e-10,
    "training_time_seconds": 0.6049303480031085,
    "evaluation_time_seconds": 0.02733731799889938,
    "parameter_names": [
        "s",
        "t0",
        "x0"
    ],
    "timestamp": "2026-05-26T08:50:52.861764"
}