{
    "train_mae": 0.0028492484212028868,
    "train_rmse": 0.0041435234771849275,
    "test_mae": 0.0030094310784520087,
    "test_rmse": 0.004467330623911645,
    "per_parameter_mae_train": {
        "s": 0.005622898525192207,
        "t0": 0.0005584018841442588,
        "x0": 0.0023664448542721947
    },
    "per_parameter_mae_test": {
        "s": 0.00657045938947604,
        "t0": 0.00045062584551818527,
        "x0": 0.002007208000361802
    },
    "per_parameter_rmse_train": {
        "s": 0.006593182579224722,
        "t0": 0.0006203562890921591,
        "x0": 0.0027661276126634956
    },
    "per_parameter_rmse_test": {
        "s": 0.007347095741170644,
        "t0": 0.0005243337513644358,
        "x0": 0.0023698917691043903
    },
    "train_data_loss": 0.9687322378158569,
    "train_physics_loss": 0.004259190522134304,
    "train_total_loss": 0.9687322378158569,
    "train_actual_physics_residual": 2.6961671784064833e-10,
    "test_data_loss": 0.8664363026618958,
    "test_physics_loss": 0.005288935266435146,
    "test_total_loss": 0.8664363026618958,
    "test_actual_physics_residual": 3.0572303022502467e-10,
    "training_time_seconds": 15.593822125000315,
    "evaluation_time_seconds": 0.17051717999993343,
    "parameter_names": [
        "s",
        "t0",
        "x0"
    ],
    "timestamp": "2026-05-26T04:04:45.404913"
}