{
  "train_polynomial_residual": {
    "mean": 1.4186525337552532e-05,
    "median": 1.4339810239034482e-05,
    "max": 1.538869623847609e-05,
    "mse": 2.016669721930267e-10
  },
  "test_polynomial_residual": {
    "mean": 1.4447963616158393e-05,
    "median": 1.4337345967747284e-05,
    "max": 1.604561924461125e-05,
    "mse": 2.0932114813959973e-10
  },
  "train_forward_linear_error": {
    "mean": 0.00021952449848541787,
    "median": 0.0002001097408940606,
    "max": 0.0005165740572920418,
    "mse": 7.581874720281461e-08
  },
  "test_forward_linear_error": {
    "mean": 0.00011368509433184943,
    "median": 8.403370908429506e-05,
    "max": 0.00030453019550453044,
    "mse": 2.057311336816846e-08
  },
  "train_forward_quadratic_error": {
    "mean": 1.4343905777389597e-05,
    "median": 1.4374300910030481e-05,
    "max": 1.5457850164637733e-05,
    "mse": 2.0617351209710238e-10
  },
  "test_forward_quadratic_error": {
    "mean": 1.4681821648270122e-05,
    "median": 1.4707423584635622e-05,
    "max": 1.6444613592930653e-05,
    "mse": 2.161969866816859e-10
  },
  "train_observed_forward_residual": {
    "mean": 1.4216031225191872e-05,
    "median": 1.4348998890545132e-05,
    "max": 1.5419716792785557e-05,
    "mse": 2.0249140963331548e-10
  },
  "test_observed_forward_residual": {
    "mean": 1.4470299855420296e-05,
    "median": 1.4348973716039211e-05,
    "max": 1.604934793433332e-05,
    "mse": 2.0994425890019868e-10
  },
  "train_clean_forward_residual": {
    "mean": 1.8126705251656285e-06,
    "median": 1.5285563788324572e-06,
    "max": 4.860489690812533e-06,
    "mse": 4.484641692746953e-12
  },
  "test_clean_forward_residual": {
    "mean": 2.4235513375611123e-06,
    "median": 2.5531441173674768e-06,
    "max": 3.631864049002523e-06,
    "mse": 6.790939489748537e-12
  },
  "train_observation_noise_floor": {
    "mean": 1.4152128968948476e-05,
    "median": 1.4106759711430909e-05,
    "max": 1.5459872119662822e-05,
    "mse": 2.0063566377960442e-10
  },
  "test_observation_noise_floor": {
    "mean": 1.4601357929880484e-05,
    "median": 1.4542143921397978e-05,
    "max": 1.649943843001017e-05,
    "mse": 2.13967342386293e-10
  }
}
