{
  "train_observed_forward_residual": {
    "mean": 0.0014079073473844423,
    "median": 0.0014271376777021225,
    "max": 0.0015272319816748469,
    "mse": 1.986996868484029e-06
  },
  "test_observed_forward_residual": {
    "mean": 0.0013702756433220883,
    "median": 0.0013623593798091286,
    "max": 0.0014565016539485583,
    "mse": 1.8808270909184409e-06
  },
  "train_clean_forward_residual": {
    "mean": 0.00012161879389206014,
    "median": 0.00013110815271418064,
    "max": 0.00021268605632223926,
    "mse": 1.7311151002317076e-08
  },
  "test_clean_forward_residual": {
    "mean": 0.0001245671783648051,
    "median": 0.00011663765368728962,
    "max": 0.00020687756141597147,
    "mse": 1.6844772545033703e-08
  },
  "train_observation_noise_floor": {
    "mean": 0.0014134642406194787,
    "median": 0.0014339923449357712,
    "max": 0.001531237899332812,
    "mse": 2.0025988529166245e-06
  },
  "test_observation_noise_floor": {
    "mean": 0.0013765334995131107,
    "median": 0.0013693375603808817,
    "max": 0.001459799170993348,
    "mse": 1.8979072195759565e-06
  }
}
