{
    "train_mae": 0.002170301802175056,
    "train_rmse": 0.004701576713123986,
    "test_mae": 0.0022151313667255544,
    "test_rmse": 0.0046947079856430865,
    "per_parameter_mae_train": {
        "a": 0.0,
        "b": 0.0,
        "p": 0.006510905406525168
    },
    "per_parameter_mae_test": {
        "a": 0.0,
        "b": 0.0,
        "p": 0.006645394100176663
    },
    "per_parameter_rmse_train": {
        "a": 0.0,
        "b": 0.0,
        "p": 0.008143369742813428
    },
    "per_parameter_rmse_test": {
        "a": 0.0,
        "b": 0.0,
        "p": 0.008131472757833165
    },
    "train_data_loss": 4.009760596090928e-05,
    "train_physics_loss": 4.4798620365327224e-05,
    "train_total_loss": 8.48962226882577e-05,
    "train_actual_physics_residual": 717.4524536132812,
    "test_data_loss": 3.998071406385861e-05,
    "test_physics_loss": 4.449369225767441e-05,
    "test_total_loss": 8.447440632153302e-05,
    "test_actual_physics_residual": 589.5128173828125,
    "training_time_seconds": 19.91168889200003,
    "evaluation_time_seconds": 0.10673679899991839,
    "parameter_names": [
        "a",
        "b",
        "p"
    ],
    "timestamp": "2026-05-11T20:41:33.287158"
}