{
  "train": {
    "event_abs_mean": 0.01503906212747097,
    "event_active_fraction_gt_1e_6": 0.01503906212747097,
    "spike_mean": 0.04129931703209877,
    "spike_active_fraction_gt_0p5": 0.0052187503315508366,
    "spike_count_per_sample_mean": 13.359999656677246,
    "first_spike_flat_index_mean": 908.6799926757812,
    "mem_abs_mean": 1.3266544342041016
  },
  "test": {
    "event_abs_mean": 0.01492745615541935,
    "event_active_fraction_gt_1e_6": 0.01492745615541935,
    "spike_mean": 0.04134877771139145,
    "spike_active_fraction_gt_0p5": 0.0051897321827709675,
    "spike_count_per_sample_mean": 13.285715103149414,
    "first_spike_flat_index_mean": 908.4285888671875,
    "mem_abs_mean": 1.3264788389205933
  }
}