{
    "train_mae": 0.002860838158330743,
    "train_rmse": 0.004019917088483536,
    "test_mae": 0.002457732219833611,
    "test_rmse": 0.003942061250339673,
    "per_parameter_mae_train": {
        "s": 0.005495292193393668,
        "t0": 0.00045872047877174195,
        "x0": 0.002628501802826819
    },
    "per_parameter_mae_test": {
        "s": 0.005193340433034781,
        "t0": 0.0005644191591628363,
        "x0": 0.001615437067303216
    },
    "per_parameter_rmse_train": {
        "s": 0.006252602347070023,
        "t0": 0.0005316644351227631,
        "x0": 0.0030168687430323967
    },
    "per_parameter_rmse_test": {
        "s": 0.00653620584202428,
        "t0": 0.0005884232408176623,
        "x0": 0.001884492500553418
    },
    "train_data_loss": 1.0245330333709717,
    "train_physics_loss": 0.0038305206689983606,
    "train_total_loss": 1.0245330333709717,
    "train_actual_physics_residual": 2.364869966520189e-10,
    "test_data_loss": 0.931212842464447,
    "test_physics_loss": 0.004185894504189491,
    "test_total_loss": 0.931212842464447,
    "test_actual_physics_residual": 3.2109151448800333e-10,
    "training_time_seconds": 2.79577966099896,
    "evaluation_time_seconds": 0.15093426599923987,
    "parameter_names": [
        "s",
        "t0",
        "x0"
    ],
    "timestamp": "2026-05-26T21:48:21.923017"
}