{
    "train_mae": 0.002499084703887678,
    "train_rmse": 0.0035905602086562308,
    "test_mae": 0.0025874760619755996,
    "test_rmse": 0.0035794411235560222,
    "per_parameter_mae_train": {
        "s": 0.004754235241977922,
        "t0": 0.000512121958287787,
        "x0": 0.0022308969113973244
    },
    "per_parameter_mae_test": {
        "s": 0.004773935073122284,
        "t0": 0.0007450354482893017,
        "x0": 0.002243457664515212
    },
    "per_parameter_rmse_train": {
        "s": 0.005594212339866219,
        "t0": 0.0005885607208038516,
        "x0": 0.0026523107680609
    },
    "per_parameter_rmse_test": {
        "s": 0.005554883084987289,
        "t0": 0.0007630313323172739,
        "x0": 0.002645421208245717
    },
    "train_data_loss": 0.9041662216186523,
    "train_physics_loss": 0.003066302975639701,
    "train_total_loss": 0.9041662216186523,
    "train_actual_physics_residual": 2.6906588068698056e-10,
    "test_data_loss": 1.1229298114776611,
    "test_physics_loss": 0.0030233412981033325,
    "test_total_loss": 1.1229298114776611,
    "test_actual_physics_residual": 2.949215871517197e-10,
    "training_time_seconds": 1.6049661829997603,
    "evaluation_time_seconds": 0.06684496200023204,
    "parameter_names": [
        "s",
        "t0",
        "x0"
    ],
    "timestamp": "2026-05-26T13:55:43.920358"
}