{
  "train_observed_forward_residual": {
    "mean": 0.00014092670835575937,
    "median": 0.00014088220233114017,
    "max": 0.0001541257692857147,
    "mse": 1.9897286511332695e-08
  },
  "test_observed_forward_residual": {
    "mean": 0.00014429089659591027,
    "median": 0.00014309747420041783,
    "max": 0.00016047294327730828,
    "mse": 2.088059499096228e-08
  },
  "train_clean_forward_residual": {
    "mean": 1.1897147292747055e-05,
    "median": 1.1081983751288183e-05,
    "max": 2.3367039537570224e-05,
    "mse": 1.670342562369026e-10
  },
  "test_clean_forward_residual": {
    "mean": 2.030804187668315e-05,
    "median": 1.945427475394701e-05,
    "max": 3.851204543983263e-05,
    "mse": 5.143996244139295e-10
  },
  "train_observation_noise_floor": {
    "mean": 0.0001415212896894404,
    "median": 0.000141067597113979,
    "max": 0.00015459872119666696,
    "mse": 2.0063566377948375e-08
  },
  "test_observation_noise_floor": {
    "mean": 0.00014601357929882954,
    "median": 0.00014542143921412385,
    "max": 0.00016499438430060733,
    "mse": 2.139673423863915e-08
  }
}
