{
  "observation_mode": "event_traces",
  "time_axis_size": 128,
  "records": [
    {
      "fraction": 0.25,
      "kept_steps": 32,
      "active_test_mae": 0.0012523441515051605,
      "test_mae": 0.0008348961010034403
    },
    {
      "fraction": 0.5,
      "kept_steps": 64,
      "active_test_mae": 0.0012378032410685794,
      "test_mae": 0.0008252021607123861
    },
    {
      "fraction": 0.75,
      "kept_steps": 96,
      "active_test_mae": 0.0012180697199293403,
      "test_mae": 0.0008120464799528935
    },
    {
      "fraction": 1.0,
      "kept_steps": 128,
      "active_test_mae": 0.0012180697199293403,
      "test_mae": 0.0008120464799528935
    }
  ]
}