{
  "train_observed_forward_residual": {
    "mean": 1.405038196581854e-05,
    "median": 1.4115940589898694e-05,
    "max": 1.5680924336288638e-05,
    "mse": 1.9791036763748512e-10
  },
  "test_observed_forward_residual": {
    "mean": 1.4174317843092463e-05,
    "median": 1.4397410904515328e-05,
    "max": 1.542864581289863e-05,
    "mse": 2.0174686409297446e-10
  },
  "train_clean_forward_residual": {
    "mean": 1.1421848109127068e-06,
    "median": 1.0119565541976415e-06,
    "max": 2.4211246479210117e-06,
    "mse": 1.6266501562858121e-12
  },
  "test_clean_forward_residual": {
    "mean": 1.5574839317109636e-06,
    "median": 1.6764560271514044e-06,
    "max": 2.2095324229176567e-06,
    "mse": 2.554338099839303e-12
  },
  "train_observation_noise_floor": {
    "mean": 1.4108564902479159e-05,
    "median": 1.4169152917293253e-05,
    "max": 1.5721282214395744e-05,
    "mse": 1.9954105670175514e-10
  },
  "test_observation_noise_floor": {
    "mean": 1.4262986068045213e-05,
    "median": 1.4494687025683646e-05,
    "max": 1.5470605833418225e-05,
    "mse": 2.042845010692848e-10
  }
}
