{
  "train_polynomial_residual": {
    "mean": 0.0014042399465085524,
    "median": 0.0014111345597655305,
    "max": 0.0015681272189332946,
    "mse": 1.9767597753562372e-06
  },
  "test_polynomial_residual": {
    "mean": 0.0014175034742225177,
    "median": 0.001439723889901203,
    "max": 0.0015429136618240694,
    "mse": 2.0176673386382877e-06
  },
  "train_forward_linear_error": {
    "mean": 0.0014393598579408187,
    "median": 0.0014380991058596177,
    "max": 0.0016032385393494628,
    "mse": 2.07850992432573e-06
  },
  "test_forward_linear_error": {
    "mean": 0.0014395643187521442,
    "median": 0.0014499504432429631,
    "max": 0.0015580924980630767,
    "mse": 2.0794206660505973e-06
  },
  "train_forward_quadratic_error": {
    "mean": 0.0014109137416538353,
    "median": 0.0014169829650272601,
    "max": 0.0015721319929765615,
    "mse": 1.995567488498586e-06
  },
  "test_forward_quadratic_error": {
    "mean": 0.0014263218977693737,
    "median": 0.0014494693017343848,
    "max": 0.0015471346288881973,
    "mse": 2.042927578050557e-06
  },
  "train_observed_forward_residual": {
    "mean": 0.001404229306024303,
    "median": 0.0014112974957206435,
    "max": 0.0015681190844088798,
    "mse": 1.9767317554530895e-06
  },
  "test_observed_forward_residual": {
    "mean": 0.0014175007174550586,
    "median": 0.0014397237983969913,
    "max": 0.0015429025164830977,
    "mse": 2.0176577010976857e-06
  },
  "train_clean_forward_residual": {
    "mean": 0.00012249916597960905,
    "median": 0.00011214420357142847,
    "max": 0.0002467579618921345,
    "mse": 1.8810395705760522e-08
  },
  "test_clean_forward_residual": {
    "mean": 0.00015482352884302003,
    "median": 0.0001677998746214007,
    "max": 0.00022120388920297292,
    "mse": 2.5265674540463234e-08
  },
  "train_observation_noise_floor": {
    "mean": 0.001410856490247535,
    "median": 0.0014169152917322017,
    "max": 0.0015721282214450946,
    "mse": 1.995410567016613e-06
  },
  "test_observation_noise_floor": {
    "mean": 0.0014262986068045997,
    "median": 0.0014494687025661745,
    "max": 0.0015470605833430198,
    "mse": 2.0428450106932822e-06
  }
}
