{
  "observation_mode": "event_traces",
  "time_axis_size": 128,
  "records": [
    {
      "fraction": 0.25,
      "kept_steps": 32,
      "active_test_mae": 0.00659369473500089,
      "test_mae": 0.002197898741705668
    },
    {
      "fraction": 0.5,
      "kept_steps": 64,
      "active_test_mae": 0.006601021521335588,
      "test_mae": 0.0022003410038172336
    },
    {
      "fraction": 0.75,
      "kept_steps": 96,
      "active_test_mae": 0.006601021521335588,
      "test_mae": 0.0022003410038172336
    },
    {
      "fraction": 1.0,
      "kept_steps": 128,
      "active_test_mae": 0.006601021521335588,
      "test_mae": 0.0022003410038172336
    }
  ]
}