{
    "train_mae": 8.640914294198834e-05,
    "train_rmse": 0.00020388748275964826,
    "test_mae": 0.0006033021497738004,
    "test_rmse": 0.00146251076106054,
    "per_parameter_mae_train": {
        "a": 5.332105937303664e-05,
        "d": 0.0003775483942725118,
        "epsilon": 9.499490256914545e-11,
        "k": 0.0,
        "mu1": 8.757338808251291e-05,
        "mu2": 1.1920928966180355e-08
    },
    "per_parameter_mae_test": {
        "a": 0.0004104832401595912,
        "d": 0.0025586988738569515,
        "epsilon": 9.499490256914545e-11,
        "k": 0.0,
        "mu1": 0.0006506187687023906,
        "mu2": 1.1920928966180355e-08
    },
    "per_parameter_rmse_train": {
        "a": 6.47329907395461e-05,
        "d": 0.0004834413097451097,
        "epsilon": 9.499490256914543e-11,
        "k": 0.0,
        "mu1": 0.00010730691289998204,
        "mu2": 1.1920928966180355e-08
    },
    "per_parameter_rmse_test": {
        "a": 0.0005474584719157489,
        "d": 0.003432882853528293,
        "epsilon": 9.499490256914545e-11,
        "k": 0.0,
        "mu1": 0.0008655812455479131,
        "mu2": 1.1920928966180354e-08
    },
    "train_data_loss": 0.006455943454056978,
    "train_physics_loss": 0.0,
    "train_total_loss": 0.006455943454056978,
    "train_actual_physics_residual": 0.0,
    "test_data_loss": 0.4038914442062378,
    "test_physics_loss": 0.0,
    "test_total_loss": 0.4038914442062378,
    "test_actual_physics_residual": 0.0,
    "training_time_seconds": 114.74281185600557,
    "evaluation_time_seconds": 0.4381558539971593,
    "parameter_names": [
        "a",
        "d",
        "epsilon",
        "k",
        "mu1",
        "mu2"
    ],
    "timestamp": "2026-06-18T05:21:39.362664"
}