{
    "train_mae": 0.0028941507948747657,
    "train_rmse": 0.004186693769637704,
    "test_mae": 0.002991224055708853,
    "test_rmse": 0.0044857645323853074,
    "per_parameter_mae_train": {
        "s": 0.005725091202553021,
        "t0": 0.0005651496790683541,
        "x0": 0.002392211503002922
    },
    "per_parameter_mae_test": {
        "s": 0.006522650583401299,
        "t0": 0.0004435409481026981,
        "x0": 0.0020074806356225627
    },
    "per_parameter_rmse_train": {
        "s": 0.006661303922103009,
        "t0": 0.0006279896291537566,
        "x0": 0.0027960460019856447
    },
    "per_parameter_rmse_test": {
        "s": 0.007379001223977906,
        "t0": 0.0005176445752086978,
        "x0": 0.0023766857912453365
    },
    "train_data_loss": 0.9904659390449524,
    "train_physics_loss": 0.004347657319158316,
    "train_total_loss": 0.9904659390449524,
    "train_actual_physics_residual": 2.6961671784064833e-10,
    "test_data_loss": 0.8653784394264221,
    "test_physics_loss": 0.0053349691443145275,
    "test_total_loss": 0.8653784394264221,
    "test_actual_physics_residual": 3.0572303022502467e-10,
    "training_time_seconds": 9.60271658000056,
    "evaluation_time_seconds": 0.07405470499725197,
    "parameter_names": [
        "s",
        "t0",
        "x0"
    ],
    "timestamp": "2026-05-26T01:56:08.208626"
}