{
  "observation_mode": "event_traces",
  "time_axis_size": 128,
  "records": [
    {
      "fraction": 0.25,
      "kept_steps": 32,
      "active_test_mae": 0.006590388969702193,
      "test_mae": 0.002196796819939436
    },
    {
      "fraction": 0.5,
      "kept_steps": 64,
      "active_test_mae": 0.006593268332542112,
      "test_mae": 0.002197756607552742
    },
    {
      "fraction": 0.75,
      "kept_steps": 96,
      "active_test_mae": 0.006593268332542112,
      "test_mae": 0.002197756607552742
    },
    {
      "fraction": 1.0,
      "kept_steps": 128,
      "active_test_mae": 0.006593268332542112,
      "test_mae": 0.002197756607552742
    }
  ]
}