{
  "observation_mode": "event_traces",
  "time_axis_size": 128,
  "records": [
    {
      "fraction": 0.25,
      "kept_steps": 32,
      "active_test_mae": 0.0030058861296817507,
      "test_mae": 0.0030058861296817507
    },
    {
      "fraction": 0.5,
      "kept_steps": 64,
      "active_test_mae": 0.003010792337004825,
      "test_mae": 0.003010792337004825
    },
    {
      "fraction": 0.75,
      "kept_steps": 96,
      "active_test_mae": 0.0030142538003339447,
      "test_mae": 0.0030142538003339447
    },
    {
      "fraction": 1.0,
      "kept_steps": 128,
      "active_test_mae": 0.003017855200849917,
      "test_mae": 0.003017855200849917
    }
  ]
}