{
    "train_mae": 0.0029137708461670292,
    "train_rmse": 0.004217204206211504,
    "test_mae": 0.003017855200849917,
    "test_rmse": 0.004521197254041229,
    "per_parameter_mae_train": {
        "s": 0.0057809251336597,
        "t0": 0.0005646608183532424,
        "x0": 0.0023957265864881457
    },
    "per_parameter_mae_test": {
        "s": 0.006603758750022581,
        "t0": 0.0004381928640380678,
        "x0": 0.0020116139884891024
    },
    "per_parameter_rmse_train": {
        "s": 0.00671614308175007,
        "t0": 0.0006267836526187379,
        "x0": 0.00280267698976079
    },
    "per_parameter_rmse_test": {
        "s": 0.0074439759530977815,
        "t0": 0.0005134485019235149,
        "x0": 0.0023763977940202577
    },
    "train_data_loss": 0.9961465001106262,
    "train_physics_loss": 0.004419535398483276,
    "train_total_loss": 0.9961465001106262,
    "train_actual_physics_residual": 2.6961671784064833e-10,
    "test_data_loss": 0.8687286376953125,
    "test_physics_loss": 0.0054293349385261536,
    "test_total_loss": 0.8687286376953125,
    "test_actual_physics_residual": 3.0572303022502467e-10,
    "training_time_seconds": 5.128851304999898,
    "evaluation_time_seconds": 0.09339382999996815,
    "parameter_names": [
        "s",
        "t0",
        "x0"
    ],
    "timestamp": "2026-05-26T04:20:08.772854"
}