{
    "train_mae": 0.0021728339980927923,
    "train_rmse": 0.00336757884394743,
    "test_mae": 0.0026872134962261907,
    "test_rmse": 0.003919516139835513,
    "per_parameter_mae_train": {
        "s": 0.004465740613796711,
        "t0": 0.0003124107997123058,
        "x0": 0.0017403505807693613
    },
    "per_parameter_mae_test": {
        "s": 0.004632920909025178,
        "t0": 0.0006796778232172041,
        "x0": 0.0027490417564361904
    },
    "per_parameter_rmse_train": {
        "s": 0.005426252467273724,
        "t0": 0.0003854543603887672,
        "x0": 0.0021045120356201455
    },
    "per_parameter_rmse_test": {
        "s": 0.0060090076298178665,
        "t0": 0.0007958118526632293,
        "x0": 0.0030571769839583427
    },
    "train_data_loss": 0.5845224261283875,
    "train_physics_loss": 0.0028849386144429445,
    "train_total_loss": 0.5845224261283875,
    "train_actual_physics_residual": 2.6906588068698056e-10,
    "test_data_loss": 1.3200573921203613,
    "test_physics_loss": 0.003537881886586547,
    "test_total_loss": 1.3200573921203613,
    "test_actual_physics_residual": 2.949215871517197e-10,
    "training_time_seconds": 2.5465825659994152,
    "evaluation_time_seconds": 0.07352506800089031,
    "parameter_names": [
        "s",
        "t0",
        "x0"
    ],
    "timestamp": "2026-05-24T12:57:41.974728"
}