{
    "train_mae": 0.002916154967681356,
    "train_rmse": 0.0042373740298383275,
    "test_mae": 0.003011441015118078,
    "test_rmse": 0.004456860453510175,
    "per_parameter_mae_train": {
        "s": 0.0057814376218589675,
        "t0": 0.000567765344172229,
        "x0": 0.0023992619370128703
    },
    "per_parameter_mae_test": {
        "s": 0.006591636082269801,
        "t0": 0.00044052604200807367,
        "x0": 0.002002160921076359
    },
    "per_parameter_rmse_train": {
        "s": 0.006755789471218067,
        "t0": 0.0006302406516312388,
        "x0": 0.0027978780080367073
    },
    "per_parameter_rmse_test": {
        "s": 0.007326951896936818,
        "t0": 0.00051660128884224,
        "x0": 0.002374808269003891
    },
    "train_data_loss": 1.002579689025879,
    "train_physics_loss": 0.004471869673579931,
    "train_total_loss": 1.002579689025879,
    "train_actual_physics_residual": 2.6961671784064833e-10,
    "test_data_loss": 0.8584803938865662,
    "test_physics_loss": 0.005259972531348467,
    "test_total_loss": 0.8584803938865662,
    "test_actual_physics_residual": 3.0572303022502467e-10,
    "training_time_seconds": 21.664318202000686,
    "evaluation_time_seconds": 0.21258807600042928,
    "parameter_names": [
        "s",
        "t0",
        "x0"
    ],
    "timestamp": "2026-05-24T14:24:20.127547"
}