{
    "train_mae": 0.0027589669470432544,
    "train_rmse": 0.004012953741959759,
    "test_mae": 0.0027511650662394404,
    "test_rmse": 0.003954826290778283,
    "per_parameter_mae_train": {
        "s": 0.005427720880102027,
        "t0": 0.000525266495302839,
        "x0": 0.0023239134657248965
    },
    "per_parameter_mae_test": {
        "s": 0.0054570448126506094,
        "t0": 0.0007364741580618519,
        "x0": 0.0020599762280058597
    },
    "per_parameter_rmse_train": {
        "s": 0.00634670311270307,
        "t0": 0.0005934197268710507,
        "x0": 0.002771029742224349
    },
    "per_parameter_rmse_test": {
        "s": 0.006377881821420128,
        "t0": 0.0007579349994862634,
        "x0": 0.002381199483295294
    },
    "train_data_loss": 1.013353705406189,
    "train_physics_loss": 0.003946690820157528,
    "train_total_loss": 1.013353705406189,
    "train_actual_physics_residual": 2.6906588068698056e-10,
    "test_data_loss": 1.1383094787597656,
    "test_physics_loss": 0.003985570278018713,
    "test_total_loss": 1.1383094787597656,
    "test_actual_physics_residual": 2.949215871517197e-10,
    "training_time_seconds": 4.0698860189995685,
    "evaluation_time_seconds": 0.10013614200033771,
    "parameter_names": [
        "s",
        "t0",
        "x0"
    ],
    "timestamp": "2026-05-26T14:19:43.185326"
}