{
  "train_observed_forward_residual": {
    "mean": 0.00014075882535749426,
    "median": 0.00014269329746099255,
    "max": 0.0001527206996633898,
    "mse": 1.986116433237397e-08
  },
  "test_observed_forward_residual": {
    "mean": 0.00013702470093144548,
    "median": 0.00013623418334690298,
    "max": 0.00014564804257526565,
    "mse": 1.8807471100164007e-08
  },
  "train_clean_forward_residual": {
    "mean": 1.1755350463399724e-05,
    "median": 1.2531895398640867e-05,
    "max": 2.119291294176315e-05,
    "mse": 1.6475582073876896e-10
  },
  "test_clean_forward_residual": {
    "mean": 1.257841788776648e-05,
    "median": 1.1708042131156674e-05,
    "max": 2.0685337926733036e-05,
    "mse": 1.716177175772318e-10
  },
  "train_observation_noise_floor": {
    "mean": 0.00014134642406194586,
    "median": 0.00014339923449353773,
    "max": 0.0001531237899332567,
    "mse": 2.0025988529165586e-08
  },
  "test_observation_noise_floor": {
    "mean": 0.00013765334995130823,
    "median": 0.00013693375603809714,
    "max": 0.00014597991709933597,
    "mse": 1.897907219575881e-08
  }
}
