{
    "train_mae": 0.0027435302354475916,
    "train_rmse": 0.003994230947301721,
    "test_mae": 0.0028139334425901297,
    "test_rmse": 0.003988271366748095,
    "per_parameter_mae_train": {
        "s": 0.005391083352007634,
        "t0": 0.0005384458419297192,
        "x0": 0.0023010615124054216
    },
    "per_parameter_mae_test": {
        "s": 0.005545415575989139,
        "t0": 0.0007312255105921112,
        "x0": 0.002165159241189139
    },
    "per_parameter_rmse_train": {
        "s": 0.006323297834027033,
        "t0": 0.0006002549360922226,
        "x0": 0.0027417587594524766
    },
    "per_parameter_rmse_test": {
        "s": 0.0064009070860315,
        "t0": 0.0007592650956594523,
        "x0": 0.002484115632367612
    },
    "train_data_loss": 1.011431336402893,
    "train_physics_loss": 0.003917636349797249,
    "train_total_loss": 1.011431336402893,
    "train_actual_physics_residual": 2.6906588068698056e-10,
    "test_data_loss": 1.1650210618972778,
    "test_physics_loss": 0.0040143998339772224,
    "test_total_loss": 1.1650210618972778,
    "test_actual_physics_residual": 2.949215871517197e-10,
    "training_time_seconds": 5.529625321998537,
    "evaluation_time_seconds": 0.135732836999523,
    "parameter_names": [
        "s",
        "t0",
        "x0"
    ],
    "timestamp": "2026-05-26T21:52:37.875043"
}