{
  "train": {
    "event_abs_mean": 0.014849495142698288,
    "event_active_fraction_gt_1e_6": 0.014849495142698288,
    "spike_mean": 0.040923889726400375,
    "spike_active_fraction_gt_0p5": 0.0024050245992839336,
    "spike_count_per_sample_mean": 6.156862735748291,
    "first_spike_flat_index_mean": 317.0882568359375,
    "mem_abs_mean": 1.34975266456604
  },
  "test": {
    "event_abs_mean": 0.014836238697171211,
    "event_active_fraction_gt_1e_6": 0.014836238697171211,
    "spike_mean": 0.040905460715293884,
    "spike_active_fraction_gt_0p5": 0.0023437500931322575,
    "spike_count_per_sample_mean": 6.0,
    "first_spike_flat_index_mean": 329.8077087402344,
    "mem_abs_mean": 1.3498833179473877
  }
}