{
    "train_mae": 0.002749998263221754,
    "train_rmse": 0.00400886012685528,
    "test_mae": 0.002768181719630758,
    "test_rmse": 0.003960742950091362,
    "per_parameter_mae_train": {
        "s": 0.005425523689275013,
        "t0": 0.0005104134379867417,
        "x0": 0.002314057662403507
    },
    "per_parameter_mae_test": {
        "s": 0.005453367664565236,
        "t0": 0.0007415560271505383,
        "x0": 0.0021096214671765
    },
    "per_parameter_rmse_train": {
        "s": 0.006345042895732723,
        "t0": 0.0005936462511907281,
        "x0": 0.002756971768050826
    },
    "per_parameter_rmse_test": {
        "s": 0.006369496059641076,
        "t0": 0.000761407592873056,
        "x0": 0.0024315082919511774
    },
    "train_data_loss": 1.0099655389785767,
    "train_physics_loss": 0.003944626078009605,
    "train_total_loss": 1.0099655389785767,
    "train_actual_physics_residual": 2.6906588068698056e-10,
    "test_data_loss": 1.1532306671142578,
    "test_physics_loss": 0.003975096624344587,
    "test_total_loss": 1.1532306671142578,
    "test_actual_physics_residual": 2.949215871517197e-10,
    "training_time_seconds": 12.606509965000441,
    "evaluation_time_seconds": 0.21666110400110483,
    "parameter_names": [
        "s",
        "t0",
        "x0"
    ],
    "timestamp": "2026-05-26T17:04:10.687481"
}