{
    "train_mae": 0.0011507547947858482,
    "train_rmse": 0.0018416942584203756,
    "test_mae": 0.0013499662440222178,
    "test_rmse": 0.0020452281553416884,
    "per_parameter_mae_train": {
        "s": 0.0024798591270481503,
        "t0": 0.0004925152450337376,
        "x0": 0.0004798900122756568
    },
    "per_parameter_mae_test": {
        "s": 0.0027289164184246795,
        "t0": 0.0007180523109751655,
        "x0": 0.0006029300026668085
    },
    "per_parameter_rmse_train": {
        "s": 0.0030879508055622505,
        "t0": 0.0005551074872643711,
        "x0": 0.0005761325581029221
    },
    "per_parameter_rmse_test": {
        "s": 0.0033682815520943376,
        "t0": 0.0007402261023378013,
        "x0": 0.0008097032329476281
    },
    "train_data_loss": 0.38718181848526,
    "train_physics_loss": 0.0009342851699329913,
    "train_total_loss": 0.38718181848526,
    "train_actual_physics_residual": 2.6906588068698056e-10,
    "test_data_loss": 0.644559383392334,
    "test_physics_loss": 0.001111616613343358,
    "test_total_loss": 0.644559383392334,
    "test_actual_physics_residual": 2.949215871517197e-10,
    "training_time_seconds": 1.5402543620002689,
    "evaluation_time_seconds": 0.06059424100021715,
    "parameter_names": [
        "s",
        "t0",
        "x0"
    ],
    "timestamp": "2026-05-26T09:42:38.424970"
}