{
  "train": {
    "event_abs_mean": 0.015625,
    "event_active_fraction_gt_1e_6": 0.015625,
    "spike_mean": 0.11243871599435806,
    "spike_active_fraction_gt_0p5": 0.011316636577248573,
    "spike_count_per_sample_mean": 28.97058868408203,
    "first_spike_flat_index_mean": 23.323530197143555,
    "mem_abs_mean": 0.9841654300689697
  },
  "test": {
    "event_abs_mean": 0.015625,
    "event_active_fraction_gt_1e_6": 0.015625,
    "spike_mean": 0.11243414133787155,
    "spike_active_fraction_gt_0p5": 0.011553485877811909,
    "spike_count_per_sample_mean": 29.576923370361328,
    "first_spike_flat_index_mean": 24.038461685180664,
    "mem_abs_mean": 0.9841825366020203
  }
}