{
    "train_mae": 0.0027860056195343082,
    "train_rmse": 0.004059478055917632,
    "test_mae": 0.0030086642465857673,
    "test_rmse": 0.0044649589012727585,
    "per_parameter_mae_train": {
        "s": 0.005551657350722721,
        "t0": 0.0005408349191986799,
        "x0": 0.002265524588681524
    },
    "per_parameter_mae_test": {
        "s": 0.006588449526260655,
        "t0": 0.000435422410931195,
        "x0": 0.0020021208025654525
    },
    "per_parameter_rmse_train": {
        "s": 0.006488834521585663,
        "t0": 0.0006002383744008732,
        "x0": 0.0026406110476185525
    },
    "per_parameter_rmse_test": {
        "s": 0.007341339595322956,
        "t0": 0.0005194927935109844,
        "x0": 0.0023753808439486157
    },
    "train_data_loss": 0.9091325998306274,
    "train_physics_loss": 0.004125440027564764,
    "train_total_loss": 0.9091325998306274,
    "train_actual_physics_residual": 2.6961671784064833e-10,
    "test_data_loss": 0.8626685738563538,
    "test_physics_loss": 0.005280650686472654,
    "test_total_loss": 0.8626685738563538,
    "test_actual_physics_residual": 3.0572303022502467e-10,
    "training_time_seconds": 5.097260692000418,
    "evaluation_time_seconds": 0.09119429299971671,
    "parameter_names": [
        "s",
        "t0",
        "x0"
    ],
    "timestamp": "2026-05-26T01:20:13.172017"
}