{
    "train_mae": 0.0027548417558338647,
    "train_rmse": 0.003963466567339383,
    "test_mae": 0.002636982085675684,
    "test_rmse": 0.004330321570656303,
    "per_parameter_mae_train": {
        "s": 0.005169035441379508,
        "t0": 0.0004317139945171916,
        "x0": 0.0026637758316048954
    },
    "per_parameter_mae_test": {
        "s": 0.005848275955295389,
        "t0": 0.0005395821165586623,
        "x0": 0.0015230881851730018
    },
    "per_parameter_rmse_train": {
        "s": 0.006137607911377824,
        "t0": 0.0005275918956411515,
        "x0": 0.003029623344427029
    },
    "per_parameter_rmse_test": {
        "s": 0.007254036848848203,
        "t0": 0.0005665331016272717,
        "x0": 0.0018201770123223845
    },
    "train_data_loss": 1.009460687637329,
    "train_physics_loss": 0.0036909212358295918,
    "train_total_loss": 1.009460687637329,
    "train_actual_physics_residual": 2.364869966520189e-10,
    "test_data_loss": 0.9793879985809326,
    "test_physics_loss": 0.005155801773071289,
    "test_total_loss": 0.9793879985809326,
    "test_actual_physics_residual": 3.2109151448800333e-10,
    "training_time_seconds": 0.5914045389999956,
    "evaluation_time_seconds": 0.08273796000048605,
    "parameter_names": [
        "s",
        "t0",
        "x0"
    ],
    "timestamp": "2026-05-26T14:22:36.020304"
}