{
  "observation_mode": "event_traces",
  "time_axis_size": 128,
  "records": [
    {
      "fraction": 0.25,
      "kept_steps": 32,
      "active_test_mae": 0.0065971472194251875,
      "test_mae": 0.0021990495698471003
    },
    {
      "fraction": 0.5,
      "kept_steps": 64,
      "active_test_mae": 0.0065959826363657294,
      "test_mae": 0.0021986613754939478
    },
    {
      "fraction": 0.75,
      "kept_steps": 96,
      "active_test_mae": 0.006595909276802929,
      "test_mae": 0.0021986369223063475
    },
    {
      "fraction": 1.0,
      "kept_steps": 128,
      "active_test_mae": 0.006595909276802929,
      "test_mae": 0.0021986369223063475
    }
  ]
}