{
  "observation_mode": "event_traces",
  "time_axis_size": 128,
  "records": [
    {
      "fraction": 0.25,
      "kept_steps": 32,
      "active_test_mae": 0.0030130697311406183,
      "test_mae": 0.0030130697311406183
    },
    {
      "fraction": 0.5,
      "kept_steps": 64,
      "active_test_mae": 0.0030122616297066445,
      "test_mae": 0.003012261629706644
    },
    {
      "fraction": 0.75,
      "kept_steps": 96,
      "active_test_mae": 0.0030125298506081337,
      "test_mae": 0.0030125298506081333
    },
    {
      "fraction": 1.0,
      "kept_steps": 128,
      "active_test_mae": 0.0030125298506081337,
      "test_mae": 0.0030125298506081333
    }
  ]
}