{
  "observation_mode": "event_traces",
  "time_axis_size": 128,
  "records": [
    {
      "fraction": 0.25,
      "kept_steps": 32,
      "active_test_mae": 0.002949012166666663,
      "test_mae": 0.0029490121666666627
    },
    {
      "fraction": 0.5,
      "kept_steps": 64,
      "active_test_mae": 0.002219919934365744,
      "test_mae": 0.002219919934365744
    },
    {
      "fraction": 0.75,
      "kept_steps": 96,
      "active_test_mae": 0.002219919934365744,
      "test_mae": 0.002219919934365744
    },
    {
      "fraction": 1.0,
      "kept_steps": 128,
      "active_test_mae": 0.002219919934365744,
      "test_mae": 0.002219919934365744
    }
  ]
}