{
    "train_mae": 0.0020440337915991814,
    "train_rmse": 0.002953723638546242,
    "test_mae": 0.002219919934365744,
    "test_rmse": 0.0034067632511402624,
    "per_parameter_mae_train": {
        "s": 0.0032639856080214683,
        "t0": 0.0005478464916151768,
        "x0": 0.0023202692751608995
    },
    "per_parameter_mae_test": {
        "s": 0.004170550428532564,
        "t0": 0.00044649437017766925,
        "x0": 0.002042715004387
    },
    "per_parameter_rmse_train": {
        "s": 0.004297278342954663,
        "t0": 0.0006124930018213387,
        "x0": 0.0027077114256532702
    },
    "per_parameter_rmse_test": {
        "s": 0.005323828741650948,
        "t0": 0.0005390532914429599,
        "x0": 0.00248684069182469
    },
    "train_data_loss": 0.7637290954589844,
    "train_physics_loss": 0.0018093561520799994,
    "train_total_loss": 0.7637290954589844,
    "train_actual_physics_residual": 2.6961671784064833e-10,
    "test_data_loss": 0.7159611582756042,
    "test_physics_loss": 0.0027770542073994875,
    "test_total_loss": 0.7159611582756042,
    "test_actual_physics_residual": 3.0572303022502467e-10,
    "training_time_seconds": 6.02255882999998,
    "evaluation_time_seconds": 0.06991267499961396,
    "parameter_names": [
        "s",
        "t0",
        "x0"
    ],
    "timestamp": "2026-05-26T04:35:32.180070"
}