{
    "train_mae": 9.442936947923701e-05,
    "train_rmse": 0.0002314802810382863,
    "test_mae": 0.0005804289695891335,
    "test_rmse": 0.0013700785494735821,
    "per_parameter_mae_train": {
        "a": 6.590960319634225e-05,
        "d": 0.00039927030734622867,
        "epsilon": 9.499490256914545e-11,
        "k": 0.0,
        "mu1": 0.00010138429040898236,
        "mu2": 1.1920928966180355e-08
    },
    "per_parameter_mae_test": {
        "a": 0.0003650734793050572,
        "d": 0.0024710268233122334,
        "epsilon": 9.499490256914545e-11,
        "k": 0.0,
        "mu1": 0.0006464614989936418,
        "mu2": 1.1920928966180355e-08
    },
    "per_parameter_rmse_train": {
        "a": 9.585446595880746e-05,
        "d": 0.0005372788845889006,
        "epsilon": 9.499490256914543e-11,
        "k": 0.0,
        "mu1": 0.00015375969707932317,
        "mu2": 1.1920928966180355e-08
    },
    "per_parameter_rmse_test": {
        "a": 0.0004964774628066098,
        "d": 0.003203260068548773,
        "epsilon": 9.499490256914545e-11,
        "k": 0.0,
        "mu1": 0.0008690951917883995,
        "mu2": 1.1920928966180354e-08
    },
    "train_data_loss": 0.011912540532648563,
    "train_physics_loss": 0.0,
    "train_total_loss": 0.011912540532648563,
    "train_actual_physics_residual": 0.0,
    "test_data_loss": 0.367096871137619,
    "test_physics_loss": 0.0,
    "test_total_loss": 0.367096871137619,
    "test_actual_physics_residual": 0.0,
    "training_time_seconds": 92.83448836900061,
    "evaluation_time_seconds": 0.5833066409977619,
    "parameter_names": [
        "a",
        "d",
        "epsilon",
        "k",
        "mu1",
        "mu2"
    ],
    "timestamp": "2026-06-17T10:56:17.995824"
}