{
    "train_mae": 0.002630234477086103,
    "train_rmse": 0.0038321385939998234,
    "test_mae": 0.002943170066614025,
    "test_rmse": 0.004441633399321113,
    "per_parameter_mae_train": {
        "s": 0.005153905177039576,
        "t0": 0.00046159093956242147,
        "x0": 0.002275207314656311
    },
    "per_parameter_mae_test": {
        "s": 0.006323607749632894,
        "t0": 0.00038060733235881054,
        "x0": 0.00212529511785037
    },
    "per_parameter_rmse_train": {
        "s": 0.006061040596724713,
        "t0": 0.0005589444284233166,
        "x0": 0.002647116661890498
    },
    "per_parameter_rmse_test": {
        "s": 0.007283282034605768,
        "t0": 0.0004550066631957299,
        "x0": 0.0024353836459028015
    },
    "train_data_loss": 0.8309088945388794,
    "train_physics_loss": 0.003599410643801093,
    "train_total_loss": 0.8309088945388794,
    "train_actual_physics_residual": 2.6961671784064833e-10,
    "test_data_loss": 0.8157630562782288,
    "test_physics_loss": 0.005197456572204828,
    "test_total_loss": 0.8157630562782288,
    "test_actual_physics_residual": 3.0572303022502467e-10,
    "training_time_seconds": 15.632136875000015,
    "evaluation_time_seconds": 0.1936624119998669,
    "parameter_names": [
        "s",
        "t0",
        "x0"
    ],
    "timestamp": "2026-05-26T04:08:42.841057"
}