{
    "train_mae": 0.0028610445245647216,
    "train_rmse": 0.004160598339432969,
    "test_mae": 0.0030080754963176335,
    "test_rmse": 0.004440144774383675,
    "per_parameter_mae_train": {
        "s": 0.005667724346525674,
        "t0": 0.0005518380481597748,
        "x0": 0.0023635711790087155
    },
    "per_parameter_mae_test": {
        "s": 0.006564227115618471,
        "t0": 0.0004556720526691184,
        "x0": 0.002004327320665311
    },
    "per_parameter_rmse_train": {
        "s": 0.0066245411366227126,
        "t0": 0.0006193638809311771,
        "x0": 0.002768316950507736
    },
    "per_parameter_rmse_test": {
        "s": 0.007299707215067861,
        "t0": 0.0005298743306969317,
        "x0": 0.00236181384118534
    },
    "train_data_loss": 0.9712469577789307,
    "train_physics_loss": 0.004299802239984274,
    "train_total_loss": 0.9712469577789307,
    "train_actual_physics_residual": 2.6961671784064833e-10,
    "test_data_loss": 0.8646475076675415,
    "test_physics_loss": 0.005220926832407713,
    "test_total_loss": 0.8646475076675415,
    "test_actual_physics_residual": 3.0572303022502467e-10,
    "training_time_seconds": 8.448963101000118,
    "evaluation_time_seconds": 0.10518000299998675,
    "parameter_names": [
        "s",
        "t0",
        "x0"
    ],
    "timestamp": "2026-05-26T04:38:56.482057"
}