{
    "train_mae": 0.002769167285724557,
    "train_rmse": 0.003961926089299419,
    "test_mae": 0.002599022191957257,
    "test_rmse": 0.004212233231535663,
    "per_parameter_mae_train": {
        "s": 0.005255700594882926,
        "t0": 0.0004334942379063095,
        "x0": 0.0026183070243844366
    },
    "per_parameter_mae_test": {
        "s": 0.005653113632933637,
        "t0": 0.0005339186109363435,
        "x0": 0.0016100343320017893
    },
    "per_parameter_rmse_train": {
        "s": 0.006146396919198565,
        "t0": 0.0005322055291225945,
        "x0": 0.003004852275512375
    },
    "per_parameter_rmse_test": {
        "s": 0.007026683947171876,
        "t0": 0.0005704592369670203,
        "x0": 0.0018785673679898205
    },
    "train_data_loss": 1.01091468334198,
    "train_physics_loss": 0.0037014989648014307,
    "train_total_loss": 1.01091468334198,
    "train_actual_physics_residual": 2.364869966520189e-10,
    "test_data_loss": 0.9639580249786377,
    "test_physics_loss": 0.004837685264647007,
    "test_total_loss": 0.9639580249786377,
    "test_actual_physics_residual": 3.2109151448800333e-10,
    "training_time_seconds": 2.4401449790002516,
    "evaluation_time_seconds": 0.1069541200004096,
    "parameter_names": [
        "s",
        "t0",
        "x0"
    ],
    "timestamp": "2026-05-26T19:23:43.218779"
}