{
    "train_mae": 0.0009596947859046943,
    "train_rmse": 0.0016095030006165354,
    "test_mae": 0.000823606937530871,
    "test_rmse": 0.0014208875514569374,
    "per_parameter_mae_train": {
        "s": 0.0,
        "t0": 0.0005460715086397923,
        "x0": 0.0023330128490742907
    },
    "per_parameter_mae_test": {
        "s": 0.0,
        "t0": 0.00043564333266995884,
        "x0": 0.002035177479922654
    },
    "per_parameter_rmse_train": {
        "s": 0.0,
        "t0": 0.0006065108884442985,
        "x0": 0.0027209638492966793
    },
    "per_parameter_rmse_test": {
        "s": 0.0,
        "t0": 0.0005140958910432788,
        "x0": 0.0024067550179584733
    },
    "train_data_loss": 0.9379914402961731,
    "train_physics_loss": 1.0023867152986199e-10,
    "train_total_loss": 0.9379914402961731,
    "train_actual_physics_residual": 1.0023444574347451e-10,
    "test_data_loss": 0.7041410803794861,
    "test_physics_loss": 9.956984542425218e-11,
    "test_total_loss": 0.7041410803794861,
    "test_actual_physics_residual": 9.955990198928788e-11,
    "training_time_seconds": 6.193624509000074,
    "evaluation_time_seconds": 0.11859242799982894,
    "parameter_names": [
        "s",
        "t0",
        "x0"
    ],
    "timestamp": "2026-05-24T20:18:49.982410"
}