{
  "train": {
    "event_abs_mean": 0.015442708507180214,
    "event_active_fraction_gt_1e_6": 0.015442708507180214,
    "spike_mean": 0.0255320705473423,
    "spike_active_fraction_gt_0p5": 0.0012812500353902578,
    "spike_count_per_sample_mean": 3.2799999713897705,
    "first_spike_flat_index_mean": 1534.3599853515625,
    "mem_abs_mean": 1.0552945137023926
  },
  "test": {
    "event_abs_mean": 0.015345982275903225,
    "event_active_fraction_gt_1e_6": 0.015345982275903225,
    "spike_mean": 0.025539852678775787,
    "spike_active_fraction_gt_0p5": 0.0010044643422588706,
    "spike_count_per_sample_mean": 2.5714287757873535,
    "first_spike_flat_index_mean": 1522.1429443359375,
    "mem_abs_mean": 1.0559779405593872
  }
}