{
    "train_mae": 0.0029410161254157263,
    "train_rmse": 0.00399214834367679,
    "test_mae": 0.002924758660743508,
    "test_rmse": 0.004115072147678639,
    "per_parameter_mae_train": {
        "s": 0.005462560060432646,
        "t0": 0.0004990357932861331,
        "x0": 0.0028614525225284008
    },
    "per_parameter_mae_test": {
        "s": 0.005676836236913396,
        "t0": 0.000245078189931143,
        "x0": 0.002852361555385985
    },
    "per_parameter_rmse_train": {
        "s": 0.006131297063219674,
        "t0": 0.000582330422817514,
        "x0": 0.003143220131486022
    },
    "per_parameter_rmse_test": {
        "s": 0.006521974897592187,
        "t0": 0.0002736527518023061,
        "x0": 0.002861889925977216
    },
    "train_data_loss": 0.985111653804779,
    "train_physics_loss": 0.0036833500489592552,
    "train_total_loss": 0.985111653804779,
    "train_actual_physics_residual": 2.0537377354301611e-10,
    "test_data_loss": 0.715362012386322,
    "test_physics_loss": 0.004167661070823669,
    "test_total_loss": 0.715362012386322,
    "test_actual_physics_residual": 2.212605099138898e-10,
    "training_time_seconds": 0.17992122099894914,
    "evaluation_time_seconds": 0.036744458997418405,
    "parameter_names": [
        "s",
        "t0",
        "x0"
    ],
    "timestamp": "2026-05-26T08:50:22.638456"
}