{
    "train_mae": 0.0007550939276187196,
    "train_rmse": 0.0010298039852828479,
    "test_mae": 0.0008147642277511883,
    "test_rmse": 0.0012665741313182249,
    "per_parameter_mae_train": {
        "s": 0.0013334942287964071,
        "t0": 0.0005506020377638637,
        "x0": 0.00038118551629588796
    },
    "per_parameter_mae_test": {
        "s": 0.0016057708175344697,
        "t0": 0.0004438798211203364,
        "x0": 0.00039464204459875905
    },
    "per_parameter_rmse_train": {
        "s": 0.0016012034839148926,
        "t0": 0.0006173357582253796,
        "x0": 0.00048634628509778254
    },
    "per_parameter_rmse_test": {
        "s": 0.002062632473780988,
        "t0": 0.0005395969685717696,
        "x0": 0.0005167325033185224
    },
    "train_data_loss": 0.3501066565513611,
    "train_physics_loss": 0.00025120703503489494,
    "train_total_loss": 0.3501066565513611,
    "train_actual_physics_residual": 2.6961671784064833e-10,
    "test_data_loss": 0.2879813015460968,
    "test_physics_loss": 0.00041685247560963035,
    "test_total_loss": 0.2879813015460968,
    "test_actual_physics_residual": 3.0572303022502467e-10,
    "training_time_seconds": 14.989133461000165,
    "evaluation_time_seconds": 0.04905256300116889,
    "parameter_names": [
        "s",
        "t0",
        "x0"
    ],
    "timestamp": "2026-05-24T03:22:53.249830"
}