{
    "train_mae": 0.002960244832172954,
    "train_rmse": 0.004018291356859343,
    "test_mae": 0.0029240036685763532,
    "test_rmse": 0.0041443412162374986,
    "per_parameter_mae_train": {
        "s": 0.005492074293703926,
        "t0": 0.0005017962333972933,
        "x0": 0.002886863969417642
    },
    "per_parameter_mae_test": {
        "s": 0.005647868379552556,
        "t0": 0.0002734947043278105,
        "x0": 0.0028506479218486924
    },
    "per_parameter_rmse_train": {
        "s": 0.006172683527403066,
        "t0": 0.0005864143299645254,
        "x0": 0.003161343478644891
    },
    "per_parameter_rmse_test": {
        "s": 0.006566728629747812,
        "t0": 0.0002997706657113273,
        "x0": 0.0028835576985807207
    },
    "train_data_loss": 0.9979820251464844,
    "train_physics_loss": 0.0037332428619265556,
    "train_total_loss": 0.9979820251464844,
    "train_actual_physics_residual": 2.0537377354301611e-10,
    "test_data_loss": 0.7391656637191772,
    "test_physics_loss": 0.004225053824484348,
    "test_total_loss": 0.7391656637191772,
    "test_actual_physics_residual": 2.212605099138898e-10,
    "training_time_seconds": 0.09208331699846894,
    "evaluation_time_seconds": 0.050729960999888135,
    "parameter_names": [
        "s",
        "t0",
        "x0"
    ],
    "timestamp": "2026-05-26T08:24:30.857709"
}