{
    "train_mae": 0.0029186332623089423,
    "train_rmse": 0.004224027794021443,
    "test_mae": 0.0030055137972364375,
    "test_rmse": 0.0044675168867540785,
    "per_parameter_mae_train": {
        "s": 0.00577667189706097,
        "t0": 0.000579393865134995,
        "x0": 0.0023998340247308615
    },
    "per_parameter_mae_test": {
        "s": 0.0065902972702486925,
        "t0": 0.0004293960374714524,
        "x0": 0.001996848083989168
    },
    "per_parameter_rmse_train": {
        "s": 0.0067297078827092465,
        "t0": 0.0006422083302955812,
        "x0": 0.0027974689788980637
    },
    "per_parameter_rmse_test": {
        "s": 0.007348239851970605,
        "t0": 0.0005119757506457912,
        "x0": 0.00237009985210756
    },
    "train_data_loss": 1.012742042541504,
    "train_physics_loss": 0.004437407478690147,
    "train_total_loss": 1.012742042541504,
    "train_actual_physics_residual": 2.6961671784064833e-10,
    "test_data_loss": 0.8558068871498108,
    "test_physics_loss": 0.0052905818447470665,
    "test_total_loss": 0.8558068871498108,
    "test_actual_physics_residual": 3.0572303022502467e-10,
    "training_time_seconds": 16.543137919000173,
    "evaluation_time_seconds": 0.19909526399987953,
    "parameter_names": [
        "s",
        "t0",
        "x0"
    ],
    "timestamp": "2026-05-26T03:50:55.398971"
}