{
    "train_mae": 0.0008964644468880881,
    "train_rmse": 0.002036956799754558,
    "test_mae": 0.0011722423898595153,
    "test_rmse": 0.0025458677742311205,
    "per_parameter_mae_train": {
        "a": 0.0006249203052175638,
        "d": 0.0036971872161022422,
        "epsilon": 9.499490256914545e-11,
        "k": 0.0,
        "mu1": 0.0010566671440848537,
        "mu2": 1.1920928966180355e-08
    },
    "per_parameter_mae_test": {
        "a": 0.0008032468851852472,
        "d": 0.004820818152745898,
        "epsilon": 9.499490256914545e-11,
        "k": 0.0,
        "mu1": 0.001409377285302078,
        "mu2": 1.1920928966180355e-08
    },
    "per_parameter_rmse_train": {
        "a": 0.0008101727959586705,
        "d": 0.004726899527932821,
        "epsilon": 9.499490256914543e-11,
        "k": 0.0,
        "mu1": 0.0013766622380863257,
        "mu2": 1.1920928966180357e-08
    },
    "per_parameter_rmse_test": {
        "a": 0.0009980759200022464,
        "d": 0.005897244703732792,
        "epsilon": 9.499490256914543e-11,
        "k": 0.0,
        "mu1": 0.0017649378757554621,
        "mu2": 1.1920928966180355e-08
    },
    "train_data_loss": 0.22678181529045105,
    "train_physics_loss": 0.0,
    "train_total_loss": 0.22678181529045105,
    "train_actual_physics_residual": 0.0,
    "test_data_loss": 0.35955914855003357,
    "test_physics_loss": 0.0,
    "test_total_loss": 0.35955914855003357,
    "test_actual_physics_residual": 0.0,
    "training_time_seconds": 100.08584188300301,
    "evaluation_time_seconds": 0.13313186400046106,
    "parameter_names": [
        "a",
        "d",
        "epsilon",
        "k",
        "mu1",
        "mu2"
    ],
    "timestamp": "2026-06-19T18:43:42.974119"
}