{
  "train": {
    "event_abs_mean": 0.015625,
    "event_active_fraction_gt_1e_6": 0.015625,
    "spike_mean": 0.11177240312099457,
    "spike_active_fraction_gt_0p5": 0.011178769171237946,
    "spike_count_per_sample_mean": 28.617647171020508,
    "first_spike_flat_index_mean": 23.215686798095703,
    "mem_abs_mean": 0.9793622493743896
  },
  "test": {
    "event_abs_mean": 0.015625,
    "event_active_fraction_gt_1e_6": 0.015625,
    "spike_mean": 0.1117657870054245,
    "spike_active_fraction_gt_0p5": 0.011222956702113152,
    "spike_count_per_sample_mean": 28.730770111083984,
    "first_spike_flat_index_mean": 24.615385055541992,
    "mem_abs_mean": 0.9793947339057922
  }
}