{
    "train_mae": 0.0027393562178052843,
    "train_rmse": 0.00395958524176219,
    "test_mae": 0.002666299571531526,
    "test_rmse": 0.0043628830804467505,
    "per_parameter_mae_train": {
        "s": 0.005127258387955083,
        "t0": 0.0004290299973629558,
        "x0": 0.0026617802680978155
    },
    "per_parameter_mae_test": {
        "s": 0.0059492462235449005,
        "t0": 0.000540354848203429,
        "x0": 0.0015092976428462493
    },
    "per_parameter_rmse_train": {
        "s": 0.006131643677146234,
        "t0": 0.000523823338219865,
        "x0": 0.003027127481159591
    },
    "per_parameter_rmse_test": {
        "s": 0.007314978481697168,
        "t0": 0.0005670722861924616,
        "x0": 0.0018093549003679267
    },
    "train_data_loss": 1.0034215450286865,
    "train_physics_loss": 0.003683751681819558,
    "train_total_loss": 1.0034215450286865,
    "train_actual_physics_residual": 2.364869966520189e-10,
    "test_data_loss": 0.9865675568580627,
    "test_physics_loss": 0.005242793820798397,
    "test_total_loss": 0.9865675568580627,
    "test_actual_physics_residual": 3.2109151448800333e-10,
    "training_time_seconds": 0.26623471999846515,
    "evaluation_time_seconds": 0.05209661200206028,
    "parameter_names": [
        "s",
        "t0",
        "x0"
    ],
    "timestamp": "2026-05-26T08:11:24.259808"
}