{
    "train_mae": 0.00023247559996774156,
    "train_rmse": 0.0004274176682325539,
    "test_mae": 0.00023532526582070723,
    "test_rmse": 0.0004420873567748372,
    "per_parameter_mae_train": {
        "alpha": 5.5910593611470104e-05,
        "beta": 0.0,
        "gamma": 0.0006415162062917546
    },
    "per_parameter_mae_test": {
        "alpha": 6.040132182686239e-05,
        "beta": 0.0,
        "gamma": 0.0006455744756352593
    },
    "per_parameter_rmse_train": {
        "alpha": 6.403116262858714e-05,
        "beta": 0.0,
        "gamma": 0.0007375348124424311
    },
    "per_parameter_rmse_test": {
        "alpha": 7.04006978092028e-05,
        "beta": 0.0,
        "gamma": 0.0007624745469905626
    },
    "train_data_loss": 1.8268586311735353e-07,
    "train_physics_loss": 1.4866118187585256e-07,
    "train_total_loss": 3.313470449932061e-07,
    "train_actual_physics_residual": 1.4866118187585256e-07,
    "test_data_loss": 1.9544123102016216e-07,
    "test_physics_loss": 1.5988796288094672e-07,
    "test_total_loss": 3.553291939011089e-07,
    "test_actual_physics_residual": 1.5988796288094672e-07,
    "training_time_seconds": 0.4416000770006576,
    "evaluation_time_seconds": 5.794000571768265e-06,
    "parameter_names": [
        "alpha",
        "beta",
        "gamma"
    ],
    "timestamp": "2026-07-01T15:29:18.516453"
}