{
    "train_mae": 0.0027306862394271434,
    "train_rmse": 0.003993531867371657,
    "test_mae": 0.002948573518088772,
    "test_rmse": 0.004104083016371788,
    "per_parameter_mae_train": {
        "s": 0.005349121682085759,
        "t0": 0.0005326292759205717,
        "x0": 0.0023103077602751004
    },
    "per_parameter_mae_test": {
        "s": 0.005744161140885393,
        "t0": 0.0007334142619228537,
        "x0": 0.0023681451514580695
    },
    "per_parameter_rmse_train": {
        "s": 0.006325854511667528,
        "t0": 0.0005964402013979425,
        "x0": 0.00273362654920361
    },
    "per_parameter_rmse_test": {
        "s": 0.006529332518611601,
        "t0": 0.00075823906806865,
        "x0": 0.00270617490064289
    },
    "train_data_loss": 1.005377173423767,
    "train_physics_loss": 0.00392080657184124,
    "train_total_loss": 1.005377173423767,
    "train_actual_physics_residual": 2.6906588068698056e-10,
    "test_data_loss": 1.2288113832473755,
    "test_physics_loss": 0.0041771018877625465,
    "test_total_loss": 1.2288113832473755,
    "test_actual_physics_residual": 2.949215871517197e-10,
    "training_time_seconds": 0.4163259119995928,
    "evaluation_time_seconds": 0.04659576599988213,
    "parameter_names": [
        "s",
        "t0",
        "x0"
    ],
    "timestamp": "2026-05-26T14:05:05.878179"
}