{
    "train_mae": 0.0026887396920231336,
    "train_rmse": 0.004017292835949807,
    "test_mae": 0.0030749362897477374,
    "test_rmse": 0.004528388124284619,
    "per_parameter_mae_train": {
        "s": 0.005282461684455017,
        "t0": 0.0005146417942956218,
        "x0": 0.002269115597318762
    },
    "per_parameter_mae_test": {
        "s": 0.006816098004548572,
        "t0": 0.0004427411347184919,
        "x0": 0.001965969729976149
    },
    "per_parameter_rmse_train": {
        "s": 0.006403896860874648,
        "t0": 0.0005849388068241634,
        "x0": 0.0026577954731077224
    },
    "per_parameter_rmse_test": {
        "s": 0.00743383703522566,
        "t0": 0.0005191515311928396,
        "x0": 0.0024469257516020835
    },
    "train_data_loss": 0.8897014260292053,
    "train_physics_loss": 0.004018145613372326,
    "train_total_loss": 0.8897014260292053,
    "train_actual_physics_residual": 2.6961671784064833e-10,
    "test_data_loss": 0.8870735168457031,
    "test_physics_loss": 0.005414558574557304,
    "test_total_loss": 0.8870735168457031,
    "test_actual_physics_residual": 3.0572303022502467e-10,
    "training_time_seconds": 3.306722827000158,
    "evaluation_time_seconds": 0.04309899000008954,
    "parameter_names": [
        "s",
        "t0",
        "x0"
    ],
    "timestamp": "2026-05-24T14:06:57.440431"
}