{
    "train_mae": 0.0028893638188546506,
    "train_rmse": 0.004194073714890125,
    "test_mae": 0.0030310855161006546,
    "test_rmse": 0.004554950984301259,
    "per_parameter_mae_train": {
        "s": 0.005785194462431553,
        "t0": 0.0005609463098482562,
        "x0": 0.002321950684284143
    },
    "per_parameter_mae_test": {
        "s": 0.006614873885188273,
        "t0": 0.00044708997190336054,
        "x0": 0.0020312926912103312
    },
    "per_parameter_rmse_train": {
        "s": 0.006711173582580077,
        "t0": 0.0006241951035166561,
        "x0": 0.0027094819790915554
    },
    "per_parameter_rmse_test": {
        "s": 0.007499027987589131,
        "t0": 0.0005227543577219621,
        "x0": 0.0023945860876148565
    },
    "train_data_loss": 0.9710544943809509,
    "train_physics_loss": 0.004412997514009476,
    "train_total_loss": 0.9710544943809509,
    "train_actual_physics_residual": 2.6961671784064833e-10,
    "test_data_loss": 0.8865811228752136,
    "test_physics_loss": 0.005509937182068825,
    "test_total_loss": 0.8865811228752136,
    "test_actual_physics_residual": 3.0572303022502467e-10,
    "training_time_seconds": 6.592091016000268,
    "evaluation_time_seconds": 0.11890982899967639,
    "parameter_names": [
        "s",
        "t0",
        "x0"
    ],
    "timestamp": "2026-05-24T20:25:18.509306"
}