{
    "train_mae": 0.0011821620270974483,
    "train_rmse": 0.0017559336194346853,
    "test_mae": 0.0012654918870309215,
    "test_rmse": 0.0019449935349516085,
    "per_parameter_mae_train": {
        "s": 0.0021045909873646518,
        "t0": 0.0004147384429672811,
        "x0": 0.0010271566509604119
    },
    "per_parameter_mae_test": {
        "s": 0.003305674060781194,
        "t0": 0.00023228047960522497,
        "x0": 0.00025852112070634536
    },
    "per_parameter_rmse_train": {
        "s": 0.0027455557806930118,
        "t0": 0.0005287189439252474,
        "x0": 0.0011967825036407994
    },
    "per_parameter_rmse_test": {
        "s": 0.0033387599722713105,
        "t0": 0.00031991142672431477,
        "x0": 0.00031517944035224334
    },
    "train_data_loss": 0.3851594030857086,
    "train_physics_loss": 0.000738589558750391,
    "train_total_loss": 0.3851594030857086,
    "train_actual_physics_residual": 2.0537377354301611e-10,
    "test_data_loss": 0.20020636916160583,
    "test_physics_loss": 0.0010922080837190151,
    "test_total_loss": 0.20020636916160583,
    "test_actual_physics_residual": 2.212605099138898e-10,
    "training_time_seconds": 7.17378158000065,
    "evaluation_time_seconds": 0.16187217399965448,
    "parameter_names": [
        "s",
        "t0",
        "x0"
    ],
    "timestamp": "2026-05-26T17:53:58.531321"
}