{
  "observation_mode": "event_traces",
  "time_axis_size": 128,
  "records": [
    {
      "fraction": 0.25,
      "kept_steps": 32,
      "active_test_mae": 0.002590203542846917,
      "test_mae": 0.002590203542846917
    },
    {
      "fraction": 0.5,
      "kept_steps": 64,
      "active_test_mae": 0.0026466686548745847,
      "test_mae": 0.0026466686548745847
    },
    {
      "fraction": 0.75,
      "kept_steps": 96,
      "active_test_mae": 0.00264646465088205,
      "test_mae": 0.00264646465088205
    },
    {
      "fraction": 1.0,
      "kept_steps": 128,
      "active_test_mae": 0.00264646465088205,
      "test_mae": 0.00264646465088205
    }
  ]
}