{
    "train_mae": 0.002929130518299247,
    "train_rmse": 0.004234969373425552,
    "test_mae": 0.0030128207153562103,
    "test_rmse": 0.004503621837055156,
    "per_parameter_mae_train": {
        "s": 0.005815859029204477,
        "t0": 0.0005747937890205649,
        "x0": 0.0023967387366726997
    },
    "per_parameter_mae_test": {
        "s": 0.006601204920242589,
        "t0": 0.0004325493524287043,
        "x0": 0.002004707873397338
    },
    "per_parameter_rmse_train": {
        "s": 0.006750584408603364,
        "t0": 0.0006361437207968494,
        "x0": 0.002798182998013019
    },
    "per_parameter_rmse_test": {
        "s": 0.007414356720877796,
        "t0": 0.0005126266144667949,
        "x0": 0.0023690414355419676
    },
    "train_data_loss": 1.0084372758865356,
    "train_physics_loss": 0.0044649806804955006,
    "train_total_loss": 1.0084372758865356,
    "train_actual_physics_residual": 2.6961671784064833e-10,
    "test_data_loss": 0.8633067011833191,
    "test_physics_loss": 0.005386215168982744,
    "test_total_loss": 0.8633067011833191,
    "test_actual_physics_residual": 3.0572303022502467e-10,
    "training_time_seconds": 22.23609948199737,
    "evaluation_time_seconds": 0.3750906630011741,
    "parameter_names": [
        "s",
        "t0",
        "x0"
    ],
    "timestamp": "2026-05-24T20:46:34.402157"
}