{
  "observation_mode": "event_traces",
  "time_axis_size": 128,
  "records": [
    {
      "fraction": 0.25,
      "kept_steps": 32,
      "active_test_mae": 0.002916726313978308,
      "test_mae": 0.002916726313978308
    },
    {
      "fraction": 0.5,
      "kept_steps": 64,
      "active_test_mae": 0.0029177035817999374,
      "test_mae": 0.0029177035817999374
    },
    {
      "fraction": 0.75,
      "kept_steps": 96,
      "active_test_mae": 0.0029177035817999374,
      "test_mae": 0.0029177035817999374
    },
    {
      "fraction": 1.0,
      "kept_steps": 128,
      "active_test_mae": 0.0029177035817999374,
      "test_mae": 0.0029177035817999374
    }
  ]
}