{
  "train_observed_forward_residual": {
    "mean": 0.0014075881939564366,
    "median": 0.0014269330789539463,
    "max": 0.0015272069992875482,
    "mse": 1.9861162677028075e-06
  },
  "test_observed_forward_residual": {
    "mean": 0.0013702470442631099,
    "median": 0.0013623417756743325,
    "max": 0.00145648049991421,
    "mse": 1.8807472079915047e-06
  },
  "train_clean_forward_residual": {
    "mean": 0.00011757479434019271,
    "median": 0.0001253258123391122,
    "max": 0.00021192832893428417,
    "mse": 1.6481706826046416e-08
  },
  "test_clean_forward_residual": {
    "mean": 0.00012577358502601304,
    "median": 0.00011698216296242902,
    "max": 0.00020688382709158635,
    "mse": 1.716012208015514e-08
  },
  "train_observation_noise_floor": {
    "mean": 0.001413464240619478,
    "median": 0.0014339923449357684,
    "max": 0.001531237899332812,
    "mse": 2.0025988529166232e-06
  },
  "test_observation_noise_floor": {
    "mean": 0.0013765334995131104,
    "median": 0.0013693375603808817,
    "max": 0.001459799170993348,
    "mse": 1.8979072195759558e-06
  }
}
