{
    "train_mae": 0.002747477234179839,
    "train_rmse": 0.004002427410289565,
    "test_mae": 0.002788047833110079,
    "test_rmse": 0.003976627285952883,
    "per_parameter_mae_train": {
        "s": 0.005430111257485814,
        "t0": 0.0005205038212236172,
        "x0": 0.0022918166238300843
    },
    "per_parameter_mae_test": {
        "s": 0.005412570577702818,
        "t0": 0.0007379688591539116,
        "x0": 0.0022136040624735065
    },
    "per_parameter_rmse_train": {
        "s": 0.006344933568242941,
        "t0": 0.0005921015251641284,
        "x0": 0.002729378926128416
    },
    "per_parameter_rmse_test": {
        "s": 0.00636055925731111,
        "t0": 0.0007578268334095894,
        "x0": 0.0025317342157014267
    },
    "train_data_loss": 1.001461148262024,
    "train_physics_loss": 0.003944489639252424,
    "train_total_loss": 1.001461148262024,
    "train_actual_physics_residual": 2.6906588068698056e-10,
    "test_data_loss": 1.1692997217178345,
    "test_physics_loss": 0.003963949624449015,
    "test_total_loss": 1.1692997217178345,
    "test_actual_physics_residual": 2.949215871517197e-10,
    "training_time_seconds": 4.541103123000539,
    "evaluation_time_seconds": 0.19627371300066443,
    "parameter_names": [
        "s",
        "t0",
        "x0"
    ],
    "timestamp": "2026-05-26T14:21:30.746061"
}