{
    "train_mae": 0.000536030864313136,
    "train_rmse": 0.0011881132516141388,
    "test_mae": 0.0005716358964176332,
    "test_rmse": 0.0012329251015897604,
    "per_parameter_mae_train": {
        "a": 0.0003749488076795682,
        "d": 0.0022014999580363716,
        "epsilon": 9.499490256914545e-11,
        "k": 0.0,
        "mu1": 0.0006397244042390073,
        "mu2": 1.1920928966180355e-08
    },
    "per_parameter_mae_test": {
        "a": 0.0004310399668951639,
        "d": 0.0022975330138659674,
        "epsilon": 9.499490256914545e-11,
        "k": 0.0,
        "mu1": 0.0007012303818207986,
        "mu2": 1.1920928966180355e-08
    },
    "per_parameter_rmse_train": {
        "a": 0.00047777054601360827,
        "d": 0.0027552182206497843,
        "epsilon": 9.499490256914543e-11,
        "k": 0.0,
        "mu1": 0.0008063414002678434,
        "mu2": 1.1920928966180357e-08
    },
    "per_parameter_rmse_test": {
        "a": 0.0005278762005784204,
        "d": 0.0028464437973353685,
        "epsilon": 9.499490256914543e-11,
        "k": 0.0,
        "mu1": 0.0008600757304519807,
        "mu2": 1.1920928966180355e-08
    },
    "train_data_loss": 0.3117859363555908,
    "train_physics_loss": 0.000967285071965307,
    "train_total_loss": 0.3117859363555908,
    "train_actual_physics_residual": 0.0009683195385150611,
    "test_data_loss": 0.35755881667137146,
    "test_physics_loss": 0.0009665466495789587,
    "test_total_loss": 0.35755881667137146,
    "test_actual_physics_residual": 0.0009672476444393396,
    "training_time_seconds": 84.35080148199995,
    "evaluation_time_seconds": 0.2983703840000089,
    "parameter_names": [
        "a",
        "d",
        "epsilon",
        "k",
        "mu1",
        "mu2"
    ],
    "timestamp": "2026-05-10T23:34:59.212776"
}