{
    "train_mae": 0.0025860985508187025,
    "train_rmse": 0.003688832495938732,
    "test_mae": 0.0023951542048944374,
    "test_rmse": 0.0036128412638490722,
    "per_parameter_mae_train": {
        "s": 0.005013183046821835,
        "t0": 0.000515796369094702,
        "x0": 0.0022293162365395708
    },
    "per_parameter_mae_test": {
        "s": 0.004147061201067687,
        "t0": 0.0007383350838463296,
        "x0": 0.0023000663297692956
    },
    "per_parameter_rmse_train": {
        "s": 0.005772466199291978,
        "t0": 0.0005923258635676871,
        "x0": 0.0026739931934582667
    },
    "per_parameter_rmse_test": {
        "s": 0.005566677702221582,
        "t0": 0.0007589091953288847,
        "x0": 0.0027557253466457777
    },
    "train_data_loss": 0.930455207824707,
    "train_physics_loss": 0.0032648222986608744,
    "train_total_loss": 0.930455207824707,
    "train_actual_physics_residual": 2.6906588068698056e-10,
    "test_data_loss": 1.144639492034912,
    "test_physics_loss": 0.003036193083971739,
    "test_total_loss": 1.144639492034912,
    "test_actual_physics_residual": 2.949215871517197e-10,
    "training_time_seconds": 3.751232575999893,
    "evaluation_time_seconds": 0.07210250999969503,
    "parameter_names": [
        "s",
        "t0",
        "x0"
    ],
    "timestamp": "2026-05-26T13:43:25.037519"
}