{
    "train_mae": 0.0014782626213095357,
    "train_rmse": 0.0024005137618753353,
    "test_mae": 0.0013069125410308455,
    "test_rmse": 0.0021757771320862376,
    "per_parameter_mae_train": {
        "s": 0.003265691295321227,
        "t0": 0.00038190645748532637,
        "x0": 0.0007871901111220538
    },
    "per_parameter_mae_test": {
        "s": 0.0026159543922950057,
        "t0": 0.0004639264809441837,
        "x0": 0.000840856749853347
    },
    "per_parameter_rmse_train": {
        "s": 0.004038628402790942,
        "t0": 0.0004677289407530481,
        "x0": 0.0008706946795581857
    },
    "per_parameter_rmse_test": {
        "s": 0.003452787651816465,
        "t0": 0.0004946210896908128,
        "x0": 0.0014267535858111778
    },
    "train_data_loss": 0.380352646112442,
    "train_physics_loss": 0.0015981083270162344,
    "train_total_loss": 0.380352646112442,
    "train_actual_physics_residual": 2.0537377354301611e-10,
    "test_data_loss": 0.40946587920188904,
    "test_physics_loss": 0.0011680712923407555,
    "test_total_loss": 0.40946587920188904,
    "test_actual_physics_residual": 2.212605099138898e-10,
    "training_time_seconds": 1.4703807260011672,
    "evaluation_time_seconds": 0.053550074000668246,
    "parameter_names": [
        "s",
        "t0",
        "x0"
    ],
    "timestamp": "2026-05-26T09:37:41.983316"
}