{
  "observation_mode": "event_traces",
  "time_axis_size": 128,
  "records": [
    {
      "fraction": 0.25,
      "kept_steps": 32,
      "active_test_mae": 0.0066019431008432685,
      "test_mae": 0.002200648196986461
    },
    {
      "fraction": 0.5,
      "kept_steps": 64,
      "active_test_mae": 0.006605968706851945,
      "test_mae": 0.0022019900656560197
    },
    {
      "fraction": 0.75,
      "kept_steps": 96,
      "active_test_mae": 0.006605987046742645,
      "test_mae": 0.0022019961789529197
    },
    {
      "fraction": 1.0,
      "kept_steps": 128,
      "active_test_mae": 0.006605987046742645,
      "test_mae": 0.0022019961789529197
    }
  ]
}