{
    "train_mae": 0.0026967079550093815,
    "train_rmse": 0.00388581402362882,
    "test_mae": 0.0026643275952579508,
    "test_rmse": 0.004319683498443853,
    "per_parameter_mae_train": {
        "s": 0.005065242297153434,
        "t0": 0.0004264503083370769,
        "x0": 0.0025984312595376344
    },
    "per_parameter_mae_test": {
        "s": 0.005811185150877973,
        "t0": 0.0005462525149302225,
        "x0": 0.0016355451199656565
    },
    "per_parameter_rmse_train": {
        "s": 0.006008449196268792,
        "t0": 0.0005181827292645223,
        "x0": 0.002988089154232195
    },
    "per_parameter_rmse_test": {
        "s": 0.0072141840910578455,
        "t0": 0.0005693062546011607,
        "x0": 0.0019001144357601914
    },
    "train_data_loss": 0.9744002223014832,
    "train_physics_loss": 0.0035372136626392603,
    "train_total_loss": 0.9744002223014832,
    "train_actual_physics_residual": 2.364869966520189e-10,
    "test_data_loss": 0.9890031814575195,
    "test_physics_loss": 0.005099306348711252,
    "test_total_loss": 0.9890031814575195,
    "test_actual_physics_residual": 3.2109151448800333e-10,
    "training_time_seconds": 1.4665772189982818,
    "evaluation_time_seconds": 0.09316620800018427,
    "parameter_names": [
        "s",
        "t0",
        "x0"
    ],
    "timestamp": "2026-05-26T08:41:38.758762"
}