{
  "observation_mode": "event_traces",
  "time_axis_size": 128,
  "records": [
    {
      "fraction": 0.25,
      "kept_steps": 32,
      "active_test_mae": 0.003040165049781276,
      "test_mae": 0.003040165049781276
    },
    {
      "fraction": 0.5,
      "kept_steps": 64,
      "active_test_mae": 0.003034158019175006,
      "test_mae": 0.003034158019175006
    },
    {
      "fraction": 0.75,
      "kept_steps": 96,
      "active_test_mae": 0.0030236446290710303,
      "test_mae": 0.0030236446290710303
    },
    {
      "fraction": 1.0,
      "kept_steps": 128,
      "active_test_mae": 0.0030236446290710303,
      "test_mae": 0.0030236446290710303
    }
  ]
}