{
    "train_mae": 0.0030026763025935797,
    "train_rmse": 0.004032190437144269,
    "test_mae": 0.0030236446290710303,
    "test_rmse": 0.004174343891623102,
    "per_parameter_mae_train": {
        "s": 0.005615982416084501,
        "t0": 0.0005010002630368554,
        "x0": 0.002891046228659382
    },
    "per_parameter_mae_test": {
        "s": 0.00601920531650324,
        "t0": 0.00017722388978980846,
        "x0": 0.0028745046809200425
    },
    "per_parameter_rmse_train": {
        "s": 0.006181195428716788,
        "t0": 0.0005923087075160098,
        "x0": 0.0031965094448795986
    },
    "per_parameter_rmse_test": {
        "s": 0.0066199946829689086,
        "t0": 0.00021520051545867815,
        "x0": 0.0028991032945038424
    },
    "train_data_loss": 1.013056755065918,
    "train_physics_loss": 0.00374354375526309,
    "train_total_loss": 1.013056755065918,
    "train_actual_physics_residual": 2.0537377354301611e-10,
    "test_data_loss": 0.7059096097946167,
    "test_physics_loss": 0.004293876700103283,
    "test_total_loss": 0.7059096097946167,
    "test_actual_physics_residual": 2.212605099138898e-10,
    "training_time_seconds": 0.18383404399992287,
    "evaluation_time_seconds": 0.03229662700005065,
    "parameter_names": [
        "s",
        "t0",
        "x0"
    ],
    "timestamp": "2026-05-26T13:28:33.135702"
}