{
  "train": {
    "event_abs_mean": 0.015625,
    "event_active_fraction_gt_1e_6": 0.015625,
    "spike_mean": 0.0343710295855999,
    "spike_active_fraction_gt_0p5": 0.00315755233168602,
    "spike_count_per_sample_mean": 8.083333969116211,
    "first_spike_flat_index_mean": 851.5,
    "mem_abs_mean": 1.6922063827514648
  },
  "test": {
    "event_abs_mean": 0.015625,
    "event_active_fraction_gt_1e_6": 0.015625,
    "spike_mean": 0.03438138589262962,
    "spike_active_fraction_gt_0p5": 0.0033203125931322575,
    "spike_count_per_sample_mean": 8.5,
    "first_spike_flat_index_mean": 804.0,
    "mem_abs_mean": 1.6920422315597534
  }
}