{
  "train_observed_forward_residual": {
    "mean": 0.0016897983775477374,
    "median": 0.001836664871107849,
    "max": 0.003267257514168601,
    "mse": 3.7097187779676543e-06
  },
  "test_observed_forward_residual": {
    "mean": 0.0017002436421807152,
    "median": 0.0019171125399346151,
    "max": 0.002689190693579641,
    "mse": 3.901525170598456e-06
  },
  "train_clean_forward_residual": {
    "mean": 0.0016765406367674,
    "median": 0.00182438399417481,
    "max": 0.0032652650742274907,
    "mse": 3.6933630946152223e-06
  },
  "test_clean_forward_residual": {
    "mean": 0.001672270099275304,
    "median": 0.001923869474167519,
    "max": 0.0026657337209247236,
    "mse": 3.852479049629889e-06
  },
  "train_observation_noise_floor": {
    "mean": 0.0001410856490247488,
    "median": 0.00014169152917321902,
    "max": 0.00015721282214449435,
    "mse": 1.9954105670164806e-08
  },
  "test_observation_noise_floor": {
    "mean": 0.00014262986068046195,
    "median": 0.00014494687025660969,
    "max": 0.00015470605833434176,
    "mse": 2.0428450106933678e-08
  }
}
