{
  "observation_mode": "event_traces",
  "time_axis_size": 128,
  "records": [
    {
      "fraction": 0.25,
      "kept_steps": 32,
      "active_test_mae": 0.001218134725387683,
      "test_mae": 0.000812089816925122
    },
    {
      "fraction": 0.5,
      "kept_steps": 64,
      "active_test_mae": 0.0012178948740046204,
      "test_mae": 0.0008119299160030802
    },
    {
      "fraction": 0.75,
      "kept_steps": 96,
      "active_test_mae": 0.0012178948740046204,
      "test_mae": 0.0008119299160030802
    },
    {
      "fraction": 1.0,
      "kept_steps": 128,
      "active_test_mae": 0.0012178948740046204,
      "test_mae": 0.0008119299160030802
    }
  ]
}