{
    "train_mae": 5.2790319782441515e-05,
    "train_rmse": 0.00011875567843535196,
    "test_mae": 5.488485892731513e-05,
    "test_rmse": 0.00012330920028728643,
    "per_parameter_mae_train": {
        "a": 3.688988053512907e-05,
        "d": 0.00021617099916687805,
        "epsilon": 9.499490256914545e-11,
        "k": 0.0,
        "mu1": 6.36690230687732e-05,
        "mu2": 1.1920928966180355e-08
    },
    "per_parameter_mae_test": {
        "a": 3.972984340621356e-05,
        "d": 0.00022006317590338485,
        "epsilon": 9.499490256914545e-11,
        "k": 0.0,
        "mu1": 6.95041183304236e-05,
        "mu2": 1.1920928966180355e-08
    },
    "per_parameter_rmse_train": {
        "a": 4.815917354024539e-05,
        "d": 0.00027435622848662276,
        "epsilon": 9.499490256914543e-11,
        "k": 0.0,
        "mu1": 8.382613385003093e-05,
        "mu2": 1.1920928966180357e-08
    },
    "per_parameter_rmse_test": {
        "a": 5.436371364552872e-05,
        "d": 0.0002815601061813979,
        "epsilon": 9.499490256914543e-11,
        "k": 0.0,
        "mu1": 9.486541180330166e-05,
        "mu2": 1.1920928966180355e-08
    },
    "train_data_loss": 0.0032443224918097258,
    "train_physics_loss": 0.0009682861273176968,
    "train_total_loss": 0.0032443224918097258,
    "train_actual_physics_residual": 0.0009683195385150611,
    "test_data_loss": 0.0039873430505394936,
    "test_physics_loss": 0.0009671528241597116,
    "test_total_loss": 0.0039873430505394936,
    "test_actual_physics_residual": 0.0009672476444393396,
    "training_time_seconds": 89.55089039000086,
    "evaluation_time_seconds": 0.179466820001835,
    "parameter_names": [
        "a",
        "d",
        "epsilon",
        "k",
        "mu1",
        "mu2"
    ],
    "timestamp": "2026-05-10T22:16:57.610612"
}