{
    "train_mae": 0.0027605741412616907,
    "train_rmse": 0.004027472186989112,
    "test_mae": 0.002795356852675661,
    "test_rmse": 0.003997732676803011,
    "per_parameter_mae_train": {
        "s": 0.005474943654075426,
        "t0": 0.0005121031127015712,
        "x0": 0.002294675657008075
    },
    "per_parameter_mae_test": {
        "s": 0.005360778726365679,
        "t0": 0.0007412006917682235,
        "x0": 0.002284091139893081
    },
    "per_parameter_rmse_train": {
        "s": 0.006394246957136973,
        "t0": 0.0005937710920458579,
        "x0": 0.002724451943475573
    },
    "per_parameter_rmse_test": {
        "s": 0.006369194110909778,
        "t0": 0.00076086511091354,
        "x0": 0.002607690611649017
    },
    "train_data_loss": 1.0073893070220947,
    "train_physics_loss": 0.0040060412138700485,
    "train_total_loss": 1.0073893070220947,
    "train_actual_physics_residual": 2.6906588068698056e-10,
    "test_data_loss": 1.1920154094696045,
    "test_physics_loss": 0.003974720370024443,
    "test_total_loss": 1.1920154094696045,
    "test_actual_physics_residual": 2.949215871517197e-10,
    "training_time_seconds": 0.2234490039991215,
    "evaluation_time_seconds": 0.01811394700052915,
    "parameter_names": [
        "s",
        "t0",
        "x0"
    ],
    "timestamp": "2026-05-26T09:21:58.312370"
}