{
  "train_observed_forward_residual": {
    "mean": 1.4092662950865064e-05,
    "median": 1.4088198934911362e-05,
    "max": 1.54125794565369e-05,
    "mse": 1.98972642258653e-10
  },
  "test_observed_forward_residual": {
    "mean": 1.442908346403717e-05,
    "median": 1.4309722304665637e-05,
    "max": 1.604728665296299e-05,
    "mse": 2.088057810212159e-10
  },
  "train_clean_forward_residual": {
    "mean": 1.1858829475719408e-06,
    "median": 1.101758663548151e-06,
    "max": 2.3474925347689376e-06,
    "mse": 1.6618456029951177e-12
  },
  "test_clean_forward_residual": {
    "mean": 2.042340736760765e-06,
    "median": 1.9631691088049814e-06,
    "max": 3.832124620117976e-06,
    "mse": 5.160853667339926e-12
  },
  "train_observation_noise_floor": {
    "mean": 1.4152128968948477e-05,
    "median": 1.410675971143176e-05,
    "max": 1.5459872119662006e-05,
    "mse": 2.0063566377960403e-10
  },
  "test_observation_noise_floor": {
    "mean": 1.4601357929880621e-05,
    "median": 1.4542143921397978e-05,
    "max": 1.649943843001017e-05,
    "mse": 2.1396734238629708e-10
  }
}
