{
    "train_mae": 0.0016435677666220539,
    "train_rmse": 0.002670548127770708,
    "test_mae": 0.00297143451497771,
    "test_rmse": 0.004385463275194576,
    "per_parameter_mae_train": {
        "s": 0.0034951207096574435,
        "t0": 0.0003187777098241157,
        "x0": 0.0011168048803846026
    },
    "per_parameter_mae_test": {
        "s": 0.0060422114358878835,
        "t0": 0.0005799499183556683,
        "x0": 0.0022921421906895788
    },
    "per_parameter_rmse_train": {
        "s": 0.004405243531539174,
        "t0": 0.00038974554793039907,
        "x0": 0.0013555108793069863
    },
    "per_parameter_rmse_test": {
        "s": 0.007078070406703882,
        "t0": 0.0006951106560334116,
        "x0": 0.0026673216731119185
    },
    "train_data_loss": 0.34848302602767944,
    "train_physics_loss": 0.0019014152931049466,
    "train_total_loss": 0.34848302602767944,
    "train_actual_physics_residual": 2.6961671784064833e-10,
    "test_data_loss": 1.0773411989212036,
    "test_physics_loss": 0.0049086990766227245,
    "test_total_loss": 1.0773411989212036,
    "test_actual_physics_residual": 3.0572303022502467e-10,
    "training_time_seconds": 6.030091215000084,
    "evaluation_time_seconds": 0.07383231499989051,
    "parameter_names": [
        "s",
        "t0",
        "x0"
    ],
    "timestamp": "2026-05-24T14:15:38.676981"
}