{
    "train_mae": 0.0016331580886543415,
    "train_rmse": 0.0027661033356694473,
    "test_mae": 0.0019368966848816187,
    "test_rmse": 0.0033272701475889543,
    "per_parameter_mae_train": {
        "s": 0.00366028492123962,
        "t0": 0.0005058289937369103,
        "x0": 0.0007333603509864947
    },
    "per_parameter_mae_test": {
        "s": 0.0045155696997295665,
        "t0": 0.00039434073885474656,
        "x0": 0.0009007796160605435
    },
    "per_parameter_rmse_train": {
        "s": 0.0046587578492819515,
        "t0": 0.0005812648719465365,
        "x0": 0.0009550337382520669
    },
    "per_parameter_rmse_test": {
        "s": 0.005637895607555369,
        "t0": 0.0004686158262328112,
        "x0": 0.001098504542922729
    },
    "train_data_loss": 0.48268091678619385,
    "train_physics_loss": 0.00212655495852232,
    "train_total_loss": 0.48268091678619385,
    "train_actual_physics_residual": 2.6961671784064833e-10,
    "test_data_loss": 0.4694090783596039,
    "test_physics_loss": 0.003114373190328479,
    "test_total_loss": 0.4694090783596039,
    "test_actual_physics_residual": 3.0572303022502467e-10,
    "training_time_seconds": 6.251040279003064,
    "evaluation_time_seconds": 0.07456006999927922,
    "parameter_names": [
        "s",
        "t0",
        "x0"
    ],
    "timestamp": "2026-05-26T01:50:18.075614"
}