{
    "train_mae": 0.0012673595296483178,
    "train_rmse": 0.0017301943423684843,
    "test_mae": 0.002032016392104395,
    "test_rmse": 0.002909324831400075,
    "per_parameter_mae_train": {
        "s": 0.0019236823565001449,
        "t0": 0.0002653952805862179,
        "x0": 0.0016130009518585907
    },
    "per_parameter_mae_test": {
        "s": 0.0031176133050859756,
        "t0": 0.0002529279010844501,
        "x0": 0.00272550797014276
    },
    "per_parameter_rmse_train": {
        "s": 0.0023839854251399293,
        "t0": 0.0003066318762618488,
        "x0": 0.0017897786936580354
    },
    "per_parameter_rmse_test": {
        "s": 0.004171642118717493,
        "t0": 0.00035401999131374546,
        "x0": 0.0028043867070886757
    },
    "train_data_loss": 0.24709197878837585,
    "train_physics_loss": 0.0005568654160015285,
    "train_total_loss": 0.24709197878837585,
    "train_actual_physics_residual": 2.0537377354301611e-10,
    "test_data_loss": 0.5341295003890991,
    "test_physics_loss": 0.001705086324363947,
    "test_total_loss": 0.5341295003890991,
    "test_actual_physics_residual": 2.212605099138898e-10,
    "training_time_seconds": 0.24458000300001004,
    "evaluation_time_seconds": 0.05425688000104856,
    "parameter_names": [
        "s",
        "t0",
        "x0"
    ],
    "timestamp": "2026-05-26T10:42:27.210528"
}