{
    "train_mae": 0.002173514931800648,
    "train_rmse": 0.003231082536432801,
    "test_mae": 0.002917712723631768,
    "test_rmse": 0.0043734512429692085,
    "per_parameter_mae_train": {
        "s": 0.004225796033174627,
        "t0": 0.0004428547399160059,
        "x0": 0.0018518940223113105
    },
    "per_parameter_mae_test": {
        "s": 0.006236095331533678,
        "t0": 0.0004808704186904063,
        "x0": 0.0020361724206712207
    },
    "per_parameter_rmse_train": {
        "s": 0.005110768292201356,
        "t0": 0.0005118474351062562,
        "x0": 0.0022221032240486603
    },
    "per_parameter_rmse_test": {
        "s": 0.007108657760846454,
        "t0": 0.0006177791940439099,
        "x0": 0.002542943379324571
    },
    "train_data_loss": 0.6224879026412964,
    "train_physics_loss": 0.0025592315942049026,
    "train_total_loss": 0.6224879026412964,
    "train_actual_physics_residual": 2.6961671784064833e-10,
    "test_data_loss": 0.9673438668251038,
    "test_physics_loss": 0.0049512204714119434,
    "test_total_loss": 0.9673438668251038,
    "test_actual_physics_residual": 3.0572303022502467e-10,
    "training_time_seconds": 6.505840542999067,
    "evaluation_time_seconds": 0.08133232699765358,
    "parameter_names": [
        "s",
        "t0",
        "x0"
    ],
    "timestamp": "2026-05-26T01:52:50.668924"
}