{
  "train_observed_forward_residual": {
    "mean": 0.000337860001628471,
    "median": 0.00037287792552372697,
    "max": 0.0006147942308886023,
    "mse": 1.4892710026175786e-07
  },
  "test_observed_forward_residual": {
    "mean": 0.00034028117679017614,
    "median": 0.0003736859478989616,
    "max": 0.000568356407339979,
    "mse": 1.6027513807854795e-07
  },
  "train_clean_forward_residual": {
    "mean": 0.00033706586864494406,
    "median": 0.00037326263354279393,
    "max": 0.0006146857935782999,
    "mse": 1.4884520169429353e-07
  },
  "test_clean_forward_residual": {
    "mean": 0.0003383681186880285,
    "median": 0.00037147938801432973,
    "max": 0.0005678744736789459,
    "mse": 1.5970696650101705e-07
  },
  "train_observation_noise_floor": {
    "mean": 1.4152128968948476e-05,
    "median": 1.4106759711430909e-05,
    "max": 1.5459872119662822e-05,
    "mse": 2.0063566377960442e-10
  },
  "test_observation_noise_floor": {
    "mean": 1.4601357929880484e-05,
    "median": 1.4542143921397978e-05,
    "max": 1.649943843001017e-05,
    "mse": 2.13967342386293e-10
  }
}
