{
  "observation_mode": "event_traces",
  "time_axis_size": 128,
  "records": [
    {
      "fraction": 0.25,
      "kept_steps": 32,
      "active_test_mae": 0.006593946908498016,
      "test_mae": 0.002197982799538043
    },
    {
      "fraction": 0.5,
      "kept_steps": 64,
      "active_test_mae": 0.006593369201940962,
      "test_mae": 0.002197790230685692
    },
    {
      "fraction": 0.75,
      "kept_steps": 96,
      "active_test_mae": 0.006593369201940962,
      "test_mae": 0.002197790230685692
    },
    {
      "fraction": 1.0,
      "kept_steps": 128,
      "active_test_mae": 0.006593369201940962,
      "test_mae": 0.002197790230685692
    }
  ]
}