{
  "train": {
    "event_abs_mean": 0.015625,
    "event_active_fraction_gt_1e_6": 0.015625,
    "spike_mean": 0.05880941078066826,
    "spike_active_fraction_gt_0p5": 0.004687500186264515,
    "spike_count_per_sample_mean": 12.0,
    "first_spike_flat_index_mean": 170.1666717529297,
    "mem_abs_mean": 0.8353539109230042
  },
  "test": {
    "event_abs_mean": 0.015625,
    "event_active_fraction_gt_1e_6": 0.015625,
    "spike_mean": 0.058809127658605576,
    "spike_active_fraction_gt_0p5": 0.0047851563431322575,
    "spike_count_per_sample_mean": 12.25,
    "first_spike_flat_index_mean": 152.25,
    "mem_abs_mean": 0.8353204131126404
  }
}