{
    "train_mae": 0.0024440188410309897,
    "train_rmse": 0.003507788910631133,
    "test_mae": 0.002807822151054309,
    "test_rmse": 0.004011374707595329,
    "per_parameter_mae_train": {
        "s": 0.004787577327970595,
        "t0": 0.0004430483158797756,
        "x0": 0.0021014308792425994
    },
    "per_parameter_mae_test": {
        "s": 0.005164890353797695,
        "t0": 0.0007409622731891219,
        "x0": 0.0025176138261761103
    },
    "per_parameter_rmse_train": {
        "s": 0.005547958622926526,
        "t0": 0.0005078421435592436,
        "x0": 0.002424046327973253
    },
    "per_parameter_rmse_test": {
        "s": 0.0062562591067388965,
        "t0": 0.0007730440177037765,
        "x0": 0.002921473270499928
    },
    "train_data_loss": 0.7640904784202576,
    "train_physics_loss": 0.003015801077708602,
    "train_total_loss": 0.7640904784202576,
    "train_actual_physics_residual": 2.6906588068698056e-10,
    "test_data_loss": 1.2752476930618286,
    "test_physics_loss": 0.0038350154645740986,
    "test_total_loss": 1.2752476930618286,
    "test_actual_physics_residual": 2.949215871517197e-10,
    "training_time_seconds": 3.7897191629999725,
    "evaluation_time_seconds": 0.06125496000095154,
    "parameter_names": [
        "s",
        "t0",
        "x0"
    ],
    "timestamp": "2026-05-24T21:30:16.308977"
}