{
    "train_mae": 0.0028921895733160746,
    "train_rmse": 0.0041284166668409394,
    "test_mae": 0.002699310300697757,
    "test_rmse": 0.004194468817450277,
    "per_parameter_mae_train": {
        "s": 0.005291971567085478,
        "t0": 0.0005016124524092359,
        "x0": 0.0028829847004535106
    },
    "per_parameter_mae_test": {
        "s": 0.005021036132772161,
        "t0": 0.00019863499578021832,
        "x0": 0.002878259773540892
    },
    "per_parameter_rmse_train": {
        "s": 0.006387420340696459,
        "t0": 0.0005889609797109274,
        "x0": 0.0031599776709314307
    },
    "per_parameter_rmse_test": {
        "s": 0.006662749342961729,
        "t0": 0.0002338164971239004,
        "x0": 0.0028868333897583928
    },
    "train_data_loss": 1.0241658687591553,
    "train_physics_loss": 0.003997511696070433,
    "train_total_loss": 1.0241658687591553,
    "train_actual_physics_residual": 2.0537377354301611e-10,
    "test_data_loss": 0.7166497111320496,
    "test_physics_loss": 0.004349517170339823,
    "test_total_loss": 0.7166497111320496,
    "test_actual_physics_residual": 2.212605099138898e-10,
    "training_time_seconds": 0.4490549940001074,
    "evaluation_time_seconds": 0.09888749400033703,
    "parameter_names": [
        "s",
        "t0",
        "x0"
    ],
    "timestamp": "2026-05-26T14:29:40.437123"
}