{
  "train_observed_forward_residual": {
    "mean": 0.00014050376221008597,
    "median": 0.00014115933856320142,
    "max": 0.0001568092414615529,
    "mse": 1.9791020448226616e-08
  },
  "test_observed_forward_residual": {
    "mean": 0.00014174309410705058,
    "median": 0.00014397410775047022,
    "max": 0.00015428645709550284,
    "mse": 2.0174662992811253e-08
  },
  "train_clean_forward_residual": {
    "mean": 1.1433287366910602e-05,
    "median": 1.0331245567518138e-05,
    "max": 2.421125022420374e-05,
    "mse": 1.6304384337852148e-10
  },
  "test_clean_forward_residual": {
    "mean": 1.5529667690192777e-05,
    "median": 1.6764554552197617e-05,
    "max": 2.209532222329802e-05,
    "mse": 2.539501008935916e-10
  },
  "train_observation_noise_floor": {
    "mean": 0.0001410856490247488,
    "median": 0.00014169152917321902,
    "max": 0.00015721282214449435,
    "mse": 1.9954105670164806e-08
  },
  "test_observation_noise_floor": {
    "mean": 0.00014262986068046195,
    "median": 0.00014494687025660969,
    "max": 0.00015470605833434176,
    "mse": 2.0428450106933678e-08
  }
}
