{
    "train_mae": 1.782863985696522e-05,
    "train_rmse": 4.529384440487739e-05,
    "test_mae": 3.810752448857204e-05,
    "test_rmse": 0.00013637893792472504,
    "per_parameter_mae_train": {
        "a": 1.823536204291242e-05,
        "beta": 0.0,
        "d": 7.876051752946062e-05,
        "epsilon": 2.2351741811588166e-10,
        "gamma": 9.975736052000154e-06,
        "k": 0.0
    },
    "per_parameter_mae_test": {
        "a": 3.059029048416151e-05,
        "beta": 0.0,
        "d": 0.00017798498428952452,
        "epsilon": 2.2351741811588166e-10,
        "gamma": 2.0069648640328112e-05,
        "k": 0.0
    },
    "per_parameter_rmse_train": {
        "a": 2.315357334587012e-05,
        "beta": 0.0,
        "d": 0.00010785507630764175,
        "epsilon": 2.2351741811588166e-10,
        "gamma": 1.1848569609015473e-05,
        "k": 0.0
    },
    "per_parameter_rmse_test": {
        "a": 3.939807205276751e-05,
        "beta": 0.0,
        "d": 0.0003306552992796342,
        "epsilon": 2.2351741811588169e-10,
        "gamma": 2.6648700411587174e-05,
        "k": 0.0
    },
    "train_data_loss": 0.00026499576051719487,
    "train_physics_loss": 0.0,
    "train_total_loss": 0.00026499576051719487,
    "train_actual_physics_residual": 0.0,
    "test_data_loss": 0.0017220977460965514,
    "test_physics_loss": 0.0,
    "test_total_loss": 0.0017220977460965514,
    "test_actual_physics_residual": 0.0,
    "training_time_seconds": 133.48998139701143,
    "evaluation_time_seconds": 0.5000734289933462,
    "parameter_names": [
        "a",
        "beta",
        "d",
        "epsilon",
        "gamma",
        "k"
    ],
    "timestamp": "2026-06-02T14:22:41.155634"
}