{
    "train_mae": 0.002798672720940848,
    "train_rmse": 0.004076162286677641,
    "test_mae": 0.002669498679194974,
    "test_rmse": 0.003945618198224215,
    "per_parameter_mae_train": {
        "s": 0.005546304097428879,
        "t0": 0.000526473781539172,
        "x0": 0.002323240283854492
    },
    "per_parameter_mae_test": {
        "s": 0.005253123567955973,
        "t0": 0.0007351433697429244,
        "x0": 0.002020229099886024
    },
    "per_parameter_rmse_train": {
        "s": 0.006465348626227326,
        "t0": 0.0005925201753816074,
        "x0": 0.0027737130250091585
    },
    "per_parameter_rmse_test": {
        "s": 0.00637849781468075,
        "t0": 0.0007577901657786337,
        "x0": 0.002333287078615999
    },
    "train_data_loss": 1.0256954431533813,
    "train_physics_loss": 0.004095626994967461,
    "train_total_loss": 1.0256954431533813,
    "train_actual_physics_residual": 2.6906588068698056e-10,
    "test_data_loss": 1.1280924081802368,
    "test_physics_loss": 0.003986340947449207,
    "test_total_loss": 1.1280924081802368,
    "test_actual_physics_residual": 2.949215871517197e-10,
    "training_time_seconds": 12.49202781799977,
    "evaluation_time_seconds": 0.16273976899992704,
    "parameter_names": [
        "s",
        "t0",
        "x0"
    ],
    "timestamp": "2026-05-26T16:56:20.642152"
}