{
    "train_mae": 0.002957315719195502,
    "train_rmse": 0.00401039663892792,
    "test_mae": 0.002939292259961241,
    "test_rmse": 0.004117999378379117,
    "per_parameter_mae_train": {
        "s": 0.0054975181845934125,
        "t0": 0.0004985074229454678,
        "x0": 0.002875921550047627
    },
    "per_parameter_mae_test": {
        "s": 0.005660027727086736,
        "t0": 0.0002939241963245756,
        "x0": 0.0028639248564724107
    },
    "per_parameter_rmse_train": {
        "s": 0.006156281025033689,
        "t0": 0.000581791583793078,
        "x0": 0.00316410589241428
    },
    "per_parameter_rmse_test": {
        "s": 0.006520776855938249,
        "t0": 0.00032069440391166676,
        "x0": 0.002872347634836738
    },
    "train_data_loss": 0.9915437698364258,
    "train_physics_loss": 0.0037134289741516113,
    "train_total_loss": 0.9915437698364258,
    "train_actual_physics_residual": 2.0537377354301611e-10,
    "test_data_loss": 0.7444019317626953,
    "test_physics_loss": 0.004166129976511002,
    "test_total_loss": 0.7444019317626953,
    "test_actual_physics_residual": 2.212605099138898e-10,
    "training_time_seconds": 0.34893215600004623,
    "evaluation_time_seconds": 0.07643670000015845,
    "parameter_names": [
        "s",
        "t0",
        "x0"
    ],
    "timestamp": "2026-05-26T14:20:09.048393"
}