{
  "train": {
    "event_abs_mean": 0.015625,
    "event_active_fraction_gt_1e_6": 0.015625,
    "spike_mean": 0.06277278810739517,
    "spike_active_fraction_gt_0p5": 0.00498046912252903,
    "spike_count_per_sample_mean": 12.75,
    "first_spike_flat_index_mean": 570.4166870117188,
    "mem_abs_mean": 1.3056747913360596
  },
  "test": {
    "event_abs_mean": 0.015625,
    "event_active_fraction_gt_1e_6": 0.015625,
    "spike_mean": 0.06278184056282043,
    "spike_active_fraction_gt_0p5": 0.0049804686568677425,
    "spike_count_per_sample_mean": 12.75,
    "first_spike_flat_index_mean": 608.5,
    "mem_abs_mean": 1.3056460618972778
  }
}