{
  "train": {
    "event_abs_mean": 0.015625,
    "event_active_fraction_gt_1e_6": 0.015625,
    "spike_mean": 0.06991078704595566,
    "spike_active_fraction_gt_0p5": 0.004166666883975267,
    "spike_count_per_sample_mean": 10.666666984558105,
    "first_spike_flat_index_mean": 361.5833435058594,
    "mem_abs_mean": 1.6333575248718262
  },
  "test": {
    "event_abs_mean": 0.015625,
    "event_active_fraction_gt_1e_6": 0.015625,
    "spike_mean": 0.06990449875593185,
    "spike_active_fraction_gt_0p5": 0.004101562779396772,
    "spike_count_per_sample_mean": 10.5,
    "first_spike_flat_index_mean": 276.0,
    "mem_abs_mean": 1.6335220336914062
  }
}