{
    "train_mae": 0.0013661621219952659,
    "train_rmse": 0.0022270453243230307,
    "test_mae": 0.001749316079950855,
    "test_rmse": 0.0028757555046579537,
    "per_parameter_mae_train": {
        "s": 0.0032091233136324554,
        "t0": 0.0005043108202515768,
        "x0": 0.00038505223210176493
    },
    "per_parameter_mae_test": {
        "s": 0.004046852189012906,
        "t0": 0.0007232682905145965,
        "x0": 0.0004778277603250626
    },
    "per_parameter_rmse_train": {
        "s": 0.0037837123040065875,
        "t0": 0.000583613752179847,
        "x0": 0.00047128422267559377
    },
    "per_parameter_rmse_test": {
        "s": 0.004888707418043202,
        "t0": 0.0007430649704720848,
        "x0": 0.0005985844954041552
    },
    "train_data_loss": 0.4530380964279175,
    "train_physics_loss": 0.001402727677486837,
    "train_total_loss": 0.4530380964279175,
    "train_actual_physics_residual": 2.6906588068698056e-10,
    "test_data_loss": 0.740108072757721,
    "test_physics_loss": 0.0023416720796376467,
    "test_total_loss": 0.740108072757721,
    "test_actual_physics_residual": 2.949215871517197e-10,
    "training_time_seconds": 3.176037802997598,
    "evaluation_time_seconds": 0.06617960999938077,
    "parameter_names": [
        "s",
        "t0",
        "x0"
    ],
    "timestamp": "2026-05-26T09:30:17.544362"
}