{
  "train": {
    "event_abs_mean": 0.015625,
    "event_active_fraction_gt_1e_6": 0.015625,
    "spike_mean": 0.06464052200317383,
    "spike_active_fraction_gt_0p5": 0.006868490017950535,
    "spike_count_per_sample_mean": 17.58333396911621,
    "first_spike_flat_index_mean": 145.0,
    "mem_abs_mean": 0.8199778199195862
  },
  "test": {
    "event_abs_mean": 0.015625,
    "event_active_fraction_gt_1e_6": 0.015625,
    "spike_mean": 0.06462807953357697,
    "spike_active_fraction_gt_0p5": 0.006640625186264515,
    "spike_count_per_sample_mean": 17.0,
    "first_spike_flat_index_mean": 145.0,
    "mem_abs_mean": 0.8200705647468567
  }
}