{
    "train_mae": 0.0003148332808382575,
    "train_rmse": 0.000694794353918167,
    "test_mae": 0.0008792375481818025,
    "test_rmse": 0.0021914908368082784,
    "per_parameter_mae_train": {
        "a": 0.0002949926261706652,
        "beta": 0.0,
        "d": 0.0014563980838038402,
        "epsilon": 2.2351741811588166e-10,
        "gamma": 0.00013760875153762155,
        "k": 0.0
    },
    "per_parameter_mae_test": {
        "a": 0.0005179443594912347,
        "beta": 0.0,
        "d": 0.004530110727865156,
        "epsilon": 2.2351741811588166e-10,
        "gamma": 0.00022736997821700688,
        "k": 0.0
    },
    "per_parameter_rmse_train": {
        "a": 0.00034081717382546903,
        "beta": 0.0,
        "d": 0.0016597870388022793,
        "epsilon": 2.2351741811588166e-10,
        "gamma": 0.0001593292354494611,
        "k": 0.0
    },
    "per_parameter_rmse_test": {
        "a": 0.0006505521575139742,
        "beta": 0.0,
        "d": 0.00532049935116032,
        "epsilon": 2.2351741811588164e-10,
        "gamma": 0.000291309236970554,
        "k": 0.0
    },
    "train_data_loss": 0.05519520491361618,
    "train_physics_loss": 0.0,
    "train_total_loss": 0.05519520491361618,
    "train_actual_physics_residual": 0.0,
    "test_data_loss": 0.38232022523880005,
    "test_physics_loss": 0.0,
    "test_total_loss": 0.38232022523880005,
    "test_actual_physics_residual": 0.0,
    "training_time_seconds": 223.95047947400008,
    "evaluation_time_seconds": 1.0824053849999018,
    "parameter_names": [
        "a",
        "beta",
        "d",
        "epsilon",
        "gamma",
        "k"
    ],
    "timestamp": "2026-06-09T20:30:46.120473"
}