{
  "train": {
    "event_abs_mean": 0.015625,
    "event_active_fraction_gt_1e_6": 0.015625,
    "spike_mean": 0.04780016094446182,
    "spike_active_fraction_gt_0p5": 0.0034830730874091387,
    "spike_count_per_sample_mean": 8.916666984558105,
    "first_spike_flat_index_mean": 224.6666717529297,
    "mem_abs_mean": 0.9028600454330444
  },
  "test": {
    "event_abs_mean": 0.015625,
    "event_active_fraction_gt_1e_6": 0.015625,
    "spike_mean": 0.0478159599006176,
    "spike_active_fraction_gt_0p5": 0.0038085938431322575,
    "spike_count_per_sample_mean": 9.75,
    "first_spike_flat_index_mean": 224.5,
    "mem_abs_mean": 0.9025539755821228
  }
}