{
    "train_mae": 0.00043337882197010206,
    "train_rmse": 0.0007288401131630706,
    "test_mae": 0.0008500521145754138,
    "test_rmse": 0.0012983047554507275,
    "per_parameter_mae_train": {
        "s": 0.0009119244318111693,
        "t0": 0.000107055156165915,
        "x0": 0.000281156877933222
    },
    "per_parameter_mae_test": {
        "s": 0.001698032542922855,
        "t0": 0.00046385888826316836,
        "x0": 0.0003882649125402179
    },
    "per_parameter_rmse_train": {
        "s": 0.0012013896210720776,
        "t0": 0.00013757687108441113,
        "x0": 0.0003624352557210533
    },
    "per_parameter_rmse_test": {
        "s": 0.002130285448999448,
        "t0": 0.0005433721289597233,
        "x0": 0.00047266938691745104
    },
    "train_data_loss": 0.032124314457178116,
    "train_physics_loss": 0.00014141907740850002,
    "train_total_loss": 0.032124314457178116,
    "train_actual_physics_residual": 2.6961671784064833e-10,
    "test_data_loss": 0.29164811968803406,
    "test_physics_loss": 0.00044464695383794606,
    "test_total_loss": 0.29164811968803406,
    "test_actual_physics_residual": 3.0572303022502467e-10,
    "training_time_seconds": 34.62850337399868,
    "evaluation_time_seconds": 0.14994862300227396,
    "parameter_names": [
        "s",
        "t0",
        "x0"
    ],
    "timestamp": "2026-05-24T03:46:00.785868"
}