{
    "train_mae": 0.0023679718051973254,
    "train_rmse": 0.0038788093939237014,
    "test_mae": 0.0026526940201341068,
    "test_rmse": 0.004386150567778546,
    "per_parameter_mae_train": {
        "s": 0.005630914555439445,
        "t0": 0.000547514920720614,
        "x0": 0.0009254859394319183
    },
    "per_parameter_mae_test": {
        "s": 0.006568519287853163,
        "t0": 0.00042895242473312906,
        "x0": 0.0009606103478160288
    },
    "per_parameter_rmse_train": {
        "s": 0.006592064200907046,
        "t0": 0.0006118631065271803,
        "x0": 0.001142716085982384
    },
    "per_parameter_rmse_test": {
        "s": 0.007493553025274547,
        "t0": 0.0005060237867229678,
        "x0": 0.0011426081543300004
    },
    "train_data_loss": 0.6896041035652161,
    "train_physics_loss": 0.004257745575159788,
    "train_total_loss": 0.6896041035652161,
    "train_actual_physics_residual": 2.6961671784064833e-10,
    "test_data_loss": 0.6829066872596741,
    "test_physics_loss": 0.00550189521163702,
    "test_total_loss": 0.6829066872596741,
    "test_actual_physics_residual": 3.0572303022502467e-10,
    "training_time_seconds": 13.6787173599987,
    "evaluation_time_seconds": 0.05672236799728125,
    "parameter_names": [
        "s",
        "t0",
        "x0"
    ],
    "timestamp": "2026-05-24T05:50:50.990909"
}