{
  "train_observed_forward_residual": {
    "mean": 0.001409378976872868,
    "median": 0.0014083930713367913,
    "max": 0.0015413489804591905,
    "mse": 1.990025647113956e-06
  },
  "test_observed_forward_residual": {
    "mean": 0.00144292846126759,
    "median": 0.0014312311981255984,
    "max": 0.0016046658978774915,
    "mse": 2.088109276889088e-06
  },
  "train_clean_forward_residual": {
    "mean": 0.00012269039498447276,
    "median": 0.00011965601452047654,
    "max": 0.00023364778726849139,
    "mse": 1.774621784141585e-08
  },
  "test_clean_forward_residual": {
    "mean": 0.00020298036469268608,
    "median": 0.00019833032937903724,
    "max": 0.0003843174288369549,
    "mse": 5.1291283388568496e-08
  },
  "train_observation_noise_floor": {
    "mean": 0.0014152128968945,
    "median": 0.0014106759711393448,
    "max": 0.001545987211966748,
    "mse": 2.0063566377951176e-06
  },
  "test_observation_noise_floor": {
    "mean": 0.001460135792988409,
    "median": 0.0014542143921410608,
    "max": 0.0016499438430055671,
    "mse": 2.139673423864192e-06
  }
}
