{
    "train_mae": 0.0021839252437473766,
    "train_rmse": 0.0039017130545562035,
    "test_mae": 0.002396859948101092,
    "test_rmse": 0.004284836221150953,
    "per_parameter_mae_train": {
        "s": 0.005798359217539829,
        "t0": 0.0005639696836662098,
        "x0": 0.00018944683003609158
    },
    "per_parameter_mae_test": {
        "s": 0.006615074462584554,
        "t0": 0.0004439444256981008,
        "x0": 0.00013156095602062017
    },
    "per_parameter_rmse_train": {
        "s": 0.0067229340997700445,
        "t0": 0.0006270780604117013,
        "x0": 0.0002811129249649263
    },
    "per_parameter_rmse_test": {
        "s": 0.00739995048734639,
        "t0": 0.0005216415122332712,
        "x0": 0.00021928803842989272
    },
    "train_data_loss": 0.6660270690917969,
    "train_physics_loss": 0.0044284784235060215,
    "train_total_loss": 0.6660270690917969,
    "train_actual_physics_residual": 2.6961671784064833e-10,
    "test_data_loss": 0.6326797008514404,
    "test_physics_loss": 0.005365304183214903,
    "test_total_loss": 0.6326797008514404,
    "test_actual_physics_residual": 3.0572303022502467e-10,
    "training_time_seconds": 13.500522898997588,
    "evaluation_time_seconds": 0.03686863799885032,
    "parameter_names": [
        "s",
        "t0",
        "x0"
    ],
    "timestamp": "2026-05-24T04:32:26.874736"
}