{
  "train_polynomial_residual": {
    "mean": 1.4420082220839357e-05,
    "median": 1.4539060650610833e-05,
    "max": 1.5722495773241253e-05,
    "mse": 2.0845158102641556e-10
  },
  "test_polynomial_residual": {
    "mean": 1.4507704904559503e-05,
    "median": 1.4408278374635722e-05,
    "max": 1.6049095580219054e-05,
    "mse": 2.109826271844651e-10
  },
  "train_forward_linear_error": {
    "mean": 0.00021952449848541787,
    "median": 0.0002001097408940606,
    "max": 0.0005165740572920418,
    "mse": 7.581874720281461e-08
  },
  "test_forward_linear_error": {
    "mean": 0.00011368509433184943,
    "median": 8.403370908429506e-05,
    "max": 0.00030453019550453044,
    "mse": 2.057311336816846e-08
  },
  "train_forward_quadratic_error": {
    "mean": 1.4343905777389597e-05,
    "median": 1.4374300910030481e-05,
    "max": 1.5457850164637733e-05,
    "mse": 2.0617351209710238e-10
  },
  "test_forward_quadratic_error": {
    "mean": 1.4681821648270122e-05,
    "median": 1.4707423584635622e-05,
    "max": 1.6444613592930653e-05,
    "mse": 2.161969866816859e-10
  },
  "train_observed_forward_residual": {
    "mean": 1.4159032141020834e-05,
    "median": 1.4193148624293947e-05,
    "max": 1.5415273669366015e-05,
    "mse": 2.008623951115485e-10
  },
  "test_observed_forward_residual": {
    "mean": 1.4432546088194709e-05,
    "median": 1.4316698790611567e-05,
    "max": 1.604669205902603e-05,
    "mse": 2.0890120529561924e-10
  },
  "train_clean_forward_residual": {
    "mean": 1.6749147335863478e-06,
    "median": 1.555616085361445e-06,
    "max": 4.658556119658362e-06,
    "mse": 3.894339789607013e-12
  },
  "test_clean_forward_residual": {
    "mean": 1.9514082619492646e-06,
    "median": 1.987782520624504e-06,
    "max": 3.8714046444042814e-06,
    "mse": 4.907167817174916e-12
  },
  "train_observation_noise_floor": {
    "mean": 1.4152128968948476e-05,
    "median": 1.4106759711430909e-05,
    "max": 1.5459872119662822e-05,
    "mse": 2.0063566377960442e-10
  },
  "test_observation_noise_floor": {
    "mean": 1.4601357929880484e-05,
    "median": 1.4542143921397978e-05,
    "max": 1.649943843001017e-05,
    "mse": 2.13967342386293e-10
  }
}
