{
    "train_mae": 0.04844482737889818,
    "train_rmse": 0.07894290578929176,
    "test_mae": 0.051623851544154976,
    "test_rmse": 0.09544495032753542,
    "per_parameter_mae_train": {
        "beta": 0.009312292390605775,
        "rho": 0.10699372147228102,
        "sigma": 0.029028468273807752
    },
    "per_parameter_mae_test": {
        "beta": 0.009307070211179047,
        "rho": 0.12173037586527204,
        "sigma": 0.023834108556013867
    },
    "per_parameter_rmse_train": {
        "beta": 0.011503477691555793,
        "rho": 0.13148924125082542,
        "sigma": 0.03569588995463045
    },
    "per_parameter_rmse_test": {
        "beta": 0.012419910342092421,
        "rho": 0.16175012990568088,
        "sigma": 0.03180969870443367
    },
    "train_data_loss": 0.021655039861798286,
    "train_physics_loss": 0.006113904528319836,
    "train_total_loss": 0.027768943458795547,
    "train_actual_physics_residual": 0.0010141049278900027,
    "test_data_loss": 0.03166980668902397,
    "test_physics_loss": 0.0073243374936282635,
    "test_total_loss": 0.03899414464831352,
    "test_actual_physics_residual": 0.0010222486453130841,
    "training_time_seconds": 8.315302926001095,
    "evaluation_time_seconds": 0.22906555199915601,
    "parameter_names": [
        "beta",
        "rho",
        "sigma"
    ],
    "timestamp": "2026-05-12T13:29:33.625152"
}