{
    "train_mae": 0.0023714323562747746,
    "train_rmse": 0.0035646125476196497,
    "test_mae": 0.0028290827162743767,
    "test_rmse": 0.004448659318850716,
    "per_parameter_mae_train": {
        "s": 0.0045074296850721824,
        "t0": 0.0005360282082663835,
        "x0": 0.0020708391754857575
    },
    "per_parameter_mae_test": {
        "s": 0.005859308501583953,
        "t0": 0.00044557708908187106,
        "x0": 0.002182362558157306
    },
    "per_parameter_rmse_train": {
        "s": 0.005606285900876301,
        "t0": 0.0005992482420044049,
        "x0": 0.0025159188750896893
    },
    "per_parameter_rmse_test": {
        "s": 0.007177896870371589,
        "t0": 0.0005155042029452059,
        "x0": 0.002753862948777141
    },
    "train_data_loss": 0.8025358319282532,
    "train_physics_loss": 0.0030795536004006863,
    "train_total_loss": 0.8025358319282532,
    "train_actual_physics_residual": 2.6961671784064833e-10,
    "test_data_loss": 0.9244588613510132,
    "test_physics_loss": 0.0053941356018185616,
    "test_total_loss": 0.9244588613510132,
    "test_actual_physics_residual": 3.0572303022502467e-10,
    "training_time_seconds": 8.103306232999785,
    "evaluation_time_seconds": 0.06929899000078876,
    "parameter_names": [
        "s",
        "t0",
        "x0"
    ],
    "timestamp": "2026-05-26T04:39:39.842053"
}