{
    "train_mae": 0.0011744203853637119,
    "train_rmse": 0.0018603695665096588,
    "test_mae": 0.0013667163291136127,
    "test_rmse": 0.002519281739909139,
    "per_parameter_mae_train": {
        "s": 0.0024098346706465192,
        "t0": 0.0005173164412203923,
        "x0": 0.0005961100442242238
    },
    "per_parameter_mae_test": {
        "s": 0.0029998038483461773,
        "t0": 0.000405476603268855,
        "x0": 0.0006948685357258058
    },
    "per_parameter_rmse_train": {
        "s": 0.0030729385373776297,
        "t0": 0.0005831911190878734,
        "x0": 0.0007745073505800151
    },
    "per_parameter_rmse_test": {
        "s": 0.004238341661598956,
        "t0": 0.0005050191042643225,
        "x0": 0.0009065082012875072
    },
    "train_data_loss": 0.38143232464790344,
    "train_physics_loss": 0.000925221189390868,
    "train_total_loss": 0.38143232464790344,
    "train_actual_physics_residual": 2.6961671784064833e-10,
    "test_data_loss": 0.38160890340805054,
    "test_physics_loss": 0.0017600634600967169,
    "test_total_loss": 0.38160890340805054,
    "test_actual_physics_residual": 3.0572303022502467e-10,
    "training_time_seconds": 13.230371311001363,
    "evaluation_time_seconds": 0.13776150799822062,
    "parameter_names": [
        "s",
        "t0",
        "x0"
    ],
    "timestamp": "2026-05-26T02:16:47.016629"
}