{
    "train_mae": 3.180894696238712e-05,
    "train_rmse": 7.94170644544551e-05,
    "test_mae": 5.153662193776906e-05,
    "test_rmse": 0.00016066512022522904,
    "per_parameter_mae_train": {
        "a": 2.374260035799528e-05,
        "beta": 0.0,
        "d": 0.00015330015711643587,
        "epsilon": 2.2351741811588166e-10,
        "gamma": 1.3810700782473437e-05,
        "k": 0.0
    },
    "per_parameter_mae_test": {
        "a": 2.426057285308205e-05,
        "beta": 0.0,
        "d": 0.0002616674697473197,
        "epsilon": 2.2351741811588166e-10,
        "gamma": 2.329146550879451e-05,
        "k": 0.0
    },
    "per_parameter_rmse_train": {
        "a": 2.9601889661657353e-05,
        "beta": 0.0,
        "d": 0.00019140737536988255,
        "epsilon": 2.2351741811588169e-10,
        "gamma": 1.814843083576185e-05,
        "k": 0.0
    },
    "per_parameter_rmse_test": {
        "a": 3.055815787742598e-05,
        "beta": 0.0,
        "d": 0.00039094650726483987,
        "epsilon": 2.2351741811588166e-10,
        "gamma": 3.326729003743188e-05,
        "k": 0.0
    },
    "train_data_loss": 0.0005870505701750517,
    "train_physics_loss": 0.0,
    "train_total_loss": 0.0005870505701750517,
    "train_actual_physics_residual": 0.0,
    "test_data_loss": 0.0019578260835260153,
    "test_physics_loss": 0.0,
    "test_total_loss": 0.0019578260835260153,
    "test_actual_physics_residual": 0.0,
    "training_time_seconds": 178.27033862700046,
    "evaluation_time_seconds": 0.1486345600023924,
    "parameter_names": [
        "a",
        "beta",
        "d",
        "epsilon",
        "gamma",
        "k"
    ],
    "timestamp": "2026-06-19T17:23:43.356574"
}