{
  "train": {
    "event_abs_mean": 0.015625,
    "event_active_fraction_gt_1e_6": 0.015625,
    "spike_mean": 0.21094904839992523,
    "spike_active_fraction_gt_0p5": 0.15387944877147675,
    "spike_count_per_sample_mean": 393.931396484375,
    "first_spike_flat_index_mean": 44.2156867980957,
    "mem_abs_mean": 1.8702738285064697
  },
  "test": {
    "event_abs_mean": 0.015625,
    "event_active_fraction_gt_1e_6": 0.015625,
    "spike_mean": 0.21094009280204773,
    "spike_active_fraction_gt_0p5": 0.1538311243057251,
    "spike_count_per_sample_mean": 393.8077087402344,
    "first_spike_flat_index_mean": 43.57692337036133,
    "mem_abs_mean": 1.8702198266983032
  }
}