{
  "observation_mode": "event_traces",
  "time_axis_size": 128,
  "records": [
    {
      "fraction": 0.25,
      "kept_steps": 32,
      "active_test_mae": 0.0030142249532141975,
      "test_mae": 0.0030142249532141975
    },
    {
      "fraction": 0.5,
      "kept_steps": 64,
      "active_test_mae": 0.003014134400003866,
      "test_mae": 0.003014134400003866
    },
    {
      "fraction": 0.75,
      "kept_steps": 96,
      "active_test_mae": 0.003014134400003866,
      "test_mae": 0.003014134400003866
    },
    {
      "fraction": 1.0,
      "kept_steps": 128,
      "active_test_mae": 0.003014134400003866,
      "test_mae": 0.003014134400003866
    }
  ]
}