{
  "observation_mode": "event_traces",
  "time_axis_size": 128,
  "records": [
    {
      "fraction": 0.25,
      "kept_steps": 32,
      "active_test_mae": 0.00304583184101021,
      "test_mae": 0.0030458318410102095
    },
    {
      "fraction": 0.5,
      "kept_steps": 64,
      "active_test_mae": 0.0030366267547398424,
      "test_mae": 0.003036626754739842
    },
    {
      "fraction": 0.75,
      "kept_steps": 96,
      "active_test_mae": 0.0030366267547398424,
      "test_mae": 0.003036626754739842
    },
    {
      "fraction": 1.0,
      "kept_steps": 128,
      "active_test_mae": 0.0030366267547398424,
      "test_mae": 0.003036626754739842
    }
  ]
}