{
    "train_mae": 0.002917800360842891,
    "train_rmse": 0.0042328242434870045,
    "test_mae": 0.003012771559059769,
    "test_rmse": 0.004464842753849712,
    "per_parameter_mae_train": {
        "s": 0.0057911663442081155,
        "t0": 0.0005619134974726079,
        "x0": 0.00240032124084795
    },
    "per_parameter_mae_test": {
        "s": 0.006579605113970522,
        "t0": 0.0004511188882420214,
        "x0": 0.0020075906749667635
    },
    "per_parameter_rmse_train": {
        "s": 0.00674554855142796,
        "t0": 0.0006277501990031421,
        "x0": 0.0028024824097099437
    },
    "per_parameter_rmse_test": {
        "s": 0.007340121002029937,
        "t0": 0.0005252408255762156,
        "x0": 0.002377226998105119
    },
    "train_data_loss": 1.000023603439331,
    "train_physics_loss": 0.004458321724087,
    "train_total_loss": 1.000023603439331,
    "train_actual_physics_residual": 2.6961671784064833e-10,
    "test_data_loss": 0.867972731590271,
    "test_physics_loss": 0.005278897006064653,
    "test_total_loss": 0.867972731590271,
    "test_actual_physics_residual": 3.0572303022502467e-10,
    "training_time_seconds": 13.282724558001064,
    "evaluation_time_seconds": 0.13394635599979665,
    "parameter_names": [
        "s",
        "t0",
        "x0"
    ],
    "timestamp": "2026-05-26T02:14:13.357951"
}