{
  "train_polynomial_residual": {
    "mean": 0.0014168745774411112,
    "median": 0.0014268457898724486,
    "max": 0.0015453103548163751,
    "mse": 2.0134864658467884e-06
  },
  "test_polynomial_residual": {
    "mean": 0.001372993753483255,
    "median": 0.0013645567659238576,
    "max": 0.0014584624968356295,
    "mse": 1.8883991918120157e-06
  },
  "train_forward_linear_error": {
    "mean": 0.005783348042124229,
    "median": 0.005012521271087158,
    "max": 0.013175194811435665,
    "mse": 4.850962048491156e-05
  },
  "test_forward_linear_error": {
    "mean": 0.0033106739437471612,
    "median": 0.0024815494466259636,
    "max": 0.007599371430192289,
    "mse": 1.477533796725137e-05
  },
  "train_forward_quadratic_error": {
    "mean": 0.0014382234945537848,
    "median": 0.0014464822866030586,
    "max": 0.0015745378361511678,
    "mse": 2.074706326149868e-06
  },
  "test_forward_quadratic_error": {
    "mean": 0.0013868967061120947,
    "median": 0.001393074786541921,
    "max": 0.0014740088740179548,
    "mse": 1.9271848406453955e-06
  },
  "train_observed_forward_residual": {
    "mean": 0.0014268842210749155,
    "median": 0.001434448615974878,
    "max": 0.0015508085661780026,
    "mse": 2.0418204026475374e-06
  },
  "test_observed_forward_residual": {
    "mean": 0.0013766631386602896,
    "median": 0.0013698616690750109,
    "max": 0.0014823158706219661,
    "mse": 1.8990950867452148e-06
  },
  "train_clean_forward_residual": {
    "mean": 0.0001961262490428494,
    "median": 0.00015307843639500297,
    "max": 0.000709328524270591,
    "mse": 6.1552833949858e-08
  },
  "test_clean_forward_residual": {
    "mean": 0.00018536535411809173,
    "median": 0.00017018549871390687,
    "max": 0.00028144328288712847,
    "mse": 3.8985199016618524e-08
  },
  "train_observation_noise_floor": {
    "mean": 0.001413464240619478,
    "median": 0.0014339923449357684,
    "max": 0.001531237899332812,
    "mse": 2.0025988529166232e-06
  },
  "test_observation_noise_floor": {
    "mean": 0.0013765334995131104,
    "median": 0.0013693375603808817,
    "max": 0.001459799170993348,
    "mse": 1.8979072195759558e-06
  }
}
