{
    "train_mae": 0.00033255352311217914,
    "train_rmse": 0.0009299890190587101,
    "test_mae": 0.0004458997606372142,
    "test_rmse": 0.0013044400576142112,
    "per_parameter_mae_train": {
        "a": 2.6871835561361184e-05,
        "d": 0.0017883016911015527,
        "epsilon": 1.341104512164737e-09,
        "k": 0.0,
        "mu1": 0.00018014627090564872,
        "mu2": 0.0
    },
    "per_parameter_mae_test": {
        "a": 5.02037226509559e-05,
        "d": 0.002352688748119148,
        "epsilon": 1.341104512164737e-09,
        "k": 0.0,
        "mu1": 0.00027250475194866926,
        "mu2": 0.0
    },
    "per_parameter_rmse_train": {
        "a": 3.5611003583501465e-05,
        "d": 0.002266642077586665,
        "epsilon": 1.3411045121647371e-09,
        "k": 0.0,
        "mu1": 0.00022437246255785638,
        "mu2": 0.0
    },
    "per_parameter_rmse_test": {
        "a": 6.470727470776857e-05,
        "d": 0.003173321314183121,
        "epsilon": 1.3411045121647371e-09,
        "k": 0.0,
        "mu1": 0.0003677335842707408,
        "mu2": 0.0
    },
    "train_data_loss": 0.000915502430871129,
    "train_physics_loss": 0.0016600246308371425,
    "train_total_loss": 0.000915502430871129,
    "train_actual_physics_residual": 0.001658676192164421,
    "test_data_loss": 0.002494697691872716,
    "test_physics_loss": 0.0016459566541016102,
    "test_total_loss": 0.002494697691872716,
    "test_actual_physics_residual": 0.0016455514123663306,
    "training_time_seconds": 147.12515800600522,
    "evaluation_time_seconds": 0.2841540959998383,
    "parameter_names": [
        "a",
        "d",
        "epsilon",
        "k",
        "mu1",
        "mu2"
    ],
    "timestamp": "2026-05-11T03:02:24.815623"
}