{
    "train_mae": 0.0027577173037814473,
    "train_rmse": 0.00401693417008099,
    "test_mae": 0.0029717963675502525,
    "test_rmse": 0.004449565527117433,
    "per_parameter_mae_train": {
        "s": 0.005511313888107208,
        "t0": 0.0005614204793105607,
        "x0": 0.0022004175439265727
    },
    "per_parameter_mae_test": {
        "s": 0.006359101822322586,
        "t0": 0.00043899663544955597,
        "x0": 0.0021172906448786166
    },
    "per_parameter_rmse_train": {
        "s": 0.00642594029667127,
        "t0": 0.0006243269444607119,
        "x0": 0.002593219533770612
    },
    "per_parameter_rmse_test": {
        "s": 0.007288627828433699,
        "t0": 0.0005166735107798883,
        "x0": 0.0024504801574744004
    },
    "train_data_loss": 0.9174847602844238,
    "train_physics_loss": 0.004045854788273573,
    "train_total_loss": 0.9174847602844238,
    "train_actual_physics_residual": 2.6961671784064833e-10,
    "test_data_loss": 0.8699862360954285,
    "test_physics_loss": 0.005205092485994101,
    "test_total_loss": 0.8699862360954285,
    "test_actual_physics_residual": 3.0572303022502467e-10,
    "training_time_seconds": 21.88500130600005,
    "evaluation_time_seconds": 0.30318880600316334,
    "parameter_names": [
        "s",
        "t0",
        "x0"
    ],
    "timestamp": "2026-05-24T21:37:50.385373"
}