{
    "train_mae": 0.002776197901374738,
    "train_rmse": 0.003970226394385769,
    "test_mae": 0.0026030043498915362,
    "test_rmse": 0.00420185935801074,
    "per_parameter_mae_train": {
        "s": 0.0052768006391334145,
        "t0": 0.000430741842760905,
        "x0": 0.002621051222229895
    },
    "per_parameter_mae_test": {
        "s": 0.005629408014211539,
        "t0": 0.000544025855700399,
        "x0": 0.0016355791797626712
    },
    "per_parameter_rmse_train": {
        "s": 0.006157908749277063,
        "t0": 0.0005230516556843634,
        "x0": 0.0030157370026405016
    },
    "per_parameter_rmse_test": {
        "s": 0.007001766453355917,
        "t0": 0.0005674686555574368,
        "x0": 0.0019026592051985664
    },
    "train_data_loss": 1.002778172492981,
    "train_physics_loss": 0.0037153770681470633,
    "train_total_loss": 1.002778172492981,
    "train_actual_physics_residual": 2.364869966520189e-10,
    "test_data_loss": 0.9600361585617065,
    "test_physics_loss": 0.0048034354113042355,
    "test_total_loss": 0.9600361585617065,
    "test_actual_physics_residual": 3.2109151448800333e-10,
    "training_time_seconds": 2.662876822000726,
    "evaluation_time_seconds": 0.10704935600006138,
    "parameter_names": [
        "s",
        "t0",
        "x0"
    ],
    "timestamp": "2026-05-26T15:11:36.205697"
}