{
  "train_observed_forward_residual": {
    "mean": 0.0001437061444424264,
    "median": 0.0001435848835098052,
    "max": 0.0001687785065843851,
    "mse": 2.0740131674539265e-08
  },
  "test_observed_forward_residual": {
    "mean": 0.0001370346044771006,
    "median": 0.00013624892036691335,
    "max": 0.00014565015936873795,
    "mse": 1.8810238796875608e-08
  },
  "train_clean_forward_residual": {
    "mean": 2.2859125421860312e-05,
    "median": 1.370615670246805e-05,
    "max": 9.186150371201965e-05,
    "mse": 1.0512756455292211e-09
  },
  "test_clean_forward_residual": {
    "mean": 1.202940365466401e-05,
    "median": 1.066657787625706e-05,
    "max": 2.0861495950187076e-05,
    "mse": 1.5870229389939814e-10
  },
  "train_observation_noise_floor": {
    "mean": 0.00014134642406194532,
    "median": 0.00014339923449353657,
    "max": 0.0001531237899332567,
    "mse": 2.0025988529165427e-08
  },
  "test_observation_noise_floor": {
    "mean": 0.00013765334995130869,
    "median": 0.00013693375603809714,
    "max": 0.00014597991709933597,
    "mse": 1.8979072195758936e-08
  }
}
