{
    "train_mae": 0.00271964741788161,
    "train_rmse": 0.003952601284766772,
    "test_mae": 0.0027553785523622963,
    "test_rmse": 0.004443158508776698,
    "per_parameter_mae_train": {
        "s": 0.005100975123794926,
        "t0": 0.00043687060808997926,
        "x0": 0.0026210965217599246
    },
    "per_parameter_mae_test": {
        "s": 0.006075931638540366,
        "t0": 0.0005506100402107662,
        "x0": 0.0016395939783357563
    },
    "per_parameter_rmse_train": {
        "s": 0.006123403176403831,
        "t0": 0.0005225102369478522,
        "x0": 0.0030166351023138303
    },
    "per_parameter_rmse_test": {
        "s": 0.0074331537003025005,
        "t0": 0.0005708843267728976,
        "x0": 0.00190978788232322
    },
    "train_data_loss": 0.9985278844833374,
    "train_physics_loss": 0.0036738577764481306,
    "train_total_loss": 0.9985278844833374,
    "train_actual_physics_residual": 2.364869966520189e-10,
    "test_data_loss": 1.020978569984436,
    "test_physics_loss": 0.005413559731096029,
    "test_total_loss": 1.020978569984436,
    "test_actual_physics_residual": 3.2109151448800333e-10,
    "training_time_seconds": 0.7001993779995246,
    "evaluation_time_seconds": 0.031415018000188866,
    "parameter_names": [
        "s",
        "t0",
        "x0"
    ],
    "timestamp": "2026-05-26T05:36:33.878978"
}