{
    "train_mae": 0.002549888208628673,
    "train_rmse": 0.0036649548859074652,
    "test_mae": 0.0029396873370719687,
    "test_rmse": 0.004502493747129928,
    "per_parameter_mae_train": {
        "s": 0.004834213633032091,
        "t0": 0.0005657638290016046,
        "x0": 0.002249687163852323
    },
    "per_parameter_mae_test": {
        "s": 0.006402054024076231,
        "t0": 0.00045757425580851714,
        "x0": 0.001959433731331158
    },
    "per_parameter_rmse_train": {
        "s": 0.0057548619985614054,
        "t0": 0.0006746518614567077,
        "x0": 0.002592699595124323
    },
    "per_parameter_rmse_test": {
        "s": 0.007377020974069401,
        "t0": 0.0006029470077264896,
        "x0": 0.0024562911641021097
    },
    "train_data_loss": 0.9125763177871704,
    "train_physics_loss": 0.003244942519813776,
    "train_total_loss": 0.9125763177871704,
    "train_actual_physics_residual": 2.6961671784064833e-10,
    "test_data_loss": 0.9621219038963318,
    "test_physics_loss": 0.005332109052687883,
    "test_total_loss": 0.9621219038963318,
    "test_actual_physics_residual": 3.0572303022502467e-10,
    "training_time_seconds": 19.445913150000706,
    "evaluation_time_seconds": 0.2236838680000801,
    "parameter_names": [
        "s",
        "t0",
        "x0"
    ],
    "timestamp": "2026-05-26T04:51:52.132516"
}