{
    "train_mae": 0.0028294645168635943,
    "train_rmse": 0.0041134730138245945,
    "test_mae": 0.003007366890359262,
    "test_rmse": 0.004478239312371932,
    "per_parameter_mae_train": {
        "s": 0.005621039673547737,
        "t0": 0.0005587545151180832,
        "x0": 0.0023085993619249624
    },
    "per_parameter_mae_test": {
        "s": 0.006602406183083447,
        "t0": 0.00042448209300698894,
        "x0": 0.001995212394987351
    },
    "per_parameter_rmse_train": {
        "s": 0.00656608250041984,
        "t0": 0.0006190696680617196,
        "x0": 0.0026954209411807796
    },
    "per_parameter_rmse_test": {
        "s": 0.00736887980121087,
        "t0": 0.0005045369922172316,
        "x0": 0.002368319006259745
    },
    "train_data_loss": 0.9483306407928467,
    "train_physics_loss": 0.004224249627441168,
    "train_total_loss": 0.9483306407928467,
    "train_actual_physics_residual": 2.6961671784064833e-10,
    "test_data_loss": 0.8512986898422241,
    "test_physics_loss": 0.005320344120264053,
    "test_total_loss": 0.8512986898422241,
    "test_actual_physics_residual": 3.0572303022502467e-10,
    "training_time_seconds": 5.1427654629987956,
    "evaluation_time_seconds": 0.06094460199892637,
    "parameter_names": [
        "s",
        "t0",
        "x0"
    ],
    "timestamp": "2026-05-26T01:26:31.667175"
}