{
  "observation_mode": "event_traces",
  "time_axis_size": 128,
  "records": [
    {
      "fraction": 0.25,
      "kept_steps": 32,
      "active_test_mae": 0.003493878584939187,
      "test_mae": 0.0034938785849391862
    },
    {
      "fraction": 0.5,
      "kept_steps": 64,
      "active_test_mae": 0.0028147165279548223,
      "test_mae": 0.0028147165279548223
    },
    {
      "fraction": 0.75,
      "kept_steps": 96,
      "active_test_mae": 0.0027926685406037713,
      "test_mae": 0.0027926685406037713
    },
    {
      "fraction": 1.0,
      "kept_steps": 128,
      "active_test_mae": 0.00275966368073817,
      "test_mae": 0.00275966368073817
    }
  ]
}