{
    "train_mae": 0.00027397302483189544,
    "train_rmse": 0.0007765785848927866,
    "test_mae": 0.000435226558370007,
    "test_rmse": 0.0013976644959102968,
    "per_parameter_mae_train": {
        "a": 1.985725193984089e-05,
        "d": 0.0014665972283786186,
        "epsilon": 1.341104512164737e-09,
        "k": 0.0,
        "mu1": 0.0001573823275684008,
        "mu2": 0.0
    },
    "per_parameter_mae_test": {
        "a": 4.0250338407298666e-05,
        "d": 0.0023169043311555173,
        "epsilon": 1.341104512164737e-09,
        "k": 0.0,
        "mu1": 0.0002542033395527138,
        "mu2": 0.0
    },
    "per_parameter_rmse_train": {
        "a": 2.5142527003972553e-05,
        "d": 0.0018929935972476508,
        "epsilon": 1.3411045121647371e-09,
        "k": 0.0,
        "mu1": 0.0001854424039909775,
        "mu2": 0.0
    },
    "per_parameter_rmse_test": {
        "a": 5.363865323007592e-05,
        "d": 0.003407388682856216,
        "epsilon": 1.3411045121647371e-09,
        "k": 0.0,
        "mu1": 0.0003280571864635098,
        "mu2": 0.0
    },
    "train_data_loss": 0.0005842659738846123,
    "train_physics_loss": 0.0016607611905783415,
    "train_total_loss": 0.0005842659738846123,
    "train_actual_physics_residual": 0.001658676192164421,
    "test_data_loss": 0.002006044378504157,
    "test_physics_loss": 0.0016475466545671225,
    "test_total_loss": 0.002006044378504157,
    "test_actual_physics_residual": 0.0016455514123663306,
    "training_time_seconds": 128.0116763460028,
    "evaluation_time_seconds": 0.2541221999999834,
    "parameter_names": [
        "a",
        "d",
        "epsilon",
        "k",
        "mu1",
        "mu2"
    ],
    "timestamp": "2026-05-11T02:20:38.926783"
}