{
    "train_mae": 0.0015472371220953839,
    "train_rmse": 0.0025281988239330647,
    "test_mae": 0.0024851657131809723,
    "test_rmse": 0.0035352202472004927,
    "per_parameter_mae_train": {
        "s": 0.0029728191621066213,
        "t0": 0.00039576269311544326,
        "x0": 0.0012731295110640871
    },
    "per_parameter_mae_test": {
        "s": 0.003976792558629705,
        "t0": 0.00038928045209430523,
        "x0": 0.0030894241288189073
    },
    "per_parameter_rmse_train": {
        "s": 0.004042689503467118,
        "t0": 0.0004666938346598006,
        "x0": 0.001616856927268742
    },
    "per_parameter_rmse_test": {
        "s": 0.005104370349864492,
        "t0": 0.0004166056043156222,
        "x0": 0.0033563655478100114
    },
    "train_data_loss": 0.4411129057407379,
    "train_physics_loss": 0.0016013334970921278,
    "train_total_loss": 0.4411129057407379,
    "train_actual_physics_residual": 2.0537377354301611e-10,
    "test_data_loss": 0.7691320180892944,
    "test_physics_loss": 0.0030437628738582134,
    "test_total_loss": 0.7691320180892944,
    "test_actual_physics_residual": 2.212605099138898e-10,
    "training_time_seconds": 4.0547845019991655,
    "evaluation_time_seconds": 0.09100132200001099,
    "parameter_names": [
        "s",
        "t0",
        "x0"
    ],
    "timestamp": "2026-05-26T06:52:43.311050"
}