{
    "train_mae": 0.001476373404789087,
    "train_rmse": 0.0025137185637649742,
    "test_mae": 0.0017373627809389618,
    "test_rmse": 0.002937145020146962,
    "per_parameter_mae_train": {
        "s": 0.0031342489607824368,
        "t0": 0.0005079295975862615,
        "x0": 0.0007869416559985623
    },
    "per_parameter_mae_test": {
        "s": 0.0037627544870771057,
        "t0": 0.0004603214674163889,
        "x0": 0.0009890123883233913
    },
    "per_parameter_rmse_train": {
        "s": 0.0041909335966691524,
        "t0": 0.0005864424616603942,
        "x0": 0.001023964785000633
    },
    "per_parameter_rmse_test": {
        "s": 0.004912100731202259,
        "t0": 0.0005540510900530329,
        "x0": 0.0012019802012743703
    },
    "train_data_loss": 0.46324846148490906,
    "train_physics_loss": 0.0017209113575518131,
    "train_total_loss": 0.46324846148490906,
    "train_actual_physics_residual": 2.6961671784064833e-10,
    "test_data_loss": 0.4970858693122864,
    "test_physics_loss": 0.0023641278967261314,
    "test_total_loss": 0.4970858693122864,
    "test_actual_physics_residual": 3.0572303022502467e-10,
    "training_time_seconds": 36.836596653000015,
    "evaluation_time_seconds": 0.1022815209980763,
    "parameter_names": [
        "s",
        "t0",
        "x0"
    ],
    "timestamp": "2026-05-24T05:52:03.070734"
}