{
  "observation_mode": "event_traces",
  "time_axis_size": 128,
  "records": [
    {
      "fraction": 0.25,
      "kept_steps": 32,
      "active_test_mae": 0.00293495650938048,
      "test_mae": 0.00293495650938048
    },
    {
      "fraction": 0.5,
      "kept_steps": 64,
      "active_test_mae": 0.002928213218364661,
      "test_mae": 0.002928213218364661
    },
    {
      "fraction": 0.75,
      "kept_steps": 96,
      "active_test_mae": 0.0029285279166974924,
      "test_mae": 0.0029285279166974924
    },
    {
      "fraction": 1.0,
      "kept_steps": 128,
      "active_test_mae": 0.0029285279166974924,
      "test_mae": 0.0029285279166974924
    }
  ]
}