{
    "train_mae": 0.002681165955781678,
    "train_rmse": 0.0039679383878521495,
    "test_mae": 0.0029285279166974924,
    "test_rmse": 0.004726719546274226,
    "per_parameter_mae_train": {
        "s": 0.004960536341508286,
        "t0": 0.0004314308724545085,
        "x0": 0.002651530653382239
    },
    "per_parameter_mae_test": {
        "s": 0.00669983900025214,
        "t0": 0.0005475297573182666,
        "x0": 0.0015382149925220706
    },
    "per_parameter_rmse_train": {
        "s": 0.006150523458055307,
        "t0": 0.0005212712345284465,
        "x0": 0.003022075882789298
    },
    "per_parameter_rmse_test": {
        "s": 0.007959143152096768,
        "t0": 0.0005682500696906739,
        "x0": 0.0018316017990054935
    },
    "train_data_loss": 1.0011016130447388,
    "train_physics_loss": 0.0037064747884869576,
    "train_total_loss": 1.0011016130447388,
    "train_actual_physics_residual": 2.364869966520189e-10,
    "test_data_loss": 1.0783826112747192,
    "test_physics_loss": 0.00620682118460536,
    "test_total_loss": 1.0783826112747192,
    "test_actual_physics_residual": 3.2109151448800333e-10,
    "training_time_seconds": 0.24877835500046785,
    "evaluation_time_seconds": 0.05221231299947249,
    "parameter_names": [
        "s",
        "t0",
        "x0"
    ],
    "timestamp": "2026-05-26T14:14:13.868525"
}