{
  "observation_mode": "event_traces",
  "time_axis_size": 128,
  "records": [
    {
      "fraction": 0.25,
      "kept_steps": 32,
      "active_test_mae": 0.003339267077702529,
      "test_mae": 0.0033392670777025292
    },
    {
      "fraction": 0.5,
      "kept_steps": 64,
      "active_test_mae": 0.0028017760211172076,
      "test_mae": 0.002801776021117207
    },
    {
      "fraction": 0.75,
      "kept_steps": 96,
      "active_test_mae": 0.0027437236927002886,
      "test_mae": 0.0027437236927002886
    },
    {
      "fraction": 1.0,
      "kept_steps": 128,
      "active_test_mae": 0.0027437236927002886,
      "test_mae": 0.0027437236927002886
    }
  ]
}