{
    "train_mae": 0.0017396963128420027,
    "train_rmse": 0.002511509114743559,
    "test_mae": 0.0027450903931755554,
    "test_rmse": 0.004524049440303994,
    "per_parameter_mae_train": {
        "s": 0.003143849971702787,
        "t0": 0.00030402493598895297,
        "x0": 0.0017712140308342682
    },
    "per_parameter_mae_test": {
        "s": 0.005106121763189031,
        "t0": 0.00013489900406383343,
        "x0": 0.0029942504122738023
    },
    "per_parameter_rmse_train": {
        "s": 0.003821814061330392,
        "t0": 0.0003703012346339068,
        "x0": 0.0020444188358958704
    },
    "per_parameter_rmse_test": {
        "s": 0.0071860005705140905,
        "t0": 0.00014929086701100366,
        "x0": 0.0031209258325924543
    },
    "train_data_loss": 0.39925575256347656,
    "train_physics_loss": 0.0014311301056295633,
    "train_total_loss": 0.39925575256347656,
    "train_actual_physics_residual": 2.0537377354301611e-10,
    "test_data_loss": 0.7949738502502441,
    "test_physics_loss": 0.005059516057372093,
    "test_total_loss": 0.7949738502502441,
    "test_actual_physics_residual": 2.212605099138898e-10,
    "training_time_seconds": 0.5839219900008175,
    "evaluation_time_seconds": 0.04064205100075924,
    "parameter_names": [
        "s",
        "t0",
        "x0"
    ],
    "timestamp": "2026-05-26T09:40:20.413830"
}