{
    "train_mae": 0.0029140497726580232,
    "train_rmse": 0.00422579968854934,
    "test_mae": 0.0030091694899019483,
    "test_rmse": 0.004461903719150037,
    "per_parameter_mae_train": {
        "s": 0.005784482442963597,
        "t0": 0.000562984408866054,
        "x0": 0.002394682466144419
    },
    "per_parameter_mae_test": {
        "s": 0.006574350735284938,
        "t0": 0.0004502253916919749,
        "x0": 0.0020029323427289327
    },
    "per_parameter_rmse_train": {
        "s": 0.00673502015038943,
        "t0": 0.0006286315743624086,
        "x0": 0.0027957959404781405
    },
    "per_parameter_rmse_test": {
        "s": 0.007336560803225764,
        "t0": 0.0005240143223353668,
        "x0": 0.0023719272685842467
    },
    "train_data_loss": 0.9983233213424683,
    "train_physics_loss": 0.004444415681064129,
    "train_total_loss": 0.9983233213424683,
    "train_actual_physics_residual": 2.6961671784064833e-10,
    "test_data_loss": 0.8654317855834961,
    "test_physics_loss": 0.005273777991533279,
    "test_total_loss": 0.8654317855834961,
    "test_actual_physics_residual": 3.0572303022502467e-10,
    "training_time_seconds": 12.889868741996906,
    "evaluation_time_seconds": 0.13986622099764645,
    "parameter_names": [
        "s",
        "t0",
        "x0"
    ],
    "timestamp": "2026-05-26T02:15:03.183300"
}