{
  "train": {
    "event_abs_mean": 0.015625,
    "event_active_fraction_gt_1e_6": 0.015625,
    "spike_mean": 0.1136828064918518,
    "spike_active_fraction_gt_0p5": 0.011224725283682346,
    "spike_count_per_sample_mean": 28.735294342041016,
    "first_spike_flat_index_mean": 23.323530197143555,
    "mem_abs_mean": 0.9767456650733948
  },
  "test": {
    "event_abs_mean": 0.015625,
    "event_active_fraction_gt_1e_6": 0.015625,
    "spike_mean": 0.11368248611688614,
    "spike_active_fraction_gt_0p5": 0.01132812537252903,
    "spike_count_per_sample_mean": 29.000001907348633,
    "first_spike_flat_index_mean": 24.538461685180664,
    "mem_abs_mean": 0.9767406582832336
  }
}