{
  "observation_mode": "event_traces",
  "time_axis_size": 128,
  "records": [
    {
      "fraction": 0.25,
      "kept_steps": 32,
      "active_test_mae": 0.0033675079147178445,
      "test_mae": 0.003367507914717844
    },
    {
      "fraction": 0.5,
      "kept_steps": 64,
      "active_test_mae": 0.001364046663957483,
      "test_mae": 0.001364046663957483
    },
    {
      "fraction": 0.75,
      "kept_steps": 96,
      "active_test_mae": 0.001364046663957483,
      "test_mae": 0.001364046663957483
    },
    {
      "fraction": 1.0,
      "kept_steps": 128,
      "active_test_mae": 0.001364046663957483,
      "test_mae": 0.001364046663957483
    }
  ]
}