{
    "train_mae": 0.0027470280561858657,
    "train_rmse": 0.003957228948676999,
    "test_mae": 0.0026517197937297467,
    "test_rmse": 0.004329362785944898,
    "per_parameter_mae_train": {
        "s": 0.005166832453708609,
        "t0": 0.0004345037076459485,
        "x0": 0.0026397480072030397
    },
    "per_parameter_mae_test": {
        "s": 0.005829781800047895,
        "t0": 0.0005505270194555434,
        "x0": 0.0015748505616858016
    },
    "per_parameter_rmse_train": {
        "s": 0.006131252655762674,
        "t0": 0.0005223699276219863,
        "x0": 0.003018915929048232
    },
    "per_parameter_rmse_test": {
        "s": 0.007242687961821328,
        "t0": 0.0005713656488939073,
        "x0": 0.0018566525738344776
    },
    "train_data_loss": 0.9997072815895081,
    "train_physics_loss": 0.0036832820624113083,
    "train_total_loss": 0.9997072815895081,
    "train_actual_physics_residual": 2.364869966520189e-10,
    "test_data_loss": 0.9895474910736084,
    "test_physics_loss": 0.00513968151062727,
    "test_total_loss": 0.9895474910736084,
    "test_actual_physics_residual": 3.2109151448800333e-10,
    "training_time_seconds": 1.9770743019998918,
    "evaluation_time_seconds": 0.08849208999981784,
    "parameter_names": [
        "s",
        "t0",
        "x0"
    ],
    "timestamp": "2026-05-26T14:19:09.114189"
}