{
    "train_mae": 0.00295124742825988,
    "train_rmse": 0.003992408131141393,
    "test_mae": 0.0029312772978841,
    "test_rmse": 0.004107367778519205,
    "per_parameter_mae_train": {
        "s": 0.0054633845913520385,
        "t0": 0.0005014373637652081,
        "x0": 0.002888920329662393
    },
    "per_parameter_mae_test": {
        "s": 0.005660295947988225,
        "t0": 0.00026292046781562634,
        "x0": 0.0028706154778484483
    },
    "per_parameter_rmse_train": {
        "s": 0.006117169914232773,
        "t0": 0.0005847428172952478,
        "x0": 0.0031711632147902397
    },
    "per_parameter_rmse_test": {
        "s": 0.006495907733398597,
        "t0": 0.00029008402348374703,
        "x0": 0.00288625088697174
    },
    "train_data_loss": 0.9921775460243225,
    "train_physics_loss": 0.0036663957871496677,
    "train_total_loss": 0.9921775460243225,
    "train_actual_physics_residual": 2.0537377354301611e-10,
    "test_data_loss": 0.7260355949401855,
    "test_physics_loss": 0.004134412854909897,
    "test_total_loss": 0.7260355949401855,
    "test_actual_physics_residual": 2.212605099138898e-10,
    "training_time_seconds": 0.16844358900016232,
    "evaluation_time_seconds": 0.029383780999978626,
    "parameter_names": [
        "s",
        "t0",
        "x0"
    ],
    "timestamp": "2026-05-26T13:58:46.499271"
}