{
    "train_mae": 0.0016974398558208112,
    "train_rmse": 0.0024757905504992047,
    "test_mae": 0.0028277030517159635,
    "test_rmse": 0.004149504428915614,
    "per_parameter_mae_train": {
        "s": 0.002883073234230519,
        "t0": 0.0002598243486266911,
        "x0": 0.0019494219846052235
    },
    "per_parameter_mae_test": {
        "s": 0.005365610584218694,
        "t0": 0.0002457506048300154,
        "x0": 0.0028717479660991807
    },
    "per_parameter_rmse_train": {
        "s": 0.0036110497106167515,
        "t0": 0.00030497689161365865,
        "x0": 0.002292580561912669
    },
    "per_parameter_rmse_test": {
        "s": 0.006575219423362651,
        "t0": 0.00026716738628943453,
        "x0": 0.0028896837437873226
    },
    "train_data_loss": 0.3782704770565033,
    "train_physics_loss": 0.0012776317307725549,
    "train_total_loss": 0.3782704770565033,
    "train_actual_physics_residual": 2.0537377354301611e-10,
    "test_data_loss": 0.7233302593231201,
    "test_physics_loss": 0.004235985688865185,
    "test_total_loss": 0.7233302593231201,
    "test_actual_physics_residual": 2.212605099138898e-10,
    "training_time_seconds": 1.1312455580009555,
    "evaluation_time_seconds": 0.03214441099953547,
    "parameter_names": [
        "s",
        "t0",
        "x0"
    ],
    "timestamp": "2026-05-26T06:02:33.995869"
}