{
    "train_mae": 0.002276261688797658,
    "train_rmse": 0.0034157490874952403,
    "test_mae": 0.0024579582207783844,
    "test_rmse": 0.003979920860249013,
    "per_parameter_mae_train": {
        "s": 0.004780661112766227,
        "t0": 0.0004252444856967202,
        "x0": 0.0016228794679300274
    },
    "per_parameter_mae_test": {
        "s": 0.0054448720339869295,
        "t0": 0.0005470923018003615,
        "x0": 0.0013819103265478622
    },
    "per_parameter_rmse_train": {
        "s": 0.005571062161458878,
        "t0": 0.0005195333178925733,
        "x0": 0.0019223363417816238
    },
    "per_parameter_rmse_test": {
        "s": 0.006690555599165295,
        "t0": 0.0005682909944196682,
        "x0": 0.0015597503908238528
    },
    "train_data_loss": 0.7397456765174866,
    "train_physics_loss": 0.0030409707687795162,
    "train_total_loss": 0.7397456765174866,
    "train_actual_physics_residual": 2.364869966520189e-10,
    "test_data_loss": 0.8799676895141602,
    "test_physics_loss": 0.004385924898087978,
    "test_total_loss": 0.8799676895141602,
    "test_actual_physics_residual": 3.2109151448800333e-10,
    "training_time_seconds": 1.3800680640015344,
    "evaluation_time_seconds": 0.020466342000872828,
    "parameter_names": [
        "s",
        "t0",
        "x0"
    ],
    "timestamp": "2026-05-26T08:26:11.721208"
}