{
    "train_mae": 1.169697226006979e-05,
    "train_rmse": 3.078975215567416e-05,
    "test_mae": 5.224951088984786e-06,
    "test_rmse": 8.634278770130407e-06,
    "per_parameter_mae_train": {
        "alpha": 4.618018940263369e-06,
        "beta": 0.0,
        "gamma": 3.0472897839946e-05
    },
    "per_parameter_mae_test": {
        "alpha": 2.367373567434074e-06,
        "beta": 0.0,
        "gamma": 1.3307479699520286e-05
    },
    "per_parameter_rmse_train": {
        "alpha": 6.966940272937023e-06,
        "beta": 0.0,
        "gamma": 5.287237706644986e-05
    },
    "per_parameter_rmse_test": {
        "alpha": 2.8851157715697854e-06,
        "beta": 0.0,
        "gamma": 1.4674072939222198e-05
    },
    "train_data_loss": 9.480088378078416e-10,
    "train_physics_loss": 1.0361577542580966e-10,
    "train_total_loss": 1.0516246132336513e-09,
    "train_actual_physics_residual": 1.0361577542580966e-10,
    "test_data_loss": 7.455076988032464e-11,
    "test_physics_loss": 9.40373923486953e-11,
    "test_total_loss": 1.6858816222901994e-10,
    "test_actual_physics_residual": 9.40373923486953e-11,
    "training_time_seconds": 5.116625413000293,
    "evaluation_time_seconds": 6.161999408504926e-06,
    "parameter_names": [
        "alpha",
        "beta",
        "gamma"
    ],
    "timestamp": "2026-07-01T15:31:51.209258"
}