{
    "train_mae": 0.002219007750134466,
    "train_rmse": 0.003326512350741448,
    "test_mae": 0.0029208379866494352,
    "test_rmse": 0.004463752320219828,
    "per_parameter_mae_train": {
        "s": 0.004410044912749355,
        "t0": 0.00044414456071433385,
        "x0": 0.001802833776939709
    },
    "per_parameter_mae_test": {
        "s": 0.006463945135880922,
        "t0": 0.00044446523244286325,
        "x0": 0.0018541035916245208
    },
    "per_parameter_rmse_train": {
        "s": 0.005294841558948954,
        "t0": 0.0005247532642292038,
        "x0": 0.002210506760047115
    },
    "per_parameter_rmse_test": {
        "s": 0.007368144269995674,
        "t0": 0.0005262724131628944,
        "x0": 0.0022822667881904845
    },
    "train_data_loss": 0.6456117630004883,
    "train_physics_loss": 0.002746900077909231,
    "train_total_loss": 0.6456117630004883,
    "train_actual_physics_residual": 2.6961671784064833e-10,
    "test_data_loss": 0.8530659079551697,
    "test_physics_loss": 0.00531928101554513,
    "test_total_loss": 0.8530659079551697,
    "test_actual_physics_residual": 3.0572303022502467e-10,
    "training_time_seconds": 19.69109396299973,
    "evaluation_time_seconds": 0.15795957500085933,
    "parameter_names": [
        "s",
        "t0",
        "x0"
    ],
    "timestamp": "2026-05-24T15:39:14.556178"
}