{
  "train": {
    "event_abs_mean": 0.015012255869805813,
    "event_active_fraction_gt_1e_6": 0.015012255869805813,
    "spike_mean": 0.11246387660503387,
    "spike_active_fraction_gt_0p5": 0.008976716548204422,
    "spike_count_per_sample_mean": 22.980392456054688,
    "first_spike_flat_index_mean": 273.1176452636719,
    "mem_abs_mean": 1.3147045373916626
  },
  "test": {
    "event_abs_mean": 0.015024038963019848,
    "event_active_fraction_gt_1e_6": 0.015024038963019848,
    "spike_mean": 0.11246853321790695,
    "spike_active_fraction_gt_0p5": 0.008879207074642181,
    "spike_count_per_sample_mean": 22.730770111083984,
    "first_spike_flat_index_mean": 284.9615478515625,
    "mem_abs_mean": 1.3147766590118408
  }
}