{
    "train_mae": 0.0009443100353322411,
    "train_rmse": 0.0021115644721893395,
    "test_mae": 0.0011240640341220653,
    "test_rmse": 0.0025547928638856437,
    "per_parameter_mae_train": {
        "a": 0.0006507592659955418,
        "d": 0.0038767014771057436,
        "epsilon": 9.499490256914545e-11,
        "k": 0.0,
        "mu1": 0.0011383874529682925,
        "mu2": 1.1920928966180355e-08
    },
    "per_parameter_mae_test": {
        "a": 0.001099205199043693,
        "d": 0.00417865565464075,
        "epsilon": 9.499490256914545e-11,
        "k": 0.0,
        "mu1": 0.0014665113351240808,
        "mu2": 1.1920928966180355e-08
    },
    "per_parameter_rmse_train": {
        "a": 0.0008447416688967688,
        "d": 0.004897763723101938,
        "epsilon": 9.499490256914543e-11,
        "k": 0.0,
        "mu1": 0.0014319738638074002,
        "mu2": 1.1920928966180355e-08
    },
    "per_parameter_rmse_test": {
        "a": 0.001347725102357023,
        "d": 0.005829078404196963,
        "epsilon": 9.499490256914545e-11,
        "k": 0.0,
        "mu1": 0.0018350153869178577,
        "mu2": 1.1920928966180354e-08
    },
    "train_data_loss": 0.2462167888879776,
    "train_physics_loss": 0.0,
    "train_total_loss": 0.2462167888879776,
    "train_actual_physics_residual": 0.0,
    "test_data_loss": 0.4691706597805023,
    "test_physics_loss": 0.0,
    "test_total_loss": 0.4691706597805023,
    "test_actual_physics_residual": 0.0,
    "training_time_seconds": 111.64500817900262,
    "evaluation_time_seconds": 0.40885542299656663,
    "parameter_names": [
        "a",
        "d",
        "epsilon",
        "k",
        "mu1",
        "mu2"
    ],
    "timestamp": "2026-06-18T00:19:28.642718"
}