{
  "train": {
    "event_abs_mean": 0.015146293677389622,
    "event_active_fraction_gt_1e_6": 0.015146293677389622,
    "spike_mean": 0.04017132893204689,
    "spike_active_fraction_gt_0p5": 0.0017961091361939907,
    "spike_count_per_sample_mean": 4.598039150238037,
    "first_spike_flat_index_mean": 389.63726806640625,
    "mem_abs_mean": 1.3559417724609375
  },
  "test": {
    "event_abs_mean": 0.015136719681322575,
    "event_active_fraction_gt_1e_6": 0.015136719681322575,
    "spike_mean": 0.040160324424505234,
    "spike_active_fraction_gt_0p5": 0.0017427884740754962,
    "spike_count_per_sample_mean": 4.461538791656494,
    "first_spike_flat_index_mean": 388.8077087402344,
    "mem_abs_mean": 1.355982780456543
  }
}