{
    "train_mae": 0.002369652060547238,
    "train_rmse": 0.003479380349181044,
    "test_mae": 0.0024892006339585996,
    "test_rmse": 0.003979224801732331,
    "per_parameter_mae_train": {
        "s": 0.004782762614639653,
        "t0": 0.0004397924277768689,
        "x0": 0.0018864011392251934
    },
    "per_parameter_mae_test": {
        "s": 0.005472136901497044,
        "t0": 0.0005519788183032868,
        "x0": 0.0014434861820754677
    },
    "per_parameter_rmse_train": {
        "s": 0.005586712151324409,
        "t0": 0.0005221639207661391,
        "x0": 0.0021986939352479106
    },
    "per_parameter_rmse_test": {
        "s": 0.006672192280566538,
        "t0": 0.0005711302205271424,
        "x0": 0.0016304448811640378
    },
    "train_data_loss": 0.7863064408302307,
    "train_physics_loss": 0.0030580805614590645,
    "train_total_loss": 0.7863064408302307,
    "train_actual_physics_residual": 2.364869966520189e-10,
    "test_data_loss": 0.8899937868118286,
    "test_physics_loss": 0.0043618823401629925,
    "test_total_loss": 0.8899937868118286,
    "test_actual_physics_residual": 3.2109151448800333e-10,
    "training_time_seconds": 1.3071846929997264,
    "evaluation_time_seconds": 0.015623594998032786,
    "parameter_names": [
        "s",
        "t0",
        "x0"
    ],
    "timestamp": "2026-05-26T08:14:39.470170"
}