{
    "train_mae": 0.0018913781297733427,
    "train_rmse": 0.0038056013581797463,
    "test_mae": 0.0022188108020764798,
    "test_rmse": 0.004260729607284022,
    "per_parameter_mae_train": {
        "s": 0.005674132899203915,
        "t0": 1.4901161138336505e-09,
        "x0": 0.0
    },
    "per_parameter_mae_test": {
        "s": 0.0066564309161133255,
        "t0": 1.4901161138336505e-09,
        "x0": 0.0
    },
    "per_parameter_rmse_train": {
        "s": 0.006591494905720277,
        "t0": 1.4901161138336503e-09,
        "x0": 0.0
    },
    "per_parameter_rmse_test": {
        "s": 0.0073798001571287655,
        "t0": 1.4901161138336505e-09,
        "x0": 0.0
    },
    "train_data_loss": 0.9551116824150085,
    "train_physics_loss": 0.004257009364664555,
    "train_total_loss": 0.9551116824150085,
    "train_actual_physics_residual": 2.7325863793947747e-10,
    "test_data_loss": 1.1972225904464722,
    "test_physics_loss": 0.005336125381290913,
    "test_total_loss": 1.1972225904464722,
    "test_actual_physics_residual": 3.07907949137487e-10,
    "training_time_seconds": 4.116516007998143,
    "evaluation_time_seconds": 0.05759179700180539,
    "parameter_names": [
        "s",
        "t0",
        "x0"
    ],
    "timestamp": "2026-05-24T21:24:20.546350"
}