{
    "train_mae": 0.0021128030524567676,
    "train_rmse": 0.00333139338083896,
    "test_mae": 0.002343836753837787,
    "test_rmse": 0.003594258415010382,
    "per_parameter_mae_train": {
        "s": 0.004911099383132235,
        "t0": 0.000504098851703425,
        "x0": 0.0009232109225346434
    },
    "per_parameter_mae_test": {
        "s": 0.004783090509202593,
        "t0": 0.0007447299744848279,
        "x0": 0.0015036897778259407
    },
    "per_parameter_rmse_train": {
        "s": 0.005625995861313179,
        "t0": 0.0005913205956338988,
        "x0": 0.0011371262442486604
    },
    "per_parameter_rmse_test": {
        "s": 0.00593188092617588,
        "t0": 0.0007670505930538041,
        "x0": 0.0017264132549842791
    },
    "train_data_loss": 0.6541303992271423,
    "train_physics_loss": 0.0031012403778731823,
    "train_total_loss": 0.6541303992271423,
    "train_actual_physics_residual": 2.6906588068698056e-10,
    "test_data_loss": 0.9857141375541687,
    "test_physics_loss": 0.0034476439468562603,
    "test_total_loss": 0.9857141375541687,
    "test_actual_physics_residual": 2.949215871517197e-10,
    "training_time_seconds": 2.135664346998965,
    "evaluation_time_seconds": 0.05298673799916287,
    "parameter_names": [
        "s",
        "t0",
        "x0"
    ],
    "timestamp": "2026-05-26T09:25:47.797411"
}