{
    "train_mae": 0.002618730750756378,
    "train_rmse": 0.003732591185911298,
    "test_mae": 0.0028161786022739784,
    "test_rmse": 0.004360744369502818,
    "per_parameter_mae_train": {
        "s": 0.005225333574226591,
        "t0": 0.00038473222232602206,
        "x0": 0.002246126455716521
    },
    "per_parameter_mae_test": {
        "s": 0.005283564790685369,
        "t0": 0.0001678595809135458,
        "x0": 0.002997111435223021
    },
    "per_parameter_rmse_train": {
        "s": 0.0058843441577220565,
        "t0": 0.00046375350681374144,
        "x0": 0.002637449033029528
    },
    "per_parameter_rmse_test": {
        "s": 0.006894438980174139,
        "t0": 0.00023050492184009046,
        "x0": 0.0030760125159229224
    },
    "train_data_loss": 0.741791307926178,
    "train_physics_loss": 0.003392614424228668,
    "train_total_loss": 0.741791307926178,
    "train_actual_physics_residual": 2.0537377354301611e-10,
    "test_data_loss": 0.779914379119873,
    "test_physics_loss": 0.004657277837395668,
    "test_total_loss": 0.779914379119873,
    "test_actual_physics_residual": 2.212605099138898e-10,
    "training_time_seconds": 4.011881346000337,
    "evaluation_time_seconds": 0.10905708199970832,
    "parameter_names": [
        "s",
        "t0",
        "x0"
    ],
    "timestamp": "2026-05-26T16:35:28.401941"
}