{
  "train": {
    "event_abs_mean": 0.014865451492369175,
    "event_active_fraction_gt_1e_6": 0.014865451492369175,
    "spike_mean": 0.04087787866592407,
    "spike_active_fraction_gt_0p5": 0.001757812569849193,
    "spike_count_per_sample_mean": 4.5,
    "first_spike_flat_index_mean": 775.4166870117188,
    "mem_abs_mean": 1.133379578590393
  },
  "test": {
    "event_abs_mean": 0.015299479477107525,
    "event_active_fraction_gt_1e_6": 0.015299479477107525,
    "spike_mean": 0.040806666016578674,
    "spike_active_fraction_gt_0p5": 0.0013671874767169356,
    "spike_count_per_sample_mean": 3.5,
    "first_spike_flat_index_mean": 1877.75,
    "mem_abs_mean": 1.131861686706543
  }
}