{
  "train": {
    "event_abs_mean": 0.015369690023362637,
    "event_active_fraction_gt_1e_6": 0.015369690023362637,
    "spike_mean": 0.05511433631181717,
    "spike_active_fraction_gt_0p5": 0.0021982232574373484,
    "spike_count_per_sample_mean": 5.627450942993164,
    "first_spike_flat_index_mean": 191.60784912109375,
    "mem_abs_mean": 0.7934654355049133
  },
  "test": {
    "event_abs_mean": 0.01522435899823904,
    "event_active_fraction_gt_1e_6": 0.01522435899823904,
    "spike_mean": 0.05512392893433571,
    "spike_active_fraction_gt_0p5": 0.0023437500931322575,
    "spike_count_per_sample_mean": 6.0,
    "first_spike_flat_index_mean": 168.0,
    "mem_abs_mean": 0.7945404052734375
  }
}