{
  "train": {
    "event_abs_mean": 0.015423943288624287,
    "event_active_fraction_gt_1e_6": 0.015423943288624287,
    "spike_mean": 0.1133161410689354,
    "spike_active_fraction_gt_0p5": 0.010692402720451355,
    "spike_count_per_sample_mean": 27.372549057006836,
    "first_spike_flat_index_mean": 21.86274528503418,
    "mem_abs_mean": 0.9760969877243042
  },
  "test": {
    "event_abs_mean": 0.01554988045245409,
    "event_active_fraction_gt_1e_6": 0.01554988045245409,
    "spike_mean": 0.11333397775888443,
    "spike_active_fraction_gt_0p5": 0.010561899282038212,
    "spike_count_per_sample_mean": 27.038461685180664,
    "first_spike_flat_index_mean": 21.0,
    "mem_abs_mean": 0.9763414859771729
  }
}