{
    "train_mae": 0.0019275856953730691,
    "train_rmse": 0.0039009946884298874,
    "test_mae": 0.0021987622448927983,
    "test_rmse": 0.004232042612071935,
    "per_parameter_mae_train": {
        "s": 0.005782755596003095,
        "t0": 1.4901161138336505e-09,
        "x0": 0.0
    },
    "per_parameter_mae_test": {
        "s": 0.006596285244562281,
        "t0": 1.4901161138336505e-09,
        "x0": 0.0
    },
    "per_parameter_rmse_train": {
        "s": 0.0067567210004167225,
        "t0": 1.4901161138336503e-09,
        "x0": 0.0
    },
    "per_parameter_rmse_test": {
        "s": 0.007330112823904944,
        "t0": 1.4901161138336505e-09,
        "x0": 0.0
    },
    "train_data_loss": 1.0035945177078247,
    "train_physics_loss": 0.00447310134768486,
    "train_total_loss": 1.0035945177078247,
    "train_actual_physics_residual": 2.7325863793947747e-10,
    "test_data_loss": 1.1811563968658447,
    "test_physics_loss": 0.00526451226323843,
    "test_total_loss": 1.1811563968658447,
    "test_actual_physics_residual": 3.07907949137487e-10,
    "training_time_seconds": 23.166454178001004,
    "evaluation_time_seconds": 0.33962725199671695,
    "parameter_names": [
        "s",
        "t0",
        "x0"
    ],
    "timestamp": "2026-05-24T22:14:47.279005"
}