{
    "train_mae": 0.001486372760420101,
    "train_rmse": 0.002522799965570038,
    "test_mae": 0.0017109007375930886,
    "test_rmse": 0.002938587989331838,
    "per_parameter_mae_train": {
        "s": 0.0031784441237074413,
        "t0": 0.0005008964060445016,
        "x0": 0.0007797777515083599
    },
    "per_parameter_mae_test": {
        "s": 0.0037528928287675197,
        "t0": 0.00047658564013741103,
        "x0": 0.000903223743874336
    },
    "per_parameter_rmse_train": {
        "s": 0.004210259282477242,
        "t0": 0.0005818277196682668,
        "x0": 0.0010142742616178347
    },
    "per_parameter_rmse_test": {
        "s": 0.004916308067178796,
        "t0": 0.0005960919215776861,
        "x0": 0.0011749414975897848
    },
    "train_data_loss": 0.45905259251594543,
    "train_physics_loss": 0.0017368198605254292,
    "train_total_loss": 0.45905259251594543,
    "train_actual_physics_residual": 2.6961671784064833e-10,
    "test_data_loss": 0.53541100025177,
    "test_physics_loss": 0.0023681800812482834,
    "test_total_loss": 0.53541100025177,
    "test_actual_physics_residual": 3.0572303022502467e-10,
    "training_time_seconds": 12.555413408001186,
    "evaluation_time_seconds": 0.059713441998610506,
    "parameter_names": [
        "s",
        "t0",
        "x0"
    ],
    "timestamp": "2026-05-24T05:44:41.562803"
}