{
    "train_mae": 0.001926750840773372,
    "train_rmse": 0.003901395500149717,
    "test_mae": 0.0022018158366943685,
    "test_rmse": 0.004236816643548958,
    "per_parameter_mae_train": {
        "s": 0.005780251032204003,
        "t0": 1.4901161138336505e-09,
        "x0": 0.0
    },
    "per_parameter_mae_test": {
        "s": 0.006605446019966992,
        "t0": 1.4901161138336505e-09,
        "x0": 0.0
    },
    "per_parameter_rmse_train": {
        "s": 0.006757415226679737,
        "t0": 1.4901161138336503e-09,
        "x0": 0.0
    },
    "per_parameter_rmse_test": {
        "s": 0.007338381688980082,
        "t0": 1.4901161138336505e-09,
        "x0": 0.0
    },
    "train_data_loss": 1.003798007965088,
    "train_physics_loss": 0.004474020563066006,
    "train_total_loss": 1.003798007965088,
    "train_actual_physics_residual": 2.7325863793947747e-10,
    "test_data_loss": 1.1838229894638062,
    "test_physics_loss": 0.005276396404951811,
    "test_total_loss": 1.1838229894638062,
    "test_actual_physics_residual": 3.07907949137487e-10,
    "training_time_seconds": 26.383263910000096,
    "evaluation_time_seconds": 0.3101809929976298,
    "parameter_names": [
        "s",
        "t0",
        "x0"
    ],
    "timestamp": "2026-05-24T21:46:48.916444"
}