{
  "observation_mode": "event_traces",
  "time_axis_size": 128,
  "records": [
    {
      "fraction": 0.25,
      "kept_steps": 32,
      "active_test_mae": 0.0012211820045358176,
      "test_mae": 0.0008141213363572117
    },
    {
      "fraction": 0.5,
      "kept_steps": 64,
      "active_test_mae": 0.0012208955870240243,
      "test_mae": 0.0008139303913493496
    },
    {
      "fraction": 0.75,
      "kept_steps": 96,
      "active_test_mae": 0.0012208955870240243,
      "test_mae": 0.0008139303913493496
    },
    {
      "fraction": 1.0,
      "kept_steps": 128,
      "active_test_mae": 0.0012208955870240243,
      "test_mae": 0.0008139303913493496
    }
  ]
}