{
    "train_mae": 6.949796775253721e-07,
    "train_rmse": 1.296358263844632e-06,
    "test_mae": 1.114974692932657e-06,
    "test_rmse": 2.02220881119915e-06,
    "per_parameter_mae_train": {
        "alpha": 4.1354986334063427e-07,
        "beta": 0.0,
        "gamma": 1.6713891692354821e-06
    },
    "per_parameter_mae_test": {
        "alpha": 2.540003824412297e-07,
        "beta": 0.0,
        "gamma": 3.0909236963567414e-06
    },
    "per_parameter_rmse_train": {
        "alpha": 5.630276797463697e-07,
        "beta": 0.0,
        "gamma": 2.173622339909632e-06
    },
    "per_parameter_rmse_test": {
        "alpha": 2.853338344984826e-07,
        "beta": 0.0,
        "gamma": 3.490926815498261e-06
    },
    "train_data_loss": 1.6805447482382684e-12,
    "train_physics_loss": 2.0126089847098144e-10,
    "train_total_loss": 2.029414432192197e-10,
    "train_actual_physics_residual": 2.0126089847098144e-10,
    "test_data_loss": 4.08932847609148e-12,
    "test_physics_loss": 2.0294950481772326e-10,
    "test_total_loss": 2.0703883329381474e-10,
    "test_actual_physics_residual": 2.0294950481772326e-10,
    "training_time_seconds": 0.5266509859993675,
    "evaluation_time_seconds": 6.475000191130675e-06,
    "parameter_names": [
        "alpha",
        "beta",
        "gamma"
    ],
    "timestamp": "2026-07-01T15:28:57.813179"
}