{
    "train_mae": 8.359830488028879e-05,
    "train_rmse": 0.00015837499400803292,
    "test_mae": 0.0001334253189148287,
    "test_rmse": 0.0002918343711826453,
    "per_parameter_mae_train": {
        "D": 2.2305505015805663e-06,
        "r": 0.000164966059258997
    },
    "per_parameter_mae_test": {
        "D": 1.98067178422482e-06,
        "r": 0.0002648699660454326
    },
    "per_parameter_rmse_train": {
        "D": 2.5779579078005008e-06,
        "r": 0.00022396122786570564
    },
    "per_parameter_rmse_test": {
        "D": 2.395615376105548e-06,
        "r": 0.00041270917294641
    },
    "train_data_loss": 0.0008087168098427355,
    "train_physics_loss": 3.836167081772146e-07,
    "train_total_loss": 0.0008087168098427355,
    "train_actual_physics_residual": 3.818009588485438e-07,
    "test_data_loss": 0.0007379589951597154,
    "test_physics_loss": 3.75403175212341e-07,
    "test_total_loss": 0.0007379589951597154,
    "test_actual_physics_residual": 3.724001942373434e-07,
    "training_time_seconds": 79.52059254400228,
    "evaluation_time_seconds": 0.1379426200001035,
    "parameter_names": [
        "D",
        "r"
    ],
    "timestamp": "2026-05-11T02:41:30.244946"
}