{
    "train_mae": 0.001338256072632301,
    "train_rmse": 0.0021294737383041446,
    "test_mae": 0.002380261929901118,
    "test_rmse": 0.0036967761357382736,
    "per_parameter_mae_train": {
        "s": 0.0028394485061896896,
        "t0": 0.000398119984766914,
        "x0": 0.0007771997269402995
    },
    "per_parameter_mae_test": {
        "s": 0.0050072422400497035,
        "t0": 0.0004896924083885851,
        "x0": 0.0016438511412650654
    },
    "per_parameter_rmse_train": {
        "s": 0.0035293437806851605,
        "t0": 0.0004623902841292158,
        "x0": 0.0009663865216687201
    },
    "per_parameter_rmse_test": {
        "s": 0.006038545550028948,
        "t0": 0.0006150507935519398,
        "x0": 0.0020386617068235543
    },
    "train_data_loss": 0.3112660348415375,
    "train_physics_loss": 0.001220467034727335,
    "train_total_loss": 0.3112660348415375,
    "train_actual_physics_residual": 2.6961671784064833e-10,
    "test_data_loss": 0.7630398273468018,
    "test_physics_loss": 0.0035727391950786114,
    "test_total_loss": 0.7630398273468018,
    "test_actual_physics_residual": 3.0572303022502467e-10,
    "training_time_seconds": 18.57661710100001,
    "evaluation_time_seconds": 0.20634904700000334,
    "parameter_names": [
        "s",
        "t0",
        "x0"
    ],
    "timestamp": "2026-05-26T05:10:52.705259"
}