{
  "train_observed_forward_residual": {
    "mean": 0.0014050375999428975,
    "median": 0.0014115933035615798,
    "max": 0.0015680924032552576,
    "mse": 1.9791019829375986e-06
  },
  "test_observed_forward_residual": {
    "mean": 0.0014174308735518195,
    "median": 0.0014397409574032547,
    "max": 0.001542864464683359,
    "mse": 2.017466097328753e-06
  },
  "train_clean_forward_residual": {
    "mean": 0.00011434066758091162,
    "median": 0.00010356529935491902,
    "max": 0.00024211191333160448,
    "mse": 1.6307641115794378e-08
  },
  "test_clean_forward_residual": {
    "mean": 0.00015525307392914603,
    "median": 0.000167648287509008,
    "max": 0.0002209540385769771,
    "mse": 2.5380816380061432e-08
  },
  "train_observation_noise_floor": {
    "mean": 0.001410856490247534,
    "median": 0.0014169152917322017,
    "max": 0.0015721282214450946,
    "mse": 1.995410567016611e-06
  },
  "test_observation_noise_floor": {
    "mean": 0.0014262986068046002,
    "median": 0.0014494687025661745,
    "max": 0.0015470605833430198,
    "mse": 2.042845010693283e-06
  }
}
